/*
SQLyog ä¼ä¸šç‰ˆ - MySQL GUI v8.14 
MySQL - 5.5.27 : Database - salary-management-system
*********************************************************************
*/

/*!40101 SET NAMES utf8 */;

/*!40101 SET SQL_MODE=''*/;

/*!40014 SET @OLD_UNIQUE_CHECKS=@@UNIQUE_CHECKS, UNIQUE_CHECKS=0 */;
/*!40101 SET @OLD_SQL_MODE=@@SQL_MODE, SQL_MODE='NO_AUTO_VALUE_ON_ZERO' */;
/*!40111 SET @OLD_SQL_NOTES=@@SQL_NOTES, SQL_NOTES=0 */;
CREATE DATABASE /*!32312 IF NOT EXISTS*/`salary-management-system` /*!40100 DEFAULT CHARACTER SET utf8mb4 */;

/*Table structure for table `gen_table` */

DROP TABLE IF EXISTS `gen_table`;

CREATE TABLE `gen_table` (
  `table_id` bigint(20) NOT NULL AUTO_INCREMENT COMMENT 'ç¼–å·',
  `table_name` varchar(200) DEFAULT '' COMMENT 'è¡¨åç§°',
  `table_comment` varchar(500) DEFAULT '' COMMENT 'è¡¨æè¿°',
  `sub_table_name` varchar(64) DEFAULT NULL COMMENT 'å…³è”å­è¡¨çš„è¡¨å',
  `sub_table_fk_name` varchar(64) DEFAULT NULL COMMENT 'å­è¡¨å…³è”çš„å¤–é”®å',
  `class_name` varchar(100) DEFAULT '' COMMENT 'å®ä½“ç±»åç§°',
  `tpl_category` varchar(200) DEFAULT 'crud' COMMENT 'ä½¿ç”¨çš„æ¨¡æ¿ï¼ˆcrudå•è¡¨æ“ä½œ treeæ ‘è¡¨æ“ä½œ subä¸»å­è¡¨æ“ä½œï¼‰',
  `package_name` varchar(100) DEFAULT NULL COMMENT 'ç”ŸæˆåŒ…è·¯å¾„',
  `module_name` varchar(30) DEFAULT NULL COMMENT 'ç”Ÿæˆæ¨¡å—å',
  `business_name` varchar(30) DEFAULT NULL COMMENT 'ç”Ÿæˆä¸šåŠ¡å',
  `function_name` varchar(50) DEFAULT NULL COMMENT 'ç”ŸæˆåŠŸèƒ½å',
  `function_author` varchar(50) DEFAULT NULL COMMENT 'ç”ŸæˆåŠŸèƒ½ä½œè€…',
  `gen_type` char(1) DEFAULT '0' COMMENT 'ç”Ÿæˆä»£ç æ–¹å¼ï¼ˆ0zipå‹ç¼©åŒ… 1è‡ªå®šä¹‰è·¯å¾„ï¼‰',
  `gen_path` varchar(200) DEFAULT '/' COMMENT 'ç”Ÿæˆè·¯å¾„ï¼ˆä¸å¡«é»˜è®¤é¡¹ç›®è·¯å¾„ï¼‰',
  `options` varchar(1000) DEFAULT NULL COMMENT 'å…¶å®ƒç”Ÿæˆé€‰é¡¹',
  `create_by` varchar(64) DEFAULT '' COMMENT 'åˆ›å»ºè€…',
  `create_time` datetime DEFAULT NULL COMMENT 'åˆ›å»ºæ—¶é—´',
  `update_by` varchar(64) DEFAULT '' COMMENT 'æ›´æ–°è€…',
  `update_time` datetime DEFAULT NULL COMMENT 'æ›´æ–°æ—¶é—´',
  `remark` varchar(500) DEFAULT NULL COMMENT 'å¤‡æ³¨',
  PRIMARY KEY (`table_id`) USING BTREE
) ENGINE=InnoDB AUTO_INCREMENT=11 DEFAULT CHARSET=utf8 ROW_FORMAT=DYNAMIC COMMENT='ä»£ç ç”Ÿæˆä¸šåŠ¡è¡¨';

/*Data for the table `gen_table` */

insert  into `gen_table`(`table_id`,`table_name`,`table_comment`,`sub_table_name`,`sub_table_fk_name`,`class_name`,`tpl_category`,`package_name`,`module_name`,`business_name`,`function_name`,`function_author`,`gen_type`,`gen_path`,`options`,`create_by`,`create_time`,`update_by`,`update_time`,`remark`) values (1,'tbl_student_teacher','',NULL,NULL,'TblStudentTeacher','crud','com.ruoyi.project.system','system','teacher',NULL,'ruoyi','0','/',NULL,'admin','2021-05-19 19:53:26','',NULL,NULL),(4,'tbl_communication','',NULL,NULL,'TblCommunication','crud','com.ruoyi.project.system','system','communication',NULL,'ruoyi','0','/',NULL,'admin','2021-05-20 20:59:11','',NULL,NULL),(5,'tbl_evaluate','è¯„ä»·è¡¨','',NULL,'TblEvaluate','crud','com.ruoyi.project.system','system','evaluate','è¯„ä»·','ruoyi','0','/','{\"parentMenuId\":\"2010\",\"treeName\":\"\",\"treeParentCode\":\"\",\"parentMenuName\":\"æˆ‘çš„å­¦ç”Ÿ\",\"treeCode\":\"\"}','admin','2021-05-20 23:47:19','','2021-05-20 23:47:40',''),(7,'tbl_task','q','',NULL,'TblTask','crud','com.ruoyi.project.system','system','task','1','ruoyi','0','/','{\"parentMenuId\":\"106\",\"treeName\":\"\",\"treeParentCode\":\"\",\"parentMenuName\":\"å‚æ•°è®¾ç½®\",\"treeCode\":\"\"}','admin','2021-05-22 01:06:23','','2021-05-22 01:37:36',''),(8,'tbl_record','æŒ‡å¯¼è®°å½•è¡¨','',NULL,'TblRecord','crud','com','system','record','æŒ‡å¯¼è®°å½•','a','0','/','{\"parentMenuId\":\"107\",\"treeName\":\"\",\"treeParentCode\":\"\",\"parentMenuName\":\"é€šçŸ¥å…¬å‘Š\",\"treeCode\":\"\"}','admin','2021-05-22 14:26:02','','2021-05-22 14:26:51',''),(9,'tbl_teacher','æ•™å¸ˆä¿¡æ¯è¡¨','',NULL,'TblTeacher','crud','com','system','teacher','æ•™å¸ˆä¿¡æ¯','author','0','/','{\"parentMenuId\":\"100\",\"treeName\":\"\",\"treeParentCode\":\"\",\"parentMenuName\":\"ç”¨æˆ·ç®¡ç†\",\"treeCode\":\"\"}','admin','2021-05-22 18:51:52','','2021-05-22 18:52:35','æ•™å¸ˆä¿¡æ¯è¡¨'),(10,'tbl_student','å­¸ç”Ÿä¿¡æ¯è¡¨','',NULL,'TblStudent','crud','com.ruoyi.project.system','system','student','å­¸ç”Ÿä¿¡æ¯','ruoyi','0','/','{\"parentMenuId\":\"106\",\"treeName\":\"\",\"treeParentCode\":\"\",\"parentMenuName\":\"å‚æ•°è®¾ç½®\",\"treeCode\":\"\"}','admin','2021-05-23 00:22:35','','2021-05-23 00:22:57','');

/*Table structure for table `gen_table_column` */

DROP TABLE IF EXISTS `gen_table_column`;

CREATE TABLE `gen_table_column` (
  `column_id` bigint(20) NOT NULL AUTO_INCREMENT COMMENT 'ç¼–å·',
  `table_id` varchar(64) DEFAULT NULL COMMENT 'å½’å±è¡¨ç¼–å·',
  `column_name` varchar(200) DEFAULT NULL COMMENT 'åˆ—åç§°',
  `column_comment` varchar(500) DEFAULT NULL COMMENT 'åˆ—æè¿°',
  `column_type` varchar(100) DEFAULT NULL COMMENT 'åˆ—ç±»å‹',
  `java_type` varchar(500) DEFAULT NULL COMMENT 'JAVAç±»å‹',
  `java_field` varchar(200) DEFAULT NULL COMMENT 'JAVAå­—æ®µå',
  `is_pk` char(1) DEFAULT NULL COMMENT 'æ˜¯å¦ä¸»é”®ï¼ˆ1æ˜¯ï¼‰',
  `is_increment` char(1) DEFAULT NULL COMMENT 'æ˜¯å¦è‡ªå¢ï¼ˆ1æ˜¯ï¼‰',
  `is_required` char(1) DEFAULT NULL COMMENT 'æ˜¯å¦å¿…å¡«ï¼ˆ1æ˜¯ï¼‰',
  `is_insert` char(1) DEFAULT NULL COMMENT 'æ˜¯å¦ä¸ºæ’å…¥å­—æ®µï¼ˆ1æ˜¯ï¼‰',
  `is_edit` char(1) DEFAULT NULL COMMENT 'æ˜¯å¦ç¼–è¾‘å­—æ®µï¼ˆ1æ˜¯ï¼‰',
  `is_list` char(1) DEFAULT NULL COMMENT 'æ˜¯å¦åˆ—è¡¨å­—æ®µï¼ˆ1æ˜¯ï¼‰',
  `is_query` char(1) DEFAULT NULL COMMENT 'æ˜¯å¦æŸ¥è¯¢å­—æ®µï¼ˆ1æ˜¯ï¼‰',
  `query_type` varchar(200) DEFAULT 'EQ' COMMENT 'æŸ¥è¯¢æ–¹å¼ï¼ˆç­‰äºã€ä¸ç­‰äºã€å¤§äºã€å°äºã€èŒƒå›´ï¼‰',
  `html_type` varchar(200) DEFAULT NULL COMMENT 'æ˜¾ç¤ºç±»å‹ï¼ˆæ–‡æœ¬æ¡†ã€æ–‡æœ¬åŸŸã€ä¸‹æ‹‰æ¡†ã€å¤é€‰æ¡†ã€å•é€‰æ¡†ã€æ—¥æœŸæ§ä»¶ï¼‰',
  `dict_type` varchar(200) DEFAULT '' COMMENT 'å­—å…¸ç±»å‹',
  `sort` int(11) DEFAULT NULL COMMENT 'æ’åº',
  `create_by` varchar(64) DEFAULT '' COMMENT 'åˆ›å»ºè€…',
  `create_time` datetime DEFAULT NULL COMMENT 'åˆ›å»ºæ—¶é—´',
  `update_by` varchar(64) DEFAULT '' COMMENT 'æ›´æ–°è€…',
  `update_time` datetime DEFAULT NULL COMMENT 'æ›´æ–°æ—¶é—´',
  PRIMARY KEY (`column_id`) USING BTREE
) ENGINE=InnoDB AUTO_INCREMENT=73 DEFAULT CHARSET=utf8 ROW_FORMAT=DYNAMIC COMMENT='ä»£ç ç”Ÿæˆä¸šåŠ¡è¡¨å­—æ®µ';

/*Data for the table `gen_table_column` */

insert  into `gen_table_column`(`column_id`,`table_id`,`column_name`,`column_comment`,`column_type`,`java_type`,`java_field`,`is_pk`,`is_increment`,`is_required`,`is_insert`,`is_edit`,`is_list`,`is_query`,`query_type`,`html_type`,`dict_type`,`sort`,`create_by`,`create_time`,`update_by`,`update_time`) values (1,'1','id','ä¸»é”®','bigint(20)','Long','id','1','0',NULL,'1',NULL,NULL,NULL,'EQ','input','',1,'admin','2021-05-19 19:53:26','',NULL),(2,'1','student_id',NULL,'int(11)','Long','studentId','0','0',NULL,'1','1','1','1','EQ','input','',2,'admin','2021-05-19 19:53:26','',NULL),(3,'1','teacher_id',NULL,'int(11)','Long','teacherId','0','0',NULL,'1','1','1','1','EQ','input','',3,'admin','2021-05-19 19:53:26','',NULL),(4,'1','state','é€‰æ‹©çŠ¶æ€ 1ï¼šå­¦ç”Ÿé€‰æ‹©å¯¼å¸ˆ 2ï¼šå­¦ç”Ÿå¯¼å¸ˆäº’ç›¸é€‰æ‹© 0ï¼šå­¦ç”Ÿé€‰æ‹©å¯¼å¸ˆï¼Œå¯¼å¸ˆæ²¡åŒæ„','varchar(255)','String','state','0','0',NULL,'1','1','1','1','EQ','input','',4,'admin','2021-05-19 19:53:26','',NULL),(14,'4','id','ä¸»é”®','bigint(20)','Long','id','1','1',NULL,'1',NULL,NULL,NULL,'EQ','input','',1,'admin','2021-05-20 20:59:11','',NULL),(15,'4','stu_id','å­¦ç”Ÿid','bigint(20)','Long','stuId','0','0',NULL,'1','1','1','1','EQ','input','',2,'admin','2021-05-20 20:59:11','',NULL),(16,'4','tea_id','è€å¸ˆid','bigint(20)','Long','teaId','0','0',NULL,'1','1','1','1','EQ','input','',3,'admin','2021-05-20 20:59:11','',NULL),(17,'4','stu_name','å­¦ç”Ÿåå­—','varchar(255)','String','stuName','0','0',NULL,'1','1','1','1','LIKE','input','',4,'admin','2021-05-20 20:59:11','',NULL),(18,'4','tea_name','æ•™å¸ˆåå­—','varchar(255)','String','teaName','0','0',NULL,'1','1','1','1','LIKE','input','',5,'admin','2021-05-20 20:59:11','',NULL),(19,'4','detail','äº¤æµè¯¦æƒ…','varchar(2000)','String','detail','0','0',NULL,'1','1','1','1','EQ','textarea','',6,'admin','2021-05-20 20:59:11','',NULL),(20,'4','create_time','åˆ›å»ºæ—¶é—´','varchar(30)','String','createTime','0','0',NULL,'1',NULL,NULL,NULL,'EQ','input','',7,'admin','2021-05-20 20:59:11','',NULL),(21,'5','id','ä¸»é”®','bigint(20)','Long','id','1','1',NULL,'1',NULL,NULL,NULL,'EQ','input','',1,'admin','2021-05-20 23:47:19',NULL,'2021-05-20 23:47:40'),(22,'5','pj_id','è¯„ä»·äººid','bigint(20)','Long','pjId','0','0',NULL,'1','1','1','1','EQ','input','',2,'admin','2021-05-20 23:47:19',NULL,'2021-05-20 23:47:40'),(23,'5','pj_name','è¯„ä»·äººå§“å','varchar(255)','String','pjName','0','0',NULL,'1','1','1','1','LIKE','input','',3,'admin','2021-05-20 23:47:19',NULL,'2021-05-20 23:47:40'),(24,'5','bjp_id','è¢«è¯„ä»·äººid','bigint(20)','Long','bjpId','0','0',NULL,'1','1','1','1','EQ','input','',4,'admin','2021-05-20 23:47:19',NULL,'2021-05-20 23:47:40'),(25,'5','bpj_name','è¢«è¯„ä»·äººå§“å','varchar(255)','String','bpjName','0','0',NULL,'1','1','1','1','LIKE','input','',5,'admin','2021-05-20 23:47:19',NULL,'2021-05-20 23:47:40'),(26,'5','detail','è¯„ä»·å†…å®¹','varchar(1000)','String','detail','0','0',NULL,'1','1','1','1','EQ','textarea','',6,'admin','2021-05-20 23:47:19',NULL,'2021-05-20 23:47:40'),(27,'5','create_time','åˆ›å»ºæ—¶é—´','varchar(30)','String','createTime','0','0',NULL,'1',NULL,NULL,NULL,'EQ','input','',7,'admin','2021-05-20 23:47:19',NULL,'2021-05-20 23:47:40'),(41,'7','id','ä¸»é”®','bigint(20)','Long','id','1','1',NULL,'1',NULL,NULL,NULL,'EQ','input','',1,'admin','2021-05-22 01:06:23',NULL,'2021-05-22 01:37:36'),(42,'7','bz_id','å¯¼å¸ˆid','bigint(11)','Long','bzId','0','0',NULL,'1','1','1','1','EQ','input','',2,'admin','2021-05-22 01:06:23',NULL,'2021-05-22 01:37:36'),(43,'7','bz_name','å¯¼å¸ˆåç§°','varchar(255)','String','bzName','0','0',NULL,'1','1','1','1','LIKE','input','',3,'admin','2021-05-22 01:06:23',NULL,'2021-05-22 01:37:36'),(44,'7','js_id','å­¦ç”Ÿid','bigint(11)','Long','jsId','0','0',NULL,'1','1','1','1','EQ','input','',4,'admin','2021-05-22 01:06:23',NULL,'2021-05-22 01:37:36'),(45,'7','title','ä½œä¸šæ ‡é¢˜','varchar(255)','String','title','0','0',NULL,'1','1','1','1','EQ','input','',5,'admin','2021-05-22 01:06:23',NULL,'2021-05-22 01:37:36'),(46,'7','js_name','å­¦ç”Ÿåç§°','varchar(255)','String','jsName','0','0',NULL,'1','1','1','1','LIKE','input','',6,'admin','2021-05-22 01:06:23',NULL,'2021-05-22 01:37:36'),(47,'7','speed','è¿›åº¦ 1.æœªå®Œæˆ2.å·²å®Œæˆ','varchar(255)','String','speed','0','0',NULL,'1','1','1','1','EQ','input','',7,'admin','2021-05-22 01:06:23',NULL,'2021-05-22 01:37:36'),(48,'7','grade','æˆç»©','varchar(255)','String','grade','0','0',NULL,'1','1','1','1','EQ','radio','sys_user_grade',8,'admin','2021-05-22 01:06:23',NULL,'2021-05-22 01:37:36'),(49,'7','detail','ä»»åŠ¡æè¿°','varchar(2000)','String','detail','0','0',NULL,'1','1','1','1','EQ','textarea','',9,'admin','2021-05-22 01:06:23',NULL,'2021-05-22 01:37:36'),(50,'7','file_path_bz','ä»»åŠ¡è·¯å¾„','varchar(255)','String','filePathBz','0','0',NULL,'1','1','1','1','EQ','input','',10,'admin','2021-05-22 01:06:23',NULL,'2021-05-22 01:37:36'),(51,'7','create_time','ä»»åŠ¡åˆ›å»ºæ—¶é—´','varchar(30)','String','createTime','0','0',NULL,'1',NULL,NULL,NULL,'EQ','input','',11,'admin','2021-05-22 01:06:23',NULL,'2021-05-22 01:37:36'),(52,'7','grade_time','æˆç»©å…¬å¸ƒæ—¶é—´','varchar(30)','String','gradeTime','0','0',NULL,'1','1','1','1','EQ','input','',12,'admin','2021-05-22 01:06:23',NULL,'2021-05-22 01:37:36'),(53,'7','speed_time','è¿›åº¦æ·»åŠ æ—¶é—´','varchar(30)','String','speedTime','0','0',NULL,'1','1','1','1','EQ','input','',13,'admin','2021-05-22 01:06:23',NULL,'2021-05-22 01:37:36'),(54,'7','file_path_js','ä½œä¸šè·¯å¾„','varchar(255)','String','filePathJs','0','0',NULL,'1','1','1','1','EQ','input','',14,'admin','2021-05-22 01:06:23',NULL,'2021-05-22 01:37:36'),(55,'8','id','ä¸»é”®','bigint(20)','Long','id','1','1',NULL,'1',NULL,'1','1','EQ','input','',1,'admin','2021-05-22 14:26:02',NULL,'2021-05-22 14:26:51'),(56,'8','task_id','ä»»åŠ¡ä¸»é”®','bigint(20)','Long','taskId','0','0',NULL,'1','1','1','1','EQ','input','',2,'admin','2021-05-22 14:26:02',NULL,'2021-05-22 14:26:51'),(57,'8','task_title','ä»»åŠ¡æ ‡é¢˜','varchar(255)','String','taskTitle','0','0',NULL,'1','1','1','1','EQ','input','',3,'admin','2021-05-22 14:26:02',NULL,'2021-05-22 14:26:51'),(58,'8','detail','è¯¦æƒ…','varchar(2000)','String','detail','0','0',NULL,'1','1','1','1','EQ','textarea','',4,'admin','2021-05-22 14:26:02',NULL,'2021-05-22 14:26:51'),(59,'8','image_path','é™„ä»¶è·¯å¾„','varchar(512)','String','imagePath','0','0',NULL,'1','1','1','1','EQ','textarea','',5,'admin','2021-05-22 14:26:02',NULL,'2021-05-22 14:26:51'),(60,'8','cteate_time','åˆ›å»ºæ—¶é—´','datetime','Date','cteateTime','0','0',NULL,'1','1','1','1','EQ','datetime','',6,'admin','2021-05-22 14:26:02',NULL,'2021-05-22 14:26:51'),(61,'9','id','ä¸»é”®','bigint(20)','Long','id','1','1',NULL,'1',NULL,NULL,NULL,'EQ','input','',1,'admin','2021-05-22 18:51:52',NULL,'2021-05-22 18:52:35'),(62,'9','user_id','å¤–é”®','bigint(20)','Long','userId','0','0',NULL,'1','1','1','1','EQ','input','',2,'admin','2021-05-22 18:51:52',NULL,'2021-05-22 18:52:35'),(63,'9','xueli','å­¦å†/æ¯•ä¸šé™¢æ ¡','varchar(255)','String','xueli','0','0',NULL,'1','1','1','1','EQ','input','',3,'admin','2021-05-22 18:51:52',NULL,'2021-05-22 18:52:35'),(64,'9','zhicheng','èŒç§°','varchar(255)','String','zhicheng','0','0',NULL,'1','1','1','1','EQ','input','',4,'admin','2021-05-22 18:51:52',NULL,'2021-05-22 18:52:35'),(65,'9','bgdd','åŠå…¬åœ°ç‚¹','varchar(255)','String','bgdd','0','0',NULL,'1','1','1','1','EQ','input','',5,'admin','2021-05-22 18:51:52',NULL,'2021-05-22 18:52:35'),(66,'9','yjfx','ç ”ç©¶æ–¹å‘','varchar(255)','String','yjfx','0','0',NULL,'1','1','1','1','EQ','input','',6,'admin','2021-05-22 18:51:52',NULL,'2021-05-22 18:52:35'),(67,'10','id','ä¸»é”®','bigint(20)','Long','id','1','1',NULL,'1',NULL,NULL,NULL,'EQ','input','',1,'admin','2021-05-23 00:22:35',NULL,'2021-05-23 00:22:57'),(68,'10','user_id','å…³è”è¡¨ä¸»é”®','bigint(20)','Long','userId','0','0','1','1','1','1','1','EQ','input','',2,'admin','2021-05-23 00:22:35',NULL,'2021-05-23 00:22:57'),(69,'10','xueli','å­¦å†','varchar(255)','String','xueli','0','0',NULL,'1','1','1','1','EQ','input','',3,'admin','2021-05-23 00:22:35',NULL,'2021-05-23 00:22:57'),(70,'10','yjfx','æ„å‘ç ”ç©¶æ–¹å‘','varchar(1000)','String','yjfx','0','0',NULL,'1','1','1','1','EQ','textarea','',4,'admin','2021-05-23 00:22:35',NULL,'2021-05-23 00:22:57'),(71,'10','mz','åæ—','varchar(255)','String','mz','0','0',NULL,'1','1','1','1','EQ','input','',5,'admin','2021-05-23 00:22:35',NULL,'2021-05-23 00:22:57'),(72,'10','hkszd','æˆ·å£æ‰€åœ¨åœ°','varchar(255)','String','hkszd','0','0',NULL,'1','1','1','1','EQ','input','',6,'admin','2021-05-23 00:22:35',NULL,'2021-05-23 00:22:57');

/*Table structure for table `qrtz_blob_triggers` */

DROP TABLE IF EXISTS `qrtz_blob_triggers`;

CREATE TABLE `qrtz_blob_triggers` (
  `sched_name` varchar(120) NOT NULL,
  `trigger_name` varchar(200) NOT NULL,
  `trigger_group` varchar(200) NOT NULL,
  `blob_data` blob,
  PRIMARY KEY (`sched_name`,`trigger_name`,`trigger_group`) USING BTREE,
  CONSTRAINT `qrtz_blob_triggers_ibfk_1` FOREIGN KEY (`sched_name`, `trigger_name`, `trigger_group`) REFERENCES `qrtz_triggers` (`sched_name`, `trigger_name`, `trigger_group`)
) ENGINE=InnoDB DEFAULT CHARSET=utf8 ROW_FORMAT=DYNAMIC;

/*Data for the table `qrtz_blob_triggers` */

/*Table structure for table `qrtz_calendars` */

DROP TABLE IF EXISTS `qrtz_calendars`;

CREATE TABLE `qrtz_calendars` (
  `sched_name` varchar(120) NOT NULL,
  `calendar_name` varchar(200) NOT NULL,
  `calendar` blob NOT NULL,
  PRIMARY KEY (`sched_name`,`calendar_name`) USING BTREE
) ENGINE=InnoDB DEFAULT CHARSET=utf8 ROW_FORMAT=DYNAMIC;

/*Data for the table `qrtz_calendars` */

/*Table structure for table `qrtz_cron_triggers` */

DROP TABLE IF EXISTS `qrtz_cron_triggers`;

CREATE TABLE `qrtz_cron_triggers` (
  `sched_name` varchar(120) NOT NULL,
  `trigger_name` varchar(200) NOT NULL,
  `trigger_group` varchar(200) NOT NULL,
  `cron_expression` varchar(200) NOT NULL,
  `time_zone_id` varchar(80) DEFAULT NULL,
  PRIMARY KEY (`sched_name`,`trigger_name`,`trigger_group`) USING BTREE,
  CONSTRAINT `qrtz_cron_triggers_ibfk_1` FOREIGN KEY (`sched_name`, `trigger_name`, `trigger_group`) REFERENCES `qrtz_triggers` (`sched_name`, `trigger_name`, `trigger_group`)
) ENGINE=InnoDB DEFAULT CHARSET=utf8 ROW_FORMAT=DYNAMIC;

/*Data for the table `qrtz_cron_triggers` */

insert  into `qrtz_cron_triggers`(`sched_name`,`trigger_name`,`trigger_group`,`cron_expression`,`time_zone_id`) values ('RuoyiScheduler','TASK_CLASS_NAME1','DEFAULT','0/10 * * * * ?','Asia/Shanghai'),('RuoyiScheduler','TASK_CLASS_NAME2','DEFAULT','0/15 * * * * ?','Asia/Shanghai'),('RuoyiScheduler','TASK_CLASS_NAME3','DEFAULT','0/20 * * * * ?','Asia/Shanghai');

/*Table structure for table `qrtz_fired_triggers` */

DROP TABLE IF EXISTS `qrtz_fired_triggers`;

CREATE TABLE `qrtz_fired_triggers` (
  `sched_name` varchar(120) NOT NULL,
  `entry_id` varchar(95) NOT NULL,
  `trigger_name` varchar(200) NOT NULL,
  `trigger_group` varchar(200) NOT NULL,
  `instance_name` varchar(200) NOT NULL,
  `fired_time` bigint(13) NOT NULL,
  `sched_time` bigint(13) NOT NULL,
  `priority` int(11) NOT NULL,
  `state` varchar(16) NOT NULL,
  `job_name` varchar(200) DEFAULT NULL,
  `job_group` varchar(200) DEFAULT NULL,
  `is_nonconcurrent` varchar(1) DEFAULT NULL,
  `requests_recovery` varchar(1) DEFAULT NULL,
  PRIMARY KEY (`sched_name`,`entry_id`) USING BTREE
) ENGINE=InnoDB DEFAULT CHARSET=utf8 ROW_FORMAT=DYNAMIC;

/*Data for the table `qrtz_fired_triggers` */

/*Table structure for table `qrtz_job_details` */

DROP TABLE IF EXISTS `qrtz_job_details`;

CREATE TABLE `qrtz_job_details` (
  `sched_name` varchar(120) NOT NULL,
  `job_name` varchar(200) NOT NULL,
  `job_group` varchar(200) NOT NULL,
  `description` varchar(250) DEFAULT NULL,
  `job_class_name` varchar(250) NOT NULL,
  `is_durable` varchar(1) NOT NULL,
  `is_nonconcurrent` varchar(1) NOT NULL,
  `is_update_data` varchar(1) NOT NULL,
  `requests_recovery` varchar(1) NOT NULL,
  `job_data` blob,
  PRIMARY KEY (`sched_name`,`job_name`,`job_group`) USING BTREE
) ENGINE=InnoDB DEFAULT CHARSET=utf8 ROW_FORMAT=DYNAMIC;

/*Data for the table `qrtz_job_details` */

insert  into `qrtz_job_details`(`sched_name`,`job_name`,`job_group`,`description`,`job_class_name`,`is_durable`,`is_nonconcurrent`,`is_update_data`,`requests_recovery`,`job_data`) values ('RuoyiScheduler','TASK_CLASS_NAME1','DEFAULT',NULL,'com.salary.project.monitor.job.util.QuartzDisallowConcurrentExecution','0','1','0','0','ï¿½ï¿½\0sr\0org.quartz.JobDataMapï¿½ï¿½ï¿½è¿©ï¿½ï¿½\0\0xr\0&org.quartz.utils.StringKeyDirtyFlagMapï¿½ï¿½ï¿½ï¿½ï¿½](\0Z\0allowsTransientDataxr\0org.quartz.utils.DirtyFlagMapï¿½.ï¿½(v\nï¿½\0Z\0dirtyL\0mapt\0Ljava/util/Map;xpsr\0java.util.HashMapï¿½ï¿½ï¿½`ï¿½\0F\0\nloadFactorI\0	thresholdxp?@\0\0\0\0\0w\0\0\0\0\0\0t\0TASK_PROPERTIESsr\0)com.salary.project.monitor.job.domain.Job\0\0\0\0\0\0\0\0L\0\nconcurrentt\0Ljava/lang/String;L\0cronExpressionq\0~\0	L\0invokeTargetq\0~\0	L\0jobGroupq\0~\0	L\0jobIdt\0Ljava/lang/Long;L\0jobNameq\0~\0	L\0\rmisfirePolicyq\0~\0	L\0statusq\0~\0	xr\0*com.salary.framework.web.domain.BaseEntity\0\0\0\0\0\0\0\0L\0createByq\0~\0	L\0\ncreateTimet\0Ljava/util/Date;L\0paramsq\0~\0L\0remarkq\0~\0	L\0searchValueq\0~\0	L\0updateByq\0~\0	L\0\nupdateTimeq\0~\0xpt\0adminsr\0java.util.Datehjï¿½KYt\0\0xpw\0\0zqï¿½lï¿½xpt\0\0pppt\01t\00/10 * * * * ?t\0ryTask.ryNoParamst\0DEFAULTsr\0java.lang.Long;ï¿½ï¿½Ì#ï¿½\0J\0valuexr\0java.lang.Numberï¿½ï¿½ï¿½ï¿½ï¿½\0\0xp\0\0\0\0\0\0\0t\0ç³»ç»Ÿé»˜è®¤ï¼ˆæ— å‚ï¼‰t\03t\01x\0'),('RuoyiScheduler','TASK_CLASS_NAME2','DEFAULT',NULL,'com.salary.project.monitor.job.util.QuartzDisallowConcurrentExecution','0','1','0','0','ï¿½ï¿½\0sr\0org.quartz.JobDataMapï¿½ï¿½ï¿½è¿©ï¿½ï¿½\0\0xr\0&org.quartz.utils.StringKeyDirtyFlagMapï¿½ï¿½ï¿½ï¿½ï¿½](\0Z\0allowsTransientDataxr\0org.quartz.utils.DirtyFlagMapï¿½.ï¿½(v\nï¿½\0Z\0dirtyL\0mapt\0Ljava/util/Map;xpsr\0java.util.HashMapï¿½ï¿½ï¿½`ï¿½\0F\0\nloadFactorI\0	thresholdxp?@\0\0\0\0\0w\0\0\0\0\0\0t\0TASK_PROPERTIESsr\0)com.salary.project.monitor.job.domain.Job\0\0\0\0\0\0\0\0L\0\nconcurrentt\0Ljava/lang/String;L\0cronExpressionq\0~\0	L\0invokeTargetq\0~\0	L\0jobGroupq\0~\0	L\0jobIdt\0Ljava/lang/Long;L\0jobNameq\0~\0	L\0\rmisfirePolicyq\0~\0	L\0statusq\0~\0	xr\0*com.salary.framework.web.domain.BaseEntity\0\0\0\0\0\0\0\0L\0createByq\0~\0	L\0\ncreateTimet\0Ljava/util/Date;L\0paramsq\0~\0L\0remarkq\0~\0	L\0searchValueq\0~\0	L\0updateByq\0~\0	L\0\nupdateTimeq\0~\0xpt\0adminsr\0java.util.Datehjï¿½KYt\0\0xpw\0\0zqï¿½lï¿½xpt\0\0pppt\01t\00/15 * * * * ?t\0ryTask.ryParams(\'ry\')t\0DEFAULTsr\0java.lang.Long;ï¿½ï¿½Ì#ï¿½\0J\0valuexr\0java.lang.Numberï¿½ï¿½ï¿½ï¿½ï¿½\0\0xp\0\0\0\0\0\0\0t\0ç³»ç»Ÿé»˜è®¤ï¼ˆæœ‰å‚ï¼‰t\03t\01x\0'),('RuoyiScheduler','TASK_CLASS_NAME3','DEFAULT',NULL,'com.salary.project.monitor.job.util.QuartzDisallowConcurrentExecution','0','1','0','0','ï¿½ï¿½\0sr\0org.quartz.JobDataMapï¿½ï¿½ï¿½è¿©ï¿½ï¿½\0\0xr\0&org.quartz.utils.StringKeyDirtyFlagMapï¿½ï¿½ï¿½ï¿½ï¿½](\0Z\0allowsTransientDataxr\0org.quartz.utils.DirtyFlagMapï¿½.ï¿½(v\nï¿½\0Z\0dirtyL\0mapt\0Ljava/util/Map;xpsr\0java.util.HashMapï¿½ï¿½ï¿½`ï¿½\0F\0\nloadFactorI\0	thresholdxp?@\0\0\0\0\0w\0\0\0\0\0\0t\0TASK_PROPERTIESsr\0)com.salary.project.monitor.job.domain.Job\0\0\0\0\0\0\0\0L\0\nconcurrentt\0Ljava/lang/String;L\0cronExpressionq\0~\0	L\0invokeTargetq\0~\0	L\0jobGroupq\0~\0	L\0jobIdt\0Ljava/lang/Long;L\0jobNameq\0~\0	L\0\rmisfirePolicyq\0~\0	L\0statusq\0~\0	xr\0*com.salary.framework.web.domain.BaseEntity\0\0\0\0\0\0\0\0L\0createByq\0~\0	L\0\ncreateTimet\0Ljava/util/Date;L\0paramsq\0~\0L\0remarkq\0~\0	L\0searchValueq\0~\0	L\0updateByq\0~\0	L\0\nupdateTimeq\0~\0xpt\0adminsr\0java.util.Datehjï¿½KYt\0\0xpw\0\0zqï¿½lï¿½xpt\0\0pppt\01t\00/20 * * * * ?t\08ryTask.ryMultipleParams(\'ry\', true, 2000L, 316.50D, 100)t\0DEFAULTsr\0java.lang.Long;ï¿½ï¿½Ì#ï¿½\0J\0valuexr\0java.lang.Numberï¿½ï¿½ï¿½ï¿½ï¿½\0\0xp\0\0\0\0\0\0\0t\0ç³»ç»Ÿé»˜è®¤ï¼ˆå¤šå‚ï¼‰t\03t\01x\0');

/*Table structure for table `qrtz_locks` */

DROP TABLE IF EXISTS `qrtz_locks`;

CREATE TABLE `qrtz_locks` (
  `sched_name` varchar(120) NOT NULL,
  `lock_name` varchar(40) NOT NULL,
  PRIMARY KEY (`sched_name`,`lock_name`) USING BTREE
) ENGINE=InnoDB DEFAULT CHARSET=utf8 ROW_FORMAT=DYNAMIC;

/*Data for the table `qrtz_locks` */

insert  into `qrtz_locks`(`sched_name`,`lock_name`) values ('RuoyiScheduler','STATE_ACCESS'),('RuoyiScheduler','TRIGGER_ACCESS');

/*Table structure for table `qrtz_paused_trigger_grps` */

DROP TABLE IF EXISTS `qrtz_paused_trigger_grps`;

CREATE TABLE `qrtz_paused_trigger_grps` (
  `sched_name` varchar(120) NOT NULL,
  `trigger_group` varchar(200) NOT NULL,
  PRIMARY KEY (`sched_name`,`trigger_group`) USING BTREE
) ENGINE=InnoDB DEFAULT CHARSET=utf8 ROW_FORMAT=DYNAMIC;

/*Data for the table `qrtz_paused_trigger_grps` */

/*Table structure for table `qrtz_scheduler_state` */

DROP TABLE IF EXISTS `qrtz_scheduler_state`;

CREATE TABLE `qrtz_scheduler_state` (
  `sched_name` varchar(120) NOT NULL,
  `instance_name` varchar(200) NOT NULL,
  `last_checkin_time` bigint(13) NOT NULL,
  `checkin_interval` bigint(13) NOT NULL,
  PRIMARY KEY (`sched_name`,`instance_name`) USING BTREE
) ENGINE=InnoDB DEFAULT CHARSET=utf8 ROW_FORMAT=DYNAMIC;

/*Data for the table `qrtz_scheduler_state` */

insert  into `qrtz_scheduler_state`(`sched_name`,`instance_name`,`last_checkin_time`,`checkin_interval`) values ('RuoyiScheduler','zhbin1658046191783',1658058573494,15000);

/*Table structure for table `qrtz_simple_triggers` */

DROP TABLE IF EXISTS `qrtz_simple_triggers`;

CREATE TABLE `qrtz_simple_triggers` (
  `sched_name` varchar(120) NOT NULL,
  `trigger_name` varchar(200) NOT NULL,
  `trigger_group` varchar(200) NOT NULL,
  `repeat_count` bigint(7) NOT NULL,
  `repeat_interval` bigint(12) NOT NULL,
  `times_triggered` bigint(10) NOT NULL,
  PRIMARY KEY (`sched_name`,`trigger_name`,`trigger_group`) USING BTREE,
  CONSTRAINT `qrtz_simple_triggers_ibfk_1` FOREIGN KEY (`sched_name`, `trigger_name`, `trigger_group`) REFERENCES `qrtz_triggers` (`sched_name`, `trigger_name`, `trigger_group`)
) ENGINE=InnoDB DEFAULT CHARSET=utf8 ROW_FORMAT=DYNAMIC;

/*Data for the table `qrtz_simple_triggers` */

/*Table structure for table `qrtz_simprop_triggers` */

DROP TABLE IF EXISTS `qrtz_simprop_triggers`;

CREATE TABLE `qrtz_simprop_triggers` (
  `sched_name` varchar(120) NOT NULL,
  `trigger_name` varchar(200) NOT NULL,
  `trigger_group` varchar(200) NOT NULL,
  `str_prop_1` varchar(512) DEFAULT NULL,
  `str_prop_2` varchar(512) DEFAULT NULL,
  `str_prop_3` varchar(512) DEFAULT NULL,
  `int_prop_1` int(11) DEFAULT NULL,
  `int_prop_2` int(11) DEFAULT NULL,
  `long_prop_1` bigint(20) DEFAULT NULL,
  `long_prop_2` bigint(20) DEFAULT NULL,
  `dec_prop_1` decimal(13,4) DEFAULT NULL,
  `dec_prop_2` decimal(13,4) DEFAULT NULL,
  `bool_prop_1` varchar(1) DEFAULT NULL,
  `bool_prop_2` varchar(1) DEFAULT NULL,
  PRIMARY KEY (`sched_name`,`trigger_name`,`trigger_group`) USING BTREE,
  CONSTRAINT `qrtz_simprop_triggers_ibfk_1` FOREIGN KEY (`sched_name`, `trigger_name`, `trigger_group`) REFERENCES `qrtz_triggers` (`sched_name`, `trigger_name`, `trigger_group`)
) ENGINE=InnoDB DEFAULT CHARSET=utf8 ROW_FORMAT=DYNAMIC;

/*Data for the table `qrtz_simprop_triggers` */

/*Table structure for table `qrtz_triggers` */

DROP TABLE IF EXISTS `qrtz_triggers`;

CREATE TABLE `qrtz_triggers` (
  `sched_name` varchar(120) NOT NULL,
  `trigger_name` varchar(200) NOT NULL,
  `trigger_group` varchar(200) NOT NULL,
  `job_name` varchar(200) NOT NULL,
  `job_group` varchar(200) NOT NULL,
  `description` varchar(250) DEFAULT NULL,
  `next_fire_time` bigint(13) DEFAULT NULL,
  `prev_fire_time` bigint(13) DEFAULT NULL,
  `priority` int(11) DEFAULT NULL,
  `trigger_state` varchar(16) NOT NULL,
  `trigger_type` varchar(8) NOT NULL,
  `start_time` bigint(13) NOT NULL,
  `end_time` bigint(13) DEFAULT NULL,
  `calendar_name` varchar(200) DEFAULT NULL,
  `misfire_instr` smallint(2) DEFAULT NULL,
  `job_data` blob,
  PRIMARY KEY (`sched_name`,`trigger_name`,`trigger_group`) USING BTREE,
  KEY `sched_name` (`sched_name`,`job_name`,`job_group`) USING BTREE,
  CONSTRAINT `qrtz_triggers_ibfk_1` FOREIGN KEY (`sched_name`, `job_name`, `job_group`) REFERENCES `qrtz_job_details` (`sched_name`, `job_name`, `job_group`)
) ENGINE=InnoDB DEFAULT CHARSET=utf8 ROW_FORMAT=DYNAMIC;

/*Data for the table `qrtz_triggers` */

insert  into `qrtz_triggers`(`sched_name`,`trigger_name`,`trigger_group`,`job_name`,`job_group`,`description`,`next_fire_time`,`prev_fire_time`,`priority`,`trigger_state`,`trigger_type`,`start_time`,`end_time`,`calendar_name`,`misfire_instr`,`job_data`) values ('RuoyiScheduler','TASK_CLASS_NAME1','DEFAULT','TASK_CLASS_NAME1','DEFAULT',NULL,1658046200000,-1,5,'PAUSED','CRON',1658046191000,0,NULL,2,''),('RuoyiScheduler','TASK_CLASS_NAME2','DEFAULT','TASK_CLASS_NAME2','DEFAULT',NULL,1658046195000,-1,5,'PAUSED','CRON',1658046192000,0,NULL,2,''),('RuoyiScheduler','TASK_CLASS_NAME3','DEFAULT','TASK_CLASS_NAME3','DEFAULT',NULL,1658046200000,-1,5,'PAUSED','CRON',1658046192000,0,NULL,2,'');

/*Table structure for table `sys_config` */

DROP TABLE IF EXISTS `sys_config`;

CREATE TABLE `sys_config` (
  `config_id` int(5) NOT NULL AUTO_INCREMENT COMMENT 'å‚æ•°ä¸»é”®',
  `config_name` varchar(100) DEFAULT '' COMMENT 'å‚æ•°åç§°',
  `config_key` varchar(100) DEFAULT '' COMMENT 'å‚æ•°é”®å',
  `config_value` varchar(500) DEFAULT '' COMMENT 'å‚æ•°é”®å€¼',
  `config_type` char(1) DEFAULT 'N' COMMENT 'ç³»ç»Ÿå†…ç½®ï¼ˆYæ˜¯ Nå¦ï¼‰',
  `create_by` varchar(64) DEFAULT '' COMMENT 'åˆ›å»ºè€…',
  `create_time` datetime DEFAULT NULL COMMENT 'åˆ›å»ºæ—¶é—´',
  `update_by` varchar(64) DEFAULT '' COMMENT 'æ›´æ–°è€…',
  `update_time` datetime DEFAULT NULL COMMENT 'æ›´æ–°æ—¶é—´',
  `remark` varchar(500) DEFAULT NULL COMMENT 'å¤‡æ³¨',
  PRIMARY KEY (`config_id`) USING BTREE
) ENGINE=InnoDB AUTO_INCREMENT=10 DEFAULT CHARSET=utf8 ROW_FORMAT=DYNAMIC COMMENT='å‚æ•°é…ç½®è¡¨';

/*Data for the table `sys_config` */

insert  into `sys_config`(`config_id`,`config_name`,`config_key`,`config_value`,`config_type`,`create_by`,`create_time`,`update_by`,`update_time`,`remark`) values (1,'ä¸»æ¡†æ¶é¡µ-é»˜è®¤çš®è‚¤æ ·å¼åç§°','sys.index.skinName','skin-blue','Y','admin','2021-07-04 21:10:39','',NULL,'è“è‰² skin-blueã€ç»¿è‰² skin-greenã€ç´«è‰² skin-purpleã€çº¢è‰² skin-redã€é»„è‰² skin-yellow'),(2,'ç”¨æˆ·ç®¡ç†-è´¦å·åˆå§‹å¯†ç ','sys.user.initPassword','123456','Y','admin','2021-07-04 21:10:39','',NULL,'åˆå§‹åŒ–å¯†ç  123456'),(3,'ä¸»æ¡†æ¶é¡µ-ä¾§è¾¹æ ä¸»é¢˜','sys.index.sideTheme','theme-dark','Y','admin','2021-07-04 21:10:39','',NULL,'æ·±é»‘ä¸»é¢˜theme-darkï¼Œæµ…è‰²ä¸»é¢˜theme-lightï¼Œæ·±è“ä¸»é¢˜theme-blue'),(4,'è´¦å·è‡ªåŠ©-æ˜¯å¦å¼€å¯ç”¨æˆ·æ³¨å†ŒåŠŸèƒ½','sys.account.registerUser','false','Y','admin','2021-07-04 21:10:39','',NULL,'æ˜¯å¦å¼€å¯æ³¨å†Œç”¨æˆ·åŠŸèƒ½ï¼ˆtrueå¼€å¯ï¼Œfalseå…³é—­ï¼‰'),(5,'ç”¨æˆ·ç®¡ç†-å¯†ç å­—ç¬¦èŒƒå›´','sys.account.chrtype','0','Y','admin','2021-07-04 21:10:39','',NULL,'é»˜è®¤ä»»æ„å­—ç¬¦èŒƒå›´ï¼Œ0ä»»æ„ï¼ˆå¯†ç å¯ä»¥è¾“å…¥ä»»æ„å­—ç¬¦ï¼‰ï¼Œ1æ•°å­—ï¼ˆå¯†ç åªèƒ½ä¸º0-9æ•°å­—ï¼‰ï¼Œ2è‹±æ–‡å­—æ¯ï¼ˆå¯†ç åªèƒ½ä¸ºa-zå’ŒA-Zå­—æ¯ï¼‰ï¼Œ3å­—æ¯å’Œæ•°å­—ï¼ˆå¯†ç å¿…é¡»åŒ…å«å­—æ¯ï¼Œæ•°å­—ï¼‰,4å­—æ¯æ•°å­—å’Œç‰¹æ®Šå­—ç¬¦ï¼ˆç›®å‰æ”¯æŒçš„ç‰¹æ®Šå­—ç¬¦åŒ…æ‹¬ï¼š~!@#$%^&*()-=_+ï¼‰'),(6,'ç”¨æˆ·ç®¡ç†-åˆå§‹å¯†ç ä¿®æ”¹ç­–ç•¥','sys.account.initPasswordModify','0','Y','admin','2021-07-04 21:10:39','',NULL,'0ï¼šåˆå§‹å¯†ç ä¿®æ”¹ç­–ç•¥å…³é—­ï¼Œæ²¡æœ‰ä»»ä½•æç¤ºï¼Œ1ï¼šæé†’ç”¨æˆ·ï¼Œå¦‚æœæœªä¿®æ”¹åˆå§‹å¯†ç ï¼Œåˆ™åœ¨ç™»å½•æ—¶å°±ä¼šæé†’ä¿®æ”¹å¯†ç å¯¹è¯æ¡†'),(7,'ç”¨æˆ·ç®¡ç†-è´¦å·å¯†ç æ›´æ–°å‘¨æœŸ','sys.account.passwordValidateDays','0','Y','admin','2021-07-04 21:10:39','',NULL,'å¯†ç æ›´æ–°å‘¨æœŸï¼ˆå¡«å†™æ•°å­—ï¼Œæ•°æ®åˆå§‹åŒ–å€¼ä¸º0ä¸é™åˆ¶ï¼Œè‹¥ä¿®æ”¹å¿…é¡»ä¸ºå¤§äº0å°äº365çš„æ­£æ•´æ•°ï¼‰ï¼Œå¦‚æœè¶…è¿‡è¿™ä¸ªå‘¨æœŸç™»å½•ç³»ç»Ÿæ—¶ï¼Œåˆ™åœ¨ç™»å½•æ—¶å°±ä¼šæé†’ä¿®æ”¹å¯†ç å¯¹è¯æ¡†'),(8,'ä¸»æ¡†æ¶é¡µ-èœå•å¯¼èˆªæ˜¾ç¤ºé£æ ¼','sys.index.menuStyle','default','Y','admin','2021-07-04 21:10:39','',NULL,'èœå•å¯¼èˆªæ˜¾ç¤ºé£æ ¼ï¼ˆdefaultä¸ºå·¦ä¾§å¯¼èˆªèœå•ï¼Œtopnavä¸ºé¡¶éƒ¨å¯¼èˆªèœå•ï¼‰'),(9,'ä¸»æ¡†æ¶é¡µ-æ˜¯å¦å¼€å¯é¡µè„š','sys.index.ignoreFooter','true','Y','admin','2021-07-04 21:10:39','',NULL,'æ˜¯å¦å¼€å¯åº•éƒ¨é¡µè„šæ˜¾ç¤ºï¼ˆtrueæ˜¾ç¤ºï¼Œfalseéšè—ï¼‰');

/*Table structure for table `sys_dept` */

DROP TABLE IF EXISTS `sys_dept`;

CREATE TABLE `sys_dept` (
  `dept_id` bigint(20) NOT NULL AUTO_INCREMENT COMMENT 'éƒ¨é—¨id',
  `parent_id` bigint(20) DEFAULT '0' COMMENT 'çˆ¶éƒ¨é—¨id',
  `ancestors` varchar(50) DEFAULT '' COMMENT 'ç¥–çº§åˆ—è¡¨',
  `dept_name` varchar(30) DEFAULT '' COMMENT 'éƒ¨é—¨åç§°',
  `order_num` int(4) DEFAULT '0' COMMENT 'æ˜¾ç¤ºé¡ºåº',
  `leader` varchar(20) DEFAULT NULL COMMENT 'è´Ÿè´£äºº',
  `phone` varchar(11) DEFAULT NULL COMMENT 'è”ç³»ç”µè¯',
  `email` varchar(50) DEFAULT NULL COMMENT 'é‚®ç®±',
  `status` char(1) DEFAULT '0' COMMENT 'éƒ¨é—¨çŠ¶æ€ï¼ˆ0æ­£å¸¸ 1åœç”¨ï¼‰',
  `del_flag` char(1) DEFAULT '0' COMMENT 'åˆ é™¤æ ‡å¿—ï¼ˆ0ä»£è¡¨å­˜åœ¨ 2ä»£è¡¨åˆ é™¤ï¼‰',
  `create_by` varchar(64) DEFAULT '' COMMENT 'åˆ›å»ºè€…',
  `create_time` datetime DEFAULT NULL COMMENT 'åˆ›å»ºæ—¶é—´',
  `update_by` varchar(64) DEFAULT '' COMMENT 'æ›´æ–°è€…',
  `update_time` datetime DEFAULT NULL COMMENT 'æ›´æ–°æ—¶é—´',
  PRIMARY KEY (`dept_id`) USING BTREE
) ENGINE=InnoDB AUTO_INCREMENT=110 DEFAULT CHARSET=utf8 ROW_FORMAT=DYNAMIC COMMENT='éƒ¨é—¨è¡¨';

/*Data for the table `sys_dept` */

insert  into `sys_dept`(`dept_id`,`parent_id`,`ancestors`,`dept_name`,`order_num`,`leader`,`phone`,`email`,`status`,`del_flag`,`create_by`,`create_time`,`update_by`,`update_time`) values (100,0,'0','å®‡å®™ç¼–ç¨‹ç§‘æŠ€',0,'å®‡å®™','15888888888','ry@qq.com','0','0','admin','2021-07-04 21:10:38','',NULL),(101,100,'0,100','åŒ—äº¬æ€»å…¬å¸',1,'å¼ ä¸‰','15888888888','123@qq.com','0','0','admin','2021-07-04 21:10:38','admin','2021-07-17 11:46:45'),(102,100,'0,100','é•¿æ²™åˆ†å…¬å¸',2,'å¼ æ€','15888888888','ry@qq.com','0','0','admin','2021-07-04 21:10:38','',NULL),(103,101,'0,100,101','ç ”å‘éƒ¨é—¨',1,'å¼ æ­¦','15888888888','ry@qq.com','0','0','admin','2021-07-04 21:10:38','',NULL),(104,101,'0,100,101','å¸‚åœºéƒ¨é—¨',2,'å¼ æŸ³','15888888888','ry@qq.com','0','2','admin','2021-07-04 21:10:38','',NULL),(105,101,'0,100,101','æµ‹è¯•éƒ¨é—¨',3,'å¼ çª','15888888888','ry@qq.com','0','0','admin','2021-07-04 21:10:38','',NULL),(106,101,'0,100,101','è´¢åŠ¡éƒ¨é—¨',4,'å¼ éœ¸','15888888888','ry@qq.com','0','2','admin','2021-07-04 21:10:38','',NULL),(107,101,'0,100,101','è¿ç»´éƒ¨é—¨',5,'å¼ ä¹…','15888888888','ry@qq.com','0','2','admin','2021-07-04 21:10:38','',NULL),(108,102,'0,100,102','å¸‚åœºéƒ¨é—¨',1,'å¼ ä¸–','15888888888','ry@qq.com','0','0','admin','2021-07-04 21:10:38','',NULL),(109,102,'0,100,102','è´¢åŠ¡éƒ¨é—¨',2,'åˆ˜æ ¹','15888888888','ry@qq.com','0','0','admin','2021-07-04 21:10:38','',NULL);

/*Table structure for table `sys_dict_data` */

DROP TABLE IF EXISTS `sys_dict_data`;

CREATE TABLE `sys_dict_data` (
  `dict_code` bigint(20) NOT NULL AUTO_INCREMENT COMMENT 'å­—å…¸ç¼–ç ',
  `dict_sort` int(4) DEFAULT '0' COMMENT 'å­—å…¸æ’åº',
  `dict_label` varchar(100) DEFAULT '' COMMENT 'å­—å…¸æ ‡ç­¾',
  `dict_value` varchar(100) DEFAULT '' COMMENT 'å­—å…¸é”®å€¼',
  `dict_type` varchar(100) DEFAULT '' COMMENT 'å­—å…¸ç±»å‹',
  `css_class` varchar(100) DEFAULT NULL COMMENT 'æ ·å¼å±æ€§ï¼ˆå…¶ä»–æ ·å¼æ‰©å±•ï¼‰',
  `list_class` varchar(100) DEFAULT NULL COMMENT 'è¡¨æ ¼å›æ˜¾æ ·å¼',
  `is_default` char(1) DEFAULT 'N' COMMENT 'æ˜¯å¦é»˜è®¤ï¼ˆYæ˜¯ Nå¦ï¼‰',
  `status` char(1) DEFAULT '0' COMMENT 'çŠ¶æ€ï¼ˆ0æ­£å¸¸ 1åœç”¨ï¼‰',
  `create_by` varchar(64) DEFAULT '' COMMENT 'åˆ›å»ºè€…',
  `create_time` datetime DEFAULT NULL COMMENT 'åˆ›å»ºæ—¶é—´',
  `update_by` varchar(64) DEFAULT '' COMMENT 'æ›´æ–°è€…',
  `update_time` datetime DEFAULT NULL COMMENT 'æ›´æ–°æ—¶é—´',
  `remark` varchar(500) DEFAULT NULL COMMENT 'å¤‡æ³¨',
  PRIMARY KEY (`dict_code`) USING BTREE
) ENGINE=InnoDB AUTO_INCREMENT=112 DEFAULT CHARSET=utf8 ROW_FORMAT=DYNAMIC COMMENT='å­—å…¸æ•°æ®è¡¨';

/*Data for the table `sys_dict_data` */

insert  into `sys_dict_data`(`dict_code`,`dict_sort`,`dict_label`,`dict_value`,`dict_type`,`css_class`,`list_class`,`is_default`,`status`,`create_by`,`create_time`,`update_by`,`update_time`,`remark`) values (1,1,'ç”·','0','sys_user_sex','','','Y','0','admin','2021-07-04 21:10:38','',NULL,'æ€§åˆ«ç”·'),(2,2,'å¥³','1','sys_user_sex','','','N','0','admin','2021-07-04 21:10:38','',NULL,'æ€§åˆ«å¥³'),(3,3,'æœªçŸ¥','2','sys_user_sex','','','N','0','admin','2021-07-04 21:10:38','',NULL,'æ€§åˆ«æœªçŸ¥'),(4,1,'æ˜¾ç¤º','0','sys_show_hide','','primary','Y','0','admin','2021-07-04 21:10:38','',NULL,'æ˜¾ç¤ºèœå•'),(5,2,'éšè—','1','sys_show_hide','','danger','N','0','admin','2021-07-04 21:10:38','',NULL,'éšè—èœå•'),(6,1,'æ­£å¸¸','0','sys_normal_disable','','primary','Y','0','admin','2021-07-04 21:10:38','',NULL,'æ­£å¸¸çŠ¶æ€'),(7,2,'åœç”¨','1','sys_normal_disable','','danger','N','0','admin','2021-07-04 21:10:38','',NULL,'åœç”¨çŠ¶æ€'),(8,1,'æ­£å¸¸','0','sys_job_status','','primary','Y','0','admin','2021-07-04 21:10:38','',NULL,'æ­£å¸¸çŠ¶æ€'),(9,2,'æš‚åœ','1','sys_job_status','','danger','N','0','admin','2021-07-04 21:10:38','',NULL,'åœç”¨çŠ¶æ€'),(10,1,'é»˜è®¤','DEFAULT','sys_job_group','','','Y','0','admin','2021-07-04 21:10:38','',NULL,'é»˜è®¤åˆ†ç»„'),(11,2,'ç³»ç»Ÿ','SYSTEM','sys_job_group','','','N','0','admin','2021-07-04 21:10:38','',NULL,'ç³»ç»Ÿåˆ†ç»„'),(12,1,'æ˜¯','Y','sys_yes_no','','primary','Y','0','admin','2021-07-04 21:10:38','',NULL,'ç³»ç»Ÿé»˜è®¤æ˜¯'),(13,2,'å¦','N','sys_yes_no','','danger','N','0','admin','2021-07-04 21:10:38','',NULL,'ç³»ç»Ÿé»˜è®¤å¦'),(14,1,'é€šçŸ¥','1','sys_notice_type','','warning','Y','0','admin','2021-07-04 21:10:38','',NULL,'é€šçŸ¥'),(15,2,'å…¬å‘Š','2','sys_notice_type','','success','N','0','admin','2021-07-04 21:10:38','',NULL,'å…¬å‘Š'),(16,1,'æ­£å¸¸','0','sys_notice_status','','primary','Y','0','admin','2021-07-04 21:10:38','',NULL,'æ­£å¸¸çŠ¶æ€'),(17,2,'å…³é—­','1','sys_notice_status','','danger','N','0','admin','2021-07-04 21:10:38','',NULL,'å…³é—­çŠ¶æ€'),(18,99,'å…¶ä»–','0','sys_oper_type','','info','N','0','admin','2021-07-04 21:10:38','',NULL,'å…¶ä»–æ“ä½œ'),(19,1,'æ–°å¢','1','sys_oper_type','','info','N','0','admin','2021-07-04 21:10:38','',NULL,'æ–°å¢æ“ä½œ'),(20,2,'ä¿®æ”¹','2','sys_oper_type','','info','N','0','admin','2021-07-04 21:10:38','',NULL,'ä¿®æ”¹æ“ä½œ'),(21,3,'åˆ é™¤','3','sys_oper_type','','danger','N','0','admin','2021-07-04 21:10:38','',NULL,'åˆ é™¤æ“ä½œ'),(22,4,'æˆæƒ','4','sys_oper_type','','primary','N','0','admin','2021-07-04 21:10:38','',NULL,'æˆæƒæ“ä½œ'),(23,5,'å¯¼å‡º','5','sys_oper_type','','warning','N','0','admin','2021-07-04 21:10:39','',NULL,'å¯¼å‡ºæ“ä½œ'),(24,6,'å¯¼å…¥','6','sys_oper_type','','warning','N','0','admin','2021-07-04 21:10:39','',NULL,'å¯¼å…¥æ“ä½œ'),(25,7,'å¼ºé€€','7','sys_oper_type','','danger','N','0','admin','2021-07-04 21:10:39','',NULL,'å¼ºé€€æ“ä½œ'),(26,8,'ç”Ÿæˆä»£ç ','8','sys_oper_type','','warning','N','0','admin','2021-07-04 21:10:39','',NULL,'ç”Ÿæˆæ“ä½œ'),(27,9,'æ¸…ç©ºæ•°æ®','9','sys_oper_type','','danger','N','0','admin','2021-07-04 21:10:39','',NULL,'æ¸…ç©ºæ“ä½œ'),(28,1,'æˆåŠŸ','0','sys_common_status','','primary','N','0','admin','2021-07-04 21:10:39','',NULL,'æ­£å¸¸çŠ¶æ€'),(29,2,'å¤±è´¥','1','sys_common_status','','danger','N','0','admin','2021-07-04 21:10:39','',NULL,'åœç”¨çŠ¶æ€'),(100,1,'å¢åŠ ','1','salary_allocation_type','','','Y','0','admin','2021-07-05 21:27:07','admin','2021-07-05 21:27:22',''),(101,2,'å‡å°‘','0','salary_allocation_type',NULL,NULL,'Y','0','admin','2021-07-05 21:27:17','',NULL,NULL),(102,1,'ç›´æ¥','1','salary_allocation_rule',NULL,NULL,'Y','0','admin','2021-07-05 21:27:53','',NULL,NULL),(103,2,'è®¡ç®—','2','salary_allocation_rule',NULL,NULL,'Y','0','admin','2021-07-05 21:28:04','',NULL,NULL),(104,1,'ç­‰çº§1','1','salary_allocation_grade',NULL,NULL,'Y','0','admin','2021-07-05 21:35:18','',NULL,NULL),(105,2,'ç­‰çº§2','2','salary_allocation_grade',NULL,NULL,'Y','0','admin','2021-07-05 21:35:26','',NULL,NULL),(106,3,'ç­‰çº§3','3','salary_allocation_grade',NULL,NULL,'Y','0','admin','2021-07-05 21:35:32','',NULL,NULL),(107,4,'ç­‰çº§4','4','salary_allocation_grade',NULL,NULL,'Y','0','admin','2021-07-05 21:35:43','',NULL,NULL),(108,5,'ç­‰çº§5','5','salary_allocation_grade',NULL,NULL,'Y','0','admin','2021-07-05 21:35:52','',NULL,NULL),(109,1,'å¯ç”¨','1','state',NULL,NULL,'Y','0','admin','2021-07-05 21:45:17','',NULL,NULL),(110,2,'åœç”¨','0','state',NULL,NULL,'Y','0','admin','2021-07-05 21:45:27','',NULL,NULL),(111,0,'å…¨ç­‰çº§ä¸€è‡´','0','salary_allocation_grade',NULL,NULL,'Y','0','admin','2021-07-05 22:16:58','',NULL,NULL);

/*Table structure for table `sys_dict_type` */

DROP TABLE IF EXISTS `sys_dict_type`;

CREATE TABLE `sys_dict_type` (
  `dict_id` bigint(20) NOT NULL AUTO_INCREMENT COMMENT 'å­—å…¸ä¸»é”®',
  `dict_name` varchar(100) DEFAULT '' COMMENT 'å­—å…¸åç§°',
  `dict_type` varchar(100) DEFAULT '' COMMENT 'å­—å…¸ç±»å‹',
  `status` char(1) DEFAULT '0' COMMENT 'çŠ¶æ€ï¼ˆ0æ­£å¸¸ 1åœç”¨ï¼‰',
  `create_by` varchar(64) DEFAULT '' COMMENT 'åˆ›å»ºè€…',
  `create_time` datetime DEFAULT NULL COMMENT 'åˆ›å»ºæ—¶é—´',
  `update_by` varchar(64) DEFAULT '' COMMENT 'æ›´æ–°è€…',
  `update_time` datetime DEFAULT NULL COMMENT 'æ›´æ–°æ—¶é—´',
  `remark` varchar(500) DEFAULT NULL COMMENT 'å¤‡æ³¨',
  PRIMARY KEY (`dict_id`) USING BTREE,
  UNIQUE KEY `dict_type` (`dict_type`) USING BTREE
) ENGINE=InnoDB AUTO_INCREMENT=105 DEFAULT CHARSET=utf8 ROW_FORMAT=DYNAMIC COMMENT='å­—å…¸ç±»å‹è¡¨';

/*Data for the table `sys_dict_type` */

insert  into `sys_dict_type`(`dict_id`,`dict_name`,`dict_type`,`status`,`create_by`,`create_time`,`update_by`,`update_time`,`remark`) values (1,'ç”¨æˆ·æ€§åˆ«','sys_user_sex','0','admin','2021-07-04 21:10:38','',NULL,'ç”¨æˆ·æ€§åˆ«åˆ—è¡¨'),(2,'èœå•çŠ¶æ€','sys_show_hide','0','admin','2021-07-04 21:10:38','',NULL,'èœå•çŠ¶æ€åˆ—è¡¨'),(3,'ç³»ç»Ÿå¼€å…³','sys_normal_disable','0','admin','2021-07-04 21:10:38','',NULL,'ç³»ç»Ÿå¼€å…³åˆ—è¡¨'),(4,'ä»»åŠ¡çŠ¶æ€','sys_job_status','0','admin','2021-07-04 21:10:38','',NULL,'ä»»åŠ¡çŠ¶æ€åˆ—è¡¨'),(5,'ä»»åŠ¡åˆ†ç»„','sys_job_group','0','admin','2021-07-04 21:10:38','',NULL,'ä»»åŠ¡åˆ†ç»„åˆ—è¡¨'),(6,'ç³»ç»Ÿæ˜¯å¦','sys_yes_no','0','admin','2021-07-04 21:10:38','',NULL,'ç³»ç»Ÿæ˜¯å¦åˆ—è¡¨'),(7,'é€šçŸ¥ç±»å‹','sys_notice_type','0','admin','2021-07-04 21:10:38','',NULL,'é€šçŸ¥ç±»å‹åˆ—è¡¨'),(8,'é€šçŸ¥çŠ¶æ€','sys_notice_status','0','admin','2021-07-04 21:10:38','',NULL,'é€šçŸ¥çŠ¶æ€åˆ—è¡¨'),(9,'æ“ä½œç±»å‹','sys_oper_type','0','admin','2021-07-04 21:10:38','',NULL,'æ“ä½œç±»å‹åˆ—è¡¨'),(10,'ç³»ç»ŸçŠ¶æ€','sys_common_status','0','admin','2021-07-04 21:10:38','',NULL,'ç™»å½•çŠ¶æ€åˆ—è¡¨'),(100,'è–ªèµ„é…ç½®-é¡¹ç›®ç±»å‹','salary_allocation_type','0','admin','2021-07-05 21:25:40','',NULL,'è–ªèµ„é…ç½®-é¡¹ç›®ç±»å‹'),(101,'è–ªèµ„é…ç½®-è®¡ç®—è§„åˆ™','salary_allocation_rule','0','admin','2021-07-05 21:26:15','',NULL,'è–ªèµ„é…ç½®-è®¡ç®—è§„åˆ™'),(103,'è–ªèµ„é…ç½®-è–ªèµ„ç­‰çº§','salary_allocation_grade','0','admin','2021-07-05 21:35:06','',NULL,'è–ªèµ„é…ç½®-è–ªèµ„ç­‰çº§'),(104,'é€šç”¨çŠ¶æ€','state','0','admin','2021-07-05 21:45:01','',NULL,NULL);

/*Table structure for table `sys_job` */

DROP TABLE IF EXISTS `sys_job`;

CREATE TABLE `sys_job` (
  `job_id` bigint(20) NOT NULL AUTO_INCREMENT COMMENT 'ä»»åŠ¡ID',
  `job_name` varchar(64) NOT NULL DEFAULT '' COMMENT 'ä»»åŠ¡åç§°',
  `job_group` varchar(64) NOT NULL DEFAULT 'DEFAULT' COMMENT 'ä»»åŠ¡ç»„å',
  `invoke_target` varchar(500) NOT NULL COMMENT 'è°ƒç”¨ç›®æ ‡å­—ç¬¦ä¸²',
  `cron_expression` varchar(255) DEFAULT '' COMMENT 'cronæ‰§è¡Œè¡¨è¾¾å¼',
  `misfire_policy` varchar(20) DEFAULT '3' COMMENT 'è®¡åˆ’æ‰§è¡Œé”™è¯¯ç­–ç•¥ï¼ˆ1ç«‹å³æ‰§è¡Œ 2æ‰§è¡Œä¸€æ¬¡ 3æ”¾å¼ƒæ‰§è¡Œï¼‰',
  `concurrent` char(1) DEFAULT '1' COMMENT 'æ˜¯å¦å¹¶å‘æ‰§è¡Œï¼ˆ0å…è®¸ 1ç¦æ­¢ï¼‰',
  `status` char(1) DEFAULT '0' COMMENT 'çŠ¶æ€ï¼ˆ0æ­£å¸¸ 1æš‚åœï¼‰',
  `create_by` varchar(64) DEFAULT '' COMMENT 'åˆ›å»ºè€…',
  `create_time` datetime DEFAULT NULL COMMENT 'åˆ›å»ºæ—¶é—´',
  `update_by` varchar(64) DEFAULT '' COMMENT 'æ›´æ–°è€…',
  `update_time` datetime DEFAULT NULL COMMENT 'æ›´æ–°æ—¶é—´',
  `remark` varchar(500) DEFAULT '' COMMENT 'å¤‡æ³¨ä¿¡æ¯',
  PRIMARY KEY (`job_id`,`job_name`,`job_group`) USING BTREE
) ENGINE=InnoDB AUTO_INCREMENT=4 DEFAULT CHARSET=utf8 ROW_FORMAT=DYNAMIC COMMENT='å®šæ—¶ä»»åŠ¡è°ƒåº¦è¡¨';

/*Data for the table `sys_job` */

insert  into `sys_job`(`job_id`,`job_name`,`job_group`,`invoke_target`,`cron_expression`,`misfire_policy`,`concurrent`,`status`,`create_by`,`create_time`,`update_by`,`update_time`,`remark`) values (1,'ç³»ç»Ÿé»˜è®¤ï¼ˆæ— å‚ï¼‰','DEFAULT','ryTask.ryNoParams','0/10 * * * * ?','3','1','1','admin','2021-07-04 21:10:39','',NULL,''),(2,'ç³»ç»Ÿé»˜è®¤ï¼ˆæœ‰å‚ï¼‰','DEFAULT','ryTask.ryParams(\'ry\')','0/15 * * * * ?','3','1','1','admin','2021-07-04 21:10:39','',NULL,''),(3,'ç³»ç»Ÿé»˜è®¤ï¼ˆå¤šå‚ï¼‰','DEFAULT','ryTask.ryMultipleParams(\'ry\', true, 2000L, 316.50D, 100)','0/20 * * * * ?','3','1','1','admin','2021-07-04 21:10:39','',NULL,'');

/*Table structure for table `sys_job_log` */

DROP TABLE IF EXISTS `sys_job_log`;

CREATE TABLE `sys_job_log` (
  `job_log_id` bigint(20) NOT NULL AUTO_INCREMENT COMMENT 'ä»»åŠ¡æ—¥å¿—ID',
  `job_name` varchar(64) NOT NULL COMMENT 'ä»»åŠ¡åç§°',
  `job_group` varchar(64) NOT NULL COMMENT 'ä»»åŠ¡ç»„å',
  `invoke_target` varchar(500) NOT NULL COMMENT 'è°ƒç”¨ç›®æ ‡å­—ç¬¦ä¸²',
  `job_message` varchar(500) DEFAULT NULL COMMENT 'æ—¥å¿—ä¿¡æ¯',
  `status` char(1) DEFAULT '0' COMMENT 'æ‰§è¡ŒçŠ¶æ€ï¼ˆ0æ­£å¸¸ 1å¤±è´¥ï¼‰',
  `exception_info` varchar(2000) DEFAULT '' COMMENT 'å¼‚å¸¸ä¿¡æ¯',
  `create_time` datetime DEFAULT NULL COMMENT 'åˆ›å»ºæ—¶é—´',
  PRIMARY KEY (`job_log_id`) USING BTREE
) ENGINE=InnoDB DEFAULT CHARSET=utf8 ROW_FORMAT=DYNAMIC COMMENT='å®šæ—¶ä»»åŠ¡è°ƒåº¦æ—¥å¿—è¡¨';

/*Data for the table `sys_job_log` */

/*Table structure for table `sys_logininfor` */

DROP TABLE IF EXISTS `sys_logininfor`;

CREATE TABLE `sys_logininfor` (
  `info_id` bigint(20) NOT NULL AUTO_INCREMENT COMMENT 'è®¿é—®ID',
  `login_name` varchar(50) DEFAULT '' COMMENT 'ç™»å½•è´¦å·',
  `ipaddr` varchar(128) DEFAULT '' COMMENT 'ç™»å½•IPåœ°å€',
  `login_location` varchar(255) DEFAULT '' COMMENT 'ç™»å½•åœ°ç‚¹',
  `browser` varchar(50) DEFAULT '' COMMENT 'æµè§ˆå™¨ç±»å‹',
  `os` varchar(50) DEFAULT '' COMMENT 'æ“ä½œç³»ç»Ÿ',
  `status` char(1) DEFAULT '0' COMMENT 'ç™»å½•çŠ¶æ€ï¼ˆ0æˆåŠŸ 1å¤±è´¥ï¼‰',
  `msg` varchar(255) DEFAULT '' COMMENT 'æç¤ºæ¶ˆæ¯',
  `login_time` datetime DEFAULT NULL COMMENT 'è®¿é—®æ—¶é—´',
  PRIMARY KEY (`info_id`) USING BTREE
) ENGINE=InnoDB AUTO_INCREMENT=477 DEFAULT CHARSET=utf8 ROW_FORMAT=DYNAMIC COMMENT='ç³»ç»Ÿè®¿é—®è®°å½•';


/*Table structure for table `sys_menu` */

DROP TABLE IF EXISTS `sys_menu`;

CREATE TABLE `sys_menu` (
  `menu_id` bigint(20) NOT NULL AUTO_INCREMENT COMMENT 'èœå•ID',
  `menu_name` varchar(50) NOT NULL COMMENT 'èœå•åç§°',
  `parent_id` bigint(20) DEFAULT '0' COMMENT 'çˆ¶èœå•ID',
  `order_num` int(4) DEFAULT '0' COMMENT 'æ˜¾ç¤ºé¡ºåº',
  `url` varchar(200) DEFAULT '#' COMMENT 'è¯·æ±‚åœ°å€',
  `target` varchar(20) DEFAULT '' COMMENT 'æ‰“å¼€æ–¹å¼ï¼ˆmenuItemé¡µç­¾ menuBlankæ–°çª—å£ï¼‰',
  `menu_type` char(1) DEFAULT '' COMMENT 'èœå•ç±»å‹ï¼ˆMç›®å½• Cèœå• FæŒ‰é’®ï¼‰',
  `visible` char(1) DEFAULT '0' COMMENT 'èœå•çŠ¶æ€ï¼ˆ0æ˜¾ç¤º 1éšè—ï¼‰',
  `is_refresh` char(1) DEFAULT '1' COMMENT 'æ˜¯å¦åˆ·æ–°ï¼ˆ0åˆ·æ–° 1ä¸åˆ·æ–°ï¼‰',
  `perms` varchar(100) DEFAULT NULL COMMENT 'æƒé™æ ‡è¯†',
  `icon` varchar(100) DEFAULT '#' COMMENT 'èœå•å›¾æ ‡',
  `create_by` varchar(64) DEFAULT '' COMMENT 'åˆ›å»ºè€…',
  `create_time` datetime DEFAULT NULL COMMENT 'åˆ›å»ºæ—¶é—´',
  `update_by` varchar(64) DEFAULT '' COMMENT 'æ›´æ–°è€…',
  `update_time` datetime DEFAULT NULL COMMENT 'æ›´æ–°æ—¶é—´',
  `remark` varchar(500) DEFAULT '' COMMENT 'å¤‡æ³¨',
  PRIMARY KEY (`menu_id`) USING BTREE
) ENGINE=InnoDB AUTO_INCREMENT=2039 DEFAULT CHARSET=utf8 ROW_FORMAT=DYNAMIC COMMENT='èœå•æƒé™è¡¨';

/*Data for the table `sys_menu` */

insert  into `sys_menu`(`menu_id`,`menu_name`,`parent_id`,`order_num`,`url`,`target`,`menu_type`,`visible`,`is_refresh`,`perms`,`icon`,`create_by`,`create_time`,`update_by`,`update_time`,`remark`) values (1,'ç³»ç»Ÿç®¡ç†',0,1,'#','','M','0','1','','fa fa-gear','admin','2021-07-04 21:10:38','',NULL,'ç³»ç»Ÿç®¡ç†ç›®å½•'),(2,'ç³»ç»Ÿç›‘æ§',0,2,'#','menuItem','M','1','1','','fa fa-video-camera','admin','2021-07-04 21:10:38','admin','2021-07-15 22:36:38','ç³»ç»Ÿç›‘æ§ç›®å½•'),(3,'ç³»ç»Ÿå·¥å…·',0,3,'#','menuItem','M','1','1','','fa fa-bars','admin','2021-07-04 21:10:38','admin','2021-07-15 22:36:50','ç³»ç»Ÿå·¥å…·ç›®å½•'),(100,'ç”¨æˆ·ç®¡ç†',2012,1,'/system/user','','C','0','1','system:user:view','fa fa-user-o','admin','2021-07-04 21:10:38','',NULL,'ç”¨æˆ·ç®¡ç†èœå•'),(101,'è§’è‰²ç®¡ç†',2013,2,'/system/role','','C','0','1','system:role:view','fa fa-user-secret','admin','2021-07-04 21:10:38','',NULL,'è§’è‰²ç®¡ç†èœå•'),(102,'èœå•ç®¡ç†',1,3,'/system/menu','','C','0','1','system:menu:view','fa fa-th-list','admin','2021-07-04 21:10:38','',NULL,'èœå•ç®¡ç†èœå•'),(103,'éƒ¨é—¨ç®¡ç†',2014,4,'/system/dept','','C','0','1','system:dept:view','fa fa-outdent','admin','2021-07-04 21:10:38','',NULL,'éƒ¨é—¨ç®¡ç†èœå•'),(104,'å²—ä½ç®¡ç†',2016,5,'/system/post','','C','0','1','system:post:view','fa fa-address-card-o','admin','2021-07-04 21:10:38','',NULL,'å²—ä½ç®¡ç†èœå•'),(105,'å­—å…¸ç®¡ç†',1,6,'/system/dict','','C','0','1','system:dict:view','fa fa-bookmark-o','admin','2021-07-04 21:10:38','',NULL,'å­—å…¸ç®¡ç†èœå•'),(106,'å‚æ•°è®¾ç½®',1,7,'/system/config','menuItem','C','1','1','system:config:view','fa fa-sun-o','admin','2021-07-04 21:10:38','admin','2021-07-15 22:36:18','å‚æ•°è®¾ç½®èœå•'),(107,'é€šçŸ¥å…¬å‘Š',2017,8,'/system/notice','','C','0','1','system:notice:view','fa fa-bullhorn','admin','2021-07-04 21:10:38','',NULL,'é€šçŸ¥å…¬å‘Šèœå•'),(108,'æ—¥å¿—ç®¡ç†',1,9,'#','menuItem','M','1','1','','fa fa-pencil-square-o','admin','2021-07-04 21:10:38','admin','2021-07-15 22:36:24','æ—¥å¿—ç®¡ç†èœå•'),(109,'åœ¨çº¿ç”¨æˆ·',2,1,'/monitor/online','','C','0','1','monitor:online:view','fa fa-user-circle','admin','2021-07-04 21:10:38','',NULL,'åœ¨çº¿ç”¨æˆ·èœå•'),(110,'å®šæ—¶ä»»åŠ¡',2,2,'/monitor/job','','C','0','1','monitor:job:view','fa fa-tasks','admin','2021-07-04 21:10:38','',NULL,'å®šæ—¶ä»»åŠ¡èœå•'),(111,'æ•°æ®ç›‘æ§',2,3,'/monitor/data','','C','0','1','monitor:data:view','fa fa-bug','admin','2021-07-04 21:10:38','',NULL,'æ•°æ®ç›‘æ§èœå•'),(112,'æœåŠ¡ç›‘æ§',2,4,'/monitor/server','','C','0','1','monitor:server:view','fa fa-server','admin','2021-07-04 21:10:38','',NULL,'æœåŠ¡ç›‘æ§èœå•'),(113,'ç¼“å­˜ç›‘æ§',2,5,'/monitor/cache','','C','0','1','monitor:cache:view','fa fa-cube','admin','2021-07-04 21:10:38','',NULL,'ç¼“å­˜ç›‘æ§èœå•'),(114,'è¡¨å•æ„å»º',3,1,'/tool/build','','C','0','1','tool:build:view','fa fa-wpforms','admin','2021-07-04 21:10:38','',NULL,'è¡¨å•æ„å»ºèœå•'),(115,'ä»£ç ç”Ÿæˆ',3,2,'/tool/gen','','C','0','1','tool:gen:view','fa fa-code','admin','2021-07-04 21:10:38','',NULL,'ä»£ç ç”Ÿæˆèœå•'),(116,'ç³»ç»Ÿæ¥å£',3,3,'/tool/swagger','','C','0','1','tool:swagger:view','fa fa-gg','admin','2021-07-04 21:10:38','',NULL,'ç³»ç»Ÿæ¥å£èœå•'),(500,'æ“ä½œæ—¥å¿—',108,1,'/monitor/operlog','','C','0','1','monitor:operlog:view','fa fa-address-book','admin','2021-07-04 21:10:38','',NULL,'æ“ä½œæ—¥å¿—èœå•'),(501,'ç™»å½•æ—¥å¿—',108,2,'/monitor/logininfor','','C','0','1','monitor:logininfor:view','fa fa-file-image-o','admin','2021-07-04 21:10:38','',NULL,'ç™»å½•æ—¥å¿—èœå•'),(1000,'ç”¨æˆ·æŸ¥è¯¢',100,1,'#','','F','0','1','system:user:list','#','admin','2021-07-04 21:10:38','',NULL,''),(1001,'ç”¨æˆ·æ–°å¢',100,2,'#','','F','0','1','system:user:add','#','admin','2021-07-04 21:10:38','',NULL,''),(1002,'ç”¨æˆ·ä¿®æ”¹',100,3,'#','','F','0','1','system:user:edit','#','admin','2021-07-04 21:10:38','',NULL,''),(1003,'ç”¨æˆ·åˆ é™¤',100,4,'#','','F','0','1','system:user:remove','#','admin','2021-07-04 21:10:38','',NULL,''),(1004,'ç”¨æˆ·å¯¼å‡º',100,5,'#','','F','0','1','system:user:export','#','admin','2021-07-04 21:10:38','',NULL,''),(1005,'ç”¨æˆ·å¯¼å…¥',100,6,'#','','F','0','1','system:user:import','#','admin','2021-07-04 21:10:38','',NULL,''),(1006,'é‡ç½®å¯†ç ',100,7,'#','','F','0','1','system:user:resetPwd','#','admin','2021-07-04 21:10:38','',NULL,''),(1007,'è§’è‰²æŸ¥è¯¢',101,1,'#','','F','0','1','system:role:list','#','admin','2021-07-04 21:10:38','',NULL,''),(1008,'è§’è‰²æ–°å¢',101,2,'#','','F','0','1','system:role:add','#','admin','2021-07-04 21:10:38','',NULL,''),(1009,'è§’è‰²ä¿®æ”¹',101,3,'#','','F','0','1','system:role:edit','#','admin','2021-07-04 21:10:38','',NULL,''),(1010,'è§’è‰²åˆ é™¤',101,4,'#','','F','0','1','system:role:remove','#','admin','2021-07-04 21:10:38','',NULL,''),(1011,'è§’è‰²å¯¼å‡º',101,5,'#','','F','0','1','system:role:export','#','admin','2021-07-04 21:10:38','',NULL,''),(1012,'èœå•æŸ¥è¯¢',102,1,'#','','F','0','1','system:menu:list','#','admin','2021-07-04 21:10:38','',NULL,''),(1013,'èœå•æ–°å¢',102,2,'#','','F','0','1','system:menu:add','#','admin','2021-07-04 21:10:38','',NULL,''),(1014,'èœå•ä¿®æ”¹',102,3,'#','','F','0','1','system:menu:edit','#','admin','2021-07-04 21:10:38','',NULL,''),(1015,'èœå•åˆ é™¤',102,4,'#','','F','0','1','system:menu:remove','#','admin','2021-07-04 21:10:38','',NULL,''),(1016,'éƒ¨é—¨æŸ¥è¯¢',103,1,'#','','F','0','1','system:dept:list','#','admin','2021-07-04 21:10:38','',NULL,''),(1017,'éƒ¨é—¨æ–°å¢',103,2,'#','','F','0','1','system:dept:add','#','admin','2021-07-04 21:10:38','',NULL,''),(1018,'éƒ¨é—¨ä¿®æ”¹',103,3,'#','','F','0','1','system:dept:edit','#','admin','2021-07-04 21:10:38','',NULL,''),(1019,'éƒ¨é—¨åˆ é™¤',103,4,'#','','F','0','1','system:dept:remove','#','admin','2021-07-04 21:10:38','',NULL,''),(1020,'å²—ä½æŸ¥è¯¢',104,1,'#','','F','0','1','system:post:list','#','admin','2021-07-04 21:10:38','',NULL,''),(1021,'å²—ä½æ–°å¢',104,2,'#','','F','0','1','system:post:add','#','admin','2021-07-04 21:10:38','',NULL,''),(1022,'å²—ä½ä¿®æ”¹',104,3,'#','','F','0','1','system:post:edit','#','admin','2021-07-04 21:10:38','',NULL,''),(1023,'å²—ä½åˆ é™¤',104,4,'#','','F','0','1','system:post:remove','#','admin','2021-07-04 21:10:38','',NULL,''),(1024,'å²—ä½å¯¼å‡º',104,5,'#','','F','0','1','system:post:export','#','admin','2021-07-04 21:10:38','',NULL,''),(1025,'å­—å…¸æŸ¥è¯¢',105,1,'#','','F','0','1','system:dict:list','#','admin','2021-07-04 21:10:38','',NULL,''),(1026,'å­—å…¸æ–°å¢',105,2,'#','','F','0','1','system:dict:add','#','admin','2021-07-04 21:10:38','',NULL,''),(1027,'å­—å…¸ä¿®æ”¹',105,3,'#','','F','0','1','system:dict:edit','#','admin','2021-07-04 21:10:38','',NULL,''),(1028,'å­—å…¸åˆ é™¤',105,4,'#','','F','0','1','system:dict:remove','#','admin','2021-07-04 21:10:38','',NULL,''),(1029,'å­—å…¸å¯¼å‡º',105,5,'#','','F','0','1','system:dict:export','#','admin','2021-07-04 21:10:38','',NULL,''),(1030,'å‚æ•°æŸ¥è¯¢',106,1,'#','','F','0','1','system:config:list','#','admin','2021-07-04 21:10:38','',NULL,''),(1031,'å‚æ•°æ–°å¢',106,2,'#','','F','0','1','system:config:add','#','admin','2021-07-04 21:10:38','',NULL,''),(1032,'å‚æ•°ä¿®æ”¹',106,3,'#','','F','0','1','system:config:edit','#','admin','2021-07-04 21:10:38','',NULL,''),(1033,'å‚æ•°åˆ é™¤',106,4,'#','','F','0','1','system:config:remove','#','admin','2021-07-04 21:10:38','',NULL,''),(1034,'å‚æ•°å¯¼å‡º',106,5,'#','','F','0','1','system:config:export','#','admin','2021-07-04 21:10:38','',NULL,''),(1035,'å…¬å‘ŠæŸ¥è¯¢',107,1,'#','','F','0','1','system:notice:list','#','admin','2021-07-04 21:10:38','',NULL,''),(1036,'å…¬å‘Šæ–°å¢',107,2,'#','','F','0','1','system:notice:add','#','admin','2021-07-04 21:10:38','',NULL,''),(1037,'å…¬å‘Šä¿®æ”¹',107,3,'#','','F','0','1','system:notice:edit','#','admin','2021-07-04 21:10:38','',NULL,''),(1038,'å…¬å‘Šåˆ é™¤',107,4,'#','','F','0','1','system:notice:remove','#','admin','2021-07-04 21:10:38','',NULL,''),(1039,'æ“ä½œæŸ¥è¯¢',500,1,'#','','F','0','1','monitor:operlog:list','#','admin','2021-07-04 21:10:38','',NULL,''),(1040,'æ“ä½œåˆ é™¤',500,2,'#','','F','0','1','monitor:operlog:remove','#','admin','2021-07-04 21:10:38','',NULL,''),(1041,'è¯¦ç»†ä¿¡æ¯',500,3,'#','','F','0','1','monitor:operlog:detail','#','admin','2021-07-04 21:10:38','',NULL,''),(1042,'æ—¥å¿—å¯¼å‡º',500,4,'#','','F','0','1','monitor:operlog:export','#','admin','2021-07-04 21:10:38','',NULL,''),(1043,'ç™»å½•æŸ¥è¯¢',501,1,'#','','F','0','1','monitor:logininfor:list','#','admin','2021-07-04 21:10:38','',NULL,''),(1044,'ç™»å½•åˆ é™¤',501,2,'#','','F','0','1','monitor:logininfor:remove','#','admin','2021-07-04 21:10:38','',NULL,''),(1045,'æ—¥å¿—å¯¼å‡º',501,3,'#','','F','0','1','monitor:logininfor:export','#','admin','2021-07-04 21:10:38','',NULL,''),(1046,'è´¦æˆ·è§£é”',501,4,'#','','F','0','1','monitor:logininfor:unlock','#','admin','2021-07-04 21:10:38','',NULL,''),(1047,'åœ¨çº¿æŸ¥è¯¢',109,1,'#','','F','0','1','monitor:online:list','#','admin','2021-07-04 21:10:38','',NULL,''),(1048,'æ‰¹é‡å¼ºé€€',109,2,'#','','F','0','1','monitor:online:batchForceLogout','#','admin','2021-07-04 21:10:38','',NULL,''),(1049,'å•æ¡å¼ºé€€',109,3,'#','','F','0','1','monitor:online:forceLogout','#','admin','2021-07-04 21:10:38','',NULL,''),(1050,'ä»»åŠ¡æŸ¥è¯¢',110,1,'#','','F','0','1','monitor:job:list','#','admin','2021-07-04 21:10:38','',NULL,''),(1051,'ä»»åŠ¡æ–°å¢',110,2,'#','','F','0','1','monitor:job:add','#','admin','2021-07-04 21:10:38','',NULL,''),(1052,'ä»»åŠ¡ä¿®æ”¹',110,3,'#','','F','0','1','monitor:job:edit','#','admin','2021-07-04 21:10:38','',NULL,''),(1053,'ä»»åŠ¡åˆ é™¤',110,4,'#','','F','0','1','monitor:job:remove','#','admin','2021-07-04 21:10:38','',NULL,''),(1054,'çŠ¶æ€ä¿®æ”¹',110,5,'#','','F','0','1','monitor:job:changeStatus','#','admin','2021-07-04 21:10:38','',NULL,''),(1055,'ä»»åŠ¡è¯¦ç»†',110,6,'#','','F','0','1','monitor:job:detail','#','admin','2021-07-04 21:10:38','',NULL,''),(1056,'ä»»åŠ¡å¯¼å‡º',110,7,'#','','F','0','1','monitor:job:export','#','admin','2021-07-04 21:10:38','',NULL,''),(1057,'ç”ŸæˆæŸ¥è¯¢',115,1,'#','','F','0','1','tool:gen:list','#','admin','2021-07-04 21:10:38','',NULL,''),(1058,'ç”Ÿæˆä¿®æ”¹',115,2,'#','','F','0','1','tool:gen:edit','#','admin','2021-07-04 21:10:38','',NULL,''),(1059,'ç”Ÿæˆåˆ é™¤',115,3,'#','','F','0','1','tool:gen:remove','#','admin','2021-07-04 21:10:38','',NULL,''),(1060,'é¢„è§ˆä»£ç ',115,4,'#','','F','0','1','tool:gen:preview','#','admin','2021-07-04 21:10:38','',NULL,''),(1061,'ç”Ÿæˆä»£ç ',115,5,'#','','F','0','1','tool:gen:code','#','admin','2021-07-04 21:10:38','',NULL,''),(2000,'è€ƒå‹¤ä¸å·¥èµ„',0,6,'#','menuItem','M','0','1',NULL,'fa fa-adjust','admin','2021-07-05 20:57:11','',NULL,''),(2001,'è–ªèµ„è®¾ç½®',0,5,'#','menuItem','M','0','1',NULL,'fa fa-cart-plus','admin','2021-07-05 20:58:36','',NULL,''),(2002,'è–ªèµ„é…ç½®',2001,1,'/salary/allocation','menuItem','C','0','1','salary:allocation:view','#','admin','2021-07-05 21:03:13','admin','2021-07-05 22:00:06',''),(2003,'è–ªèµ„é…ç½®æŸ¥è¯¢',2002,1,'#','menuItem','F','0','1','salary:allocation:list','#','admin','2021-07-05 22:05:58','admin','2021-07-05 22:06:22',''),(2004,'è€ƒå‹¤ç®¡ç†',2000,1,'/salary/work','menuItem','C','0','1','salary:work:view','#','admin','2021-07-07 21:09:14','',NULL,''),(2005,'ä¸Šç­æ‰“å¡',2004,1,'#','menuItem','F','0','1','salary:work:add','#','admin','2021-07-08 21:22:22','',NULL,''),(2006,'ä¸‹ç­æ‰“å¡',2004,2,'#','menuItem','F','0','1','salary:work:add','#','admin','2021-07-08 21:22:35','',NULL,''),(2007,'å¯¼å‡º',2004,3,'#','menuItem','F','0','1','salary:work:export','#','admin','2021-07-08 21:22:54','',NULL,''),(2008,'è¯·å‡ç®¡ç†',2000,2,'/business/level','menuItem','C','0','1','business:level:view','#','admin','2021-07-08 21:59:07','',NULL,''),(2010,'å²—ä½è–ªèµ„é…ç½®',2001,2,'business/salaryallocation','menuItem','C','0','1','business:postList:view','#','admin','2021-07-10 14:12:36','admin','2021-07-10 14:20:54',''),(2011,'è–ªèµ„æ ¸ç®—',2001,3,'/business/account','menuItem','C','0','1','business:account:view','#','admin','2021-07-12 20:32:00','',NULL,''),(2012,'å‘˜å·¥ç®¡ç†',0,1,'#','menuItem','M','0','1',NULL,'fa fa-address-book','admin','2021-07-15 22:29:20','',NULL,''),(2013,'è§’è‰²ç®¡ç†',0,2,'#','menuItem','M','0','1',NULL,'fa fa-blind','admin','2021-07-15 22:31:55','',NULL,''),(2014,'éƒ¨é—¨ç®¡ç†',0,3,'#','menuItem','M','0','1',NULL,'fa fa-hashtag','admin','2021-07-15 22:32:54','',NULL,''),(2016,'å²—ä½ç®¡ç†',0,4,'#','menuItem','M','0','1',NULL,'fa fa-asterisk','admin','2021-07-15 22:34:12','',NULL,''),(2017,'é€šçŸ¥å…¬å‘Š',0,7,'#','menuItem','M','0','1',NULL,'fa fa-graduation-cap','admin','2021-07-15 22:35:10','',NULL,''),(2018,'å·¥èµ„æ¡',2000,3,'/business/account/accountPer','menuItem','C','0','1','business:accountPer:view','#','admin','2021-07-15 22:39:43','admin','2021-07-17 11:56:39',''),(2019,'åˆ—è¡¨',2004,1,'#','menuItem','F','0','1','salary:work:list','#','admin','2021-07-17 14:06:19','',NULL,''),(2020,'åˆ—è¡¨',2008,1,'#','menuItem','F','0','1','business:level:list','#','admin','2021-07-17 14:07:03','',NULL,''),(2021,'æ–°å¢',2008,2,'#','menuItem','F','0','1','business:level:add','#','admin','2021-07-17 17:38:18','',NULL,''),(2022,'å¯¼å‡º',2008,3,'#','menuItem','F','0','1','business:salaryallocation:export','#','admin','2021-07-17 17:38:43','admin','2021-07-26 21:38:06',''),(2023,'ç¼–è¾‘',2008,4,'#','menuItem','F','0','1','business:level:edit','#','admin','2021-07-17 17:39:03','',NULL,''),(2024,'åˆ é™¤',2008,5,'#','menuItem','F','0','1','business:level:remove','#','admin','2021-07-17 17:39:25','',NULL,''),(2025,'å®¡æ‰¹',2008,6,'#','menuItem','F','0','1','business:level:shenpi','#','admin','2021-07-17 17:43:26','',NULL,''),(2026,'æ–°å¢',2002,2,'#','menuItem','F','0','1','salary:allocation:add','#','admin','2021-07-17 20:51:19','',NULL,''),(2027,'ä¿®æ”¹',2002,3,'#','menuItem','F','0','1','salary:allocation:edit','#','admin','2021-07-17 20:51:39','',NULL,''),(2028,'åˆªé™¤',2002,4,'#','menuItem','F','0','1','salary:allocation:remove','#','admin','2021-07-17 20:51:53','',NULL,''),(2029,'å¯¼å‡º',2002,5,'#','menuItem','F','0','1','salary:allocation:export','#','admin','2021-07-17 20:52:11','',NULL,''),(2030,'åˆ—è¡¨',2010,1,'#','menuItem','F','0','1','business:post:list','#','admin','2021-07-26 20:27:33','admin','2021-07-26 21:02:52',''),(2031,'åˆ—è¡¨',2011,1,'#','menuItem','F','0','1','business:account:list','#','admin','2021-07-26 20:52:53','',NULL,''),(2032,'æ·»åŠ ',2011,2,'#','menuItem','F','0','1','business:account:add','#','admin','2021-07-26 20:53:38','',NULL,''),(2033,'åˆ é™¤',2011,3,'#','menuItem','F','0','1','business:account:remove','#','admin','2021-07-26 20:54:00','',NULL,''),(2034,'å¯¼å‡º',2011,4,'#','menuItem','F','0','1','business:account:export','#','admin','2021-07-26 20:54:17','',NULL,''),(2035,'å­åˆ—è¡¨',2010,2,'#','menuItem','F','0','1','business:salaryallocation:list','#','admin','2021-07-26 21:25:02','admin','2021-07-26 21:34:23',''),(2036,'å­—åˆ—è¡¨-æ–°å¢',2010,3,'#','menuItem','F','0','1','business:salaryallocation:add','#','admin','2021-07-26 21:28:23','admin','2021-07-26 21:37:02',''),(2037,'å­—åˆ—è¡¨-å¯¼å‡º',2010,4,'#','menuItem','F','0','1','salary:allocation:export','#','admin','2021-07-26 21:30:39','',NULL,''),(2038,'å­—åˆ—è¡¨-åˆ é™¤',2010,5,'#','menuItem','F','0','1','business:salaryallocation:remove','#','admin','2021-07-26 21:31:37','admin','2021-07-26 21:39:35','');

/*Table structure for table `sys_notice` */

DROP TABLE IF EXISTS `sys_notice`;

CREATE TABLE `sys_notice` (
  `notice_id` int(4) NOT NULL AUTO_INCREMENT COMMENT 'å…¬å‘ŠID',
  `notice_title` varchar(50) NOT NULL COMMENT 'å…¬å‘Šæ ‡é¢˜',
  `notice_type` char(1) NOT NULL COMMENT 'å…¬å‘Šç±»å‹ï¼ˆ1é€šçŸ¥ 2å…¬å‘Šï¼‰',
  `notice_content` varchar(20000) DEFAULT NULL COMMENT 'å…¬å‘Šå†…å®¹',
  `status` char(1) DEFAULT '0' COMMENT 'å…¬å‘ŠçŠ¶æ€ï¼ˆ0æ­£å¸¸ 1å…³é—­ï¼‰',
  `create_by` varchar(64) DEFAULT '' COMMENT 'åˆ›å»ºè€…',
  `create_time` datetime DEFAULT NULL COMMENT 'åˆ›å»ºæ—¶é—´',
  `update_by` varchar(64) DEFAULT '' COMMENT 'æ›´æ–°è€…',
  `update_time` datetime DEFAULT NULL COMMENT 'æ›´æ–°æ—¶é—´',
  `remark` varchar(255) DEFAULT NULL COMMENT 'å¤‡æ³¨',
  PRIMARY KEY (`notice_id`) USING BTREE
) ENGINE=InnoDB AUTO_INCREMENT=2 DEFAULT CHARSET=utf8 ROW_FORMAT=DYNAMIC COMMENT='é€šçŸ¥å…¬å‘Šè¡¨';

/*Data for the table `sys_notice` */

insert  into `sys_notice`(`notice_id`,`notice_title`,`notice_type`,`notice_content`,`status`,`create_by`,`create_time`,`update_by`,`update_time`,`remark`) values (1,'åˆ°å²—äººå‘˜æµ‹æ¸©æƒ…å†µæ—¥é€šæŠ¥','2','<p style=\"padding: 0px; margin-bottom: 0px; color: rgb(0, 0, 0); font-family: å¾®è½¯é›…é»‘; font-size: 16px; text-align: justify; line-height: 37px;\"><span style=\"font-family: ä»¿å®‹_GB2312; font-size: 21px;\">å…¬å¸å„éƒ¨ï¼š</span></p><p style=\"padding: 0px; margin-bottom: 0px; color: rgb(0, 0, 0); font-family: å¾®è½¯é›…é»‘; font-size: 16px; text-align: justify; line-height: 37px; text-indent: 43px;\"><span style=\"font-family: ä»¿å®‹_GB2312; font-size: 21px;\">ä¸ºåŠ å¼ºå¸¸æ€åŒ–ç–«æƒ…é˜²æ§å·¥ä½œè½å®è½åœ°ï¼Œç£ä¿ƒç–«æƒ…é˜²æ§æªæ–½æœ‰æ•ˆæ‰§è¡Œï¼Œç°å¯¹7æœˆ13æ—¥åˆ°å²—äººå‘˜æµ‹æ¸©æƒ…å†µé€šæŠ¥å¦‚ä¸‹ï¼š</span></p><p style=\"padding: 0px; margin-bottom: 0px; color: rgb(0, 0, 0); font-family: å¾®è½¯é›…é»‘; font-size: 16px; text-align: justify; line-height: 37px; text-indent: 43px;\"><span style=\"font-family: ä»¿å®‹_GB2312; font-size: 21px;\">ä»Šæ—¥å…¬å¸åˆ°å²—äººæ•°</span><span style=\"font-family: ä»¿å®‹_GB2312; font-size: 21px;\">903</span><span style=\"font-family: ä»¿å®‹_GB2312; font-size: 21px;\">äººï¼Œ</span><span style=\"font-family: ä»¿å®‹_GB2312; font-size: 21px;\">å·²</span><span style=\"font-family: ä»¿å®‹_GB2312; font-size: 21px;\">æµ‹æ¸©äººæ•°</span><span style=\"font-family: ä»¿å®‹_GB2312; font-size: 21px;\">903</span><span style=\"font-family: ä»¿å®‹_GB2312; font-size: 21px;\">äººï¼Œæœªæµ‹æ¸©äººæ•°</span><span style=\"font-family: ä»¿å®‹_GB2312; font-size: 21px;\">0</span><span style=\"font-family: ä»¿å®‹_GB2312; font-size: 21px;\">äººï¼Œè¯¦è§</span><span style=\"font-family: ä»¿å®‹_GB2312; font-size: 21px;\">ä¸‹è¡¨</span><span style=\"font-family: ä»¿å®‹_GB2312; font-size: 21px;\">ã€‚</span></p><table width=\"567\" style=\"margin-bottom: 10px; color: rgb(0, 0, 0); font-family: å¾®è½¯é›…é»‘; font-size: 16px; text-align: justify; background-color: rgb(255, 255, 255);\"><tbody><tr class=\"firstRow\" style=\"height: 38px;\"><td width=\"34\" valign=\"center\" style=\"padding-top: 1px; padding-right: 1px; padding-left: 1px; margin: 0px; background: transparent; border: 1px solid rgb(0, 0, 0);\"><p style=\"padding: 0px; margin-bottom: 0px; text-align: center; vertical-align: middle;\"><strong><span style=\"font-size: 15px;\">åºå·</span></strong></p></td><td width=\"191\" valign=\"center\" style=\"padding-top: 1px; padding-right: 1px; padding-left: 1px; margin: 0px; background: transparent; border-width: 1px 1px 1px 0px; border-style: solid solid solid none; border-color: rgb(0, 0, 0); border-image: initial;\"><p style=\"padding: 0px; margin-bottom: 0px; text-align: center; vertical-align: middle;\"><strong><span style=\"font-size: 15px;\">éƒ¨é—¨</span></strong></p></td><td width=\"124\" valign=\"center\" style=\"padding-top: 1px; padding-right: 1px; padding-left: 1px; margin: 0px; background: transparent; border-width: 1px 1px 1px 0px; border-style: solid solid solid none; border-color: rgb(0, 0, 0); border-image: initial;\"><p style=\"padding: 0px; margin-bottom: 0px; text-align: center; vertical-align: middle;\"><strong><span style=\"font-size: 15px;\">åˆ°å²—äººæ•°</span></strong></p></td><td width=\"105\" valign=\"center\" style=\"padding-top: 1px; padding-right: 1px; padding-left: 1px; margin: 0px; background: transparent; border-width: 1px 1px 1px 0px; border-style: solid solid solid none; border-color: rgb(0, 0, 0); border-image: initial;\"><p style=\"padding: 0px; margin-bottom: 0px; text-align: center; vertical-align: middle;\"><strong><span style=\"font-size: 15px;\">å·²æµ‹æ¸©äººæ•°</span></strong></p></td><td width=\"113\" valign=\"center\" style=\"padding-top: 1px; padding-right: 1px; padding-left: 1px; margin: 0px; background: transparent; border-width: 1px 1px 1px 0px; border-style: solid solid solid none; border-color: rgb(0, 0, 0); border-image: initial;\"><p style=\"padding: 0px; margin-bottom: 0px; text-align: center; vertical-align: middle;\"><strong><span style=\"font-size: 15px;\">æœªæµ‹æ¸©äººæ•°</span></strong></p></td></tr><tr style=\"height: 38px;\"><td width=\"34\" valign=\"center\" style=\"padding-top: 1px; padding-right: 1px; padding-left: 1px; margin: 0px; background: transparent; border-width: 0px 1px 1px; border-style: none solid solid; border-color: rgb(0, 0, 0); border-image: initial;\"><p style=\"padding: 0px; margin-bottom: 0px; text-align: center; vertical-align: middle;\"><span style=\"font-size: 15px;\">1</span></p></td><td width=\"191\" valign=\"center\" style=\"padding-top: 1px; padding-right: 1px; padding-left: 1px; margin: 0px; background: transparent; border-width: 0px 1px 1px 0px; border-style: none solid solid none; border-color: rgb(0, 0, 0); border-image: initial;\"><p style=\"padding: 0px; margin-bottom: 0px; text-align: center; vertical-align: middle;\"><span style=\"font-size: 15px;\">åŠå…¬å®¤</span></p></td><td width=\"124\" valign=\"center\" style=\"padding-top: 1px; padding-right: 1px; padding-left: 1px; margin: 0px; background: transparent; border-width: 0px 1px 1px 0px; border-style: none solid solid none; border-color: rgb(0, 0, 0); border-image: initial;\"><p style=\"padding: 0px; margin-bottom: 0px; text-align: center; vertical-align: middle;\"><span style=\"font-size: 15px;\">26</span></p></td><td width=\"105\" valign=\"center\" style=\"padding-top: 1px; padding-right: 1px; padding-left: 1px; margin: 0px; background: transparent; border-width: 0px 1px 1px 0px; border-style: none solid solid none; border-color: rgb(0, 0, 0); border-image: initial;\"><p style=\"padding: 0px; margin-bottom: 0px; text-align: center; vertical-align: middle;\"><span style=\"font-size: 15px;\">26</span></p></td><td width=\"113\" valign=\"center\" style=\"padding-top: 1px; padding-right: 1px; padding-left: 1px; margin: 0px; background: transparent; border-width: 0px 1px 1px 0px; border-style: none solid solid none; border-color: rgb(0, 0, 0); border-image: initial;\"><p style=\"padding: 0px; margin-bottom: 0px; text-align: center; vertical-align: middle;\"><span style=\"font-size: 15px;\">0</span></p></td></tr><tr style=\"height: 38px;\"><td width=\"34\" valign=\"center\" style=\"padding-top: 1px; padding-right: 1px; padding-left: 1px; margin: 0px; background: transparent; border-width: 0px 1px 1px; border-style: none solid solid; border-color: rgb(0, 0, 0); border-image: initial;\"><p style=\"padding: 0px; margin-bottom: 0px; text-align: center; vertical-align: middle;\"><span style=\"font-size: 15px;\">2</span></p></td><td width=\"191\" valign=\"center\" style=\"padding-top: 1px; padding-right: 1px; padding-left: 1px; margin: 0px; background: transparent; border-width: 0px 1px 1px 0px; border-style: none solid solid none; border-color: rgb(0, 0, 0); border-image: initial;\"><p style=\"padding: 0px; margin-bottom: 0px; text-align: center; vertical-align: middle;\"><span style=\"font-size: 15px;\">è´¢åŠ¡éƒ¨</span></p></td><td width=\"124\" valign=\"center\" style=\"padding-top: 1px; padding-right: 1px; padding-left: 1px; margin: 0px; background: transparent; border-width: 0px 1px 1px 0px; border-style: none solid solid none; border-color: rgb(0, 0, 0); border-image: initial;\"><p style=\"padding: 0px; margin-bottom: 0px; text-align: center; vertical-align: middle;\"><span style=\"font-size: 15px;\">10</span></p></td><td width=\"105\" valign=\"center\" style=\"padding-top: 1px; padding-right: 1px; padding-left: 1px; margin: 0px; background: transparent; border-width: 0px 1px 1px 0px; border-style: none solid solid none; border-color: rgb(0, 0, 0); border-image: initial;\"><p style=\"padding: 0px; margin-bottom: 0px; text-align: center; vertical-align: middle;\"><span style=\"font-size: 15px;\">10</span></p></td><td width=\"113\" valign=\"center\" style=\"padding-top: 1px; padding-right: 1px; padding-left: 1px; margin: 0px; background: transparent; border-width: 0px 1px 1px 0px; border-style: none solid solid none; border-color: rgb(0, 0, 0); border-image: initial;\"><p style=\"padding: 0px; margin-bottom: 0px; text-align: center; vertical-align: middle;\"><span style=\"font-size: 15px;\">0</span></p></td></tr><tr style=\"height: 38px;\"><td width=\"34\" valign=\"center\" style=\"padding-top: 1px; padding-right: 1px; padding-left: 1px; margin: 0px; background: transparent; border-width: 0px 1px 1px; border-style: none solid solid; border-color: rgb(0, 0, 0); border-image: initial;\"><p style=\"padding: 0px; margin-bottom: 0px; text-align: center; vertical-align: middle;\"><span style=\"font-size: 15px;\">3</span></p></td><td width=\"191\" valign=\"center\" style=\"padding-top: 1px; padding-right: 1px; padding-left: 1px; margin: 0px; background: transparent; border-width: 0px 1px 1px 0px; border-style: none solid solid none; border-color: rgb(0, 0, 0); border-image: initial;\"><p style=\"padding: 0px; margin-bottom: 0px; text-align: center; vertical-align: middle;\"><span style=\"font-size: 15px;\">äººåŠ›èµ„æºéƒ¨</span></p></td><td width=\"124\" valign=\"center\" style=\"padding-top: 1px; padding-right: 1px; padding-left: 1px; margin: 0px; background: transparent; border-width: 0px 1px 1px 0px; border-style: none solid solid none; border-color: rgb(0, 0, 0); border-image: initial;\"><p style=\"padding: 0px; margin-bottom: 0px; text-align: center; vertical-align: middle;\"><span style=\"font-size: 15px;\">13</span></p></td><td width=\"105\" valign=\"center\" style=\"padding-top: 1px; padding-right: 1px; padding-left: 1px; margin: 0px; background: transparent; border-width: 0px 1px 1px 0px; border-style: none solid solid none; border-color: rgb(0, 0, 0); border-image: initial;\"><p style=\"padding: 0px; margin-bottom: 0px; text-align: center; vertical-align: middle;\"><span style=\"font-size: 15px;\">13</span></p></td><td width=\"113\" valign=\"center\" style=\"padding-top: 1px; padding-right: 1px; padding-left: 1px; margin: 0px; background: transparent; border-width: 0px 1px 1px 0px; border-style: none solid solid none; border-color: rgb(0, 0, 0); border-image: initial;\"><p style=\"padding: 0px; margin-bottom: 0px; text-align: center; vertical-align: middle;\"><span style=\"font-size: 15px;\">0</span></p></td></tr></tbody></table><p style=\"padding: 0px; margin-bottom: 0px; color: rgb(0, 0, 0); font-family: å¾®è½¯é›…é»‘; font-size: 16px; text-align: justify; line-height: 37px; text-indent: 43px;\"><span style=\"font-family: ä»¿å®‹_GB2312; font-size: 21px;\">è¯·å„éƒ¨é—¨é«˜åº¦é‡è§†å¸¸æ€åŒ–ç–«æƒ…é˜²æ§å·¥ä½œï¼Œä¸¥æ ¼æ‰§è¡Œåˆ°å²—äººå‘˜æµ‹æ¸©è¦æ±‚ã€‚</span></p><p style=\"padding: 0px; margin-bottom: 0px; color: rgb(0, 0, 0); font-family: å¾®è½¯é›…é»‘; font-size: 16px; text-align: justify; line-height: 37px; text-indent: 43px;\"><span style=\"font-family: ä»¿å®‹_GB2312; font-size: 21px;\">&nbsp;</span></p><p style=\"padding: 0px; margin-bottom: 0px; color: rgb(0, 0, 0); font-family: å¾®è½¯é›…é»‘; font-size: 16px; text-align: right; line-height: 37px; text-indent: 21px;\"><span style=\"font-family: ä»¿å®‹_GB2312; font-size: 21px;\">ç–«æƒ…é˜²æ§å·¥ä½œé¢†å¯¼å°ç»„</span><span style=\"font-family: ä»¿å®‹_GB2312; font-size: 21px;\">åŠå…¬å®¤</span></p><p style=\"padding: 0px; margin-bottom: 0px; color: rgb(0, 0, 0); font-family: å¾®è½¯é›…é»‘; font-size: 16px; text-align: right;\"><span style=\"font-family: ä»¿å®‹_GB2312; font-size: 21px;\">2021å¹´7æœˆ13æ—¥</span></p><p style=\"padding: 0px; margin-bottom: 0px; color: rgb(0, 0, 0); font-family: å¾®è½¯é›…é»‘; font-size: 16px; text-align: justify; line-height: 37px; text-indent: 43px;\"><span style=\"font-family: ä»¿å®‹_GB2312; font-size: 21px;\"><br></span></p>','0','admin','2021-07-04 21:10:39','admin','2021-07-17 13:46:53','ç®¡ç†å‘˜');

/*Table structure for table `sys_oper_log` */

DROP TABLE IF EXISTS `sys_oper_log`;

CREATE TABLE `sys_oper_log` (
  `oper_id` bigint(20) NOT NULL AUTO_INCREMENT COMMENT 'æ—¥å¿—ä¸»é”®',
  `title` varchar(50) DEFAULT '' COMMENT 'æ¨¡å—æ ‡é¢˜',
  `business_type` int(2) DEFAULT '0' COMMENT 'ä¸šåŠ¡ç±»å‹ï¼ˆ0å…¶å®ƒ 1æ–°å¢ 2ä¿®æ”¹ 3åˆ é™¤ï¼‰',
  `method` varchar(100) DEFAULT '' COMMENT 'æ–¹æ³•åç§°',
  `request_method` varchar(10) DEFAULT '' COMMENT 'è¯·æ±‚æ–¹å¼',
  `operator_type` int(1) DEFAULT '0' COMMENT 'æ“ä½œç±»åˆ«ï¼ˆ0å…¶å®ƒ 1åå°ç”¨æˆ· 2æ‰‹æœºç«¯ç”¨æˆ·ï¼‰',
  `oper_name` varchar(50) DEFAULT '' COMMENT 'æ“ä½œäººå‘˜',
  `dept_name` varchar(50) DEFAULT '' COMMENT 'éƒ¨é—¨åç§°',
  `oper_url` varchar(255) DEFAULT '' COMMENT 'è¯·æ±‚URL',
  `oper_ip` varchar(128) DEFAULT '' COMMENT 'ä¸»æœºåœ°å€',
  `oper_location` varchar(255) DEFAULT '' COMMENT 'æ“ä½œåœ°ç‚¹',
  `oper_param` varchar(2000) DEFAULT '' COMMENT 'è¯·æ±‚å‚æ•°',
  `json_result` varchar(2000) DEFAULT '' COMMENT 'è¿”å›å‚æ•°',
  `status` int(1) DEFAULT '0' COMMENT 'æ“ä½œçŠ¶æ€ï¼ˆ0æ­£å¸¸ 1å¼‚å¸¸ï¼‰',
  `error_msg` varchar(2000) DEFAULT '' COMMENT 'é”™è¯¯æ¶ˆæ¯',
  `oper_time` datetime DEFAULT NULL COMMENT 'æ“ä½œæ—¶é—´',
  PRIMARY KEY (`oper_id`) USING BTREE
) ENGINE=InnoDB AUTO_INCREMENT=890 DEFAULT CHARSET=utf8 ROW_FORMAT=DYNAMIC COMMENT='æ“ä½œæ—¥å¿—è®°å½•';

/*Data for the table `sys_oper_log` */

insert  into `sys_oper_log`(`oper_id`,`title`,`business_type`,`method`,`request_method`,`operator_type`,`oper_name`,`dept_name`,`oper_url`,`oper_ip`,`oper_location`,`oper_param`,`json_result`,`status`,`error_msg`,`oper_time`) values (100,'ä¸ªäººä¿¡æ¯',2,'com.ruoyi.project.system.user.controller.ProfileController.updateAvatar()','POST',1,'admin','ç ”å‘éƒ¨é—¨','/system/user/profile/updateAvatar','127.0.0.1','å†…ç½‘IP','','{\"msg\":\"æ“ä½œæˆåŠŸ\",\"code\":0}',0,NULL,'2021-07-04 21:32:09'),(101,'è§’è‰²ç®¡ç†',1,'com.ruoyi.project.system.role.controller.RoleController.addSave()','POST',1,'admin','ç ”å‘éƒ¨é—¨','/system/role/add','127.0.0.1','å†…ç½‘IP','{\"roleName\":[\"è´¢åŠ¡äººå‘˜\"],\"roleKey\":[\"finance\"],\"roleSort\":[\"3\"],\"status\":[\"0\"],\"remark\":[\"\"],\"menuIds\":[\"\"]}','{\"msg\":\"æ“ä½œæˆåŠŸ\",\"code\":0}',0,NULL,'2021-07-05 20:55:45'),(102,'è§’è‰²ç®¡ç†',1,'com.ruoyi.project.system.role.controller.RoleController.addSave()','POST',1,'admin','ç ”å‘éƒ¨é—¨','/system/role/add','127.0.0.1','å†…ç½‘IP','{\"roleName\":[\"å®¡æ‰¹äººå‘˜ï¼ˆé¢†å¯¼ï¼‰\"],\"roleKey\":[\"approval\"],\"roleSort\":[\"4\"],\"status\":[\"0\"],\"remark\":[\"\"],\"menuIds\":[\"\"]}','{\"msg\":\"æ“ä½œæˆåŠŸ\",\"code\":0}',0,NULL,'2021-07-05 20:56:22'),(103,'èœå•ç®¡ç†',1,'com.ruoyi.project.system.menu.controller.MenuController.addSave()','POST',1,'admin','ç ”å‘éƒ¨é—¨','/system/menu/add','127.0.0.1','å†…ç½‘IP','{\"parentId\":[\"0\"],\"menuType\":[\"M\"],\"menuName\":[\"è€ƒå‹¤ä¸å·¥èµ„\"],\"url\":[\"\"],\"target\":[\"menuItem\"],\"perms\":[\"\"],\"orderNum\":[\"4\"],\"icon\":[\"fa fa-adjust\"],\"visible\":[\"0\"],\"isRefresh\":[\"1\"]}','{\"msg\":\"æ“ä½œæˆåŠŸ\",\"code\":0}',0,NULL,'2021-07-05 20:57:11'),(104,'èœå•ç®¡ç†',1,'com.ruoyi.project.system.menu.controller.MenuController.addSave()','POST',1,'admin','ç ”å‘éƒ¨é—¨','/system/menu/add','127.0.0.1','å†…ç½‘IP','{\"parentId\":[\"0\"],\"menuType\":[\"M\"],\"menuName\":[\"è–ªèµ„è®¾ç½®\"],\"url\":[\"\"],\"target\":[\"menuItem\"],\"perms\":[\"\"],\"orderNum\":[\"5\"],\"icon\":[\"fa fa-cart-plus\"],\"visible\":[\"0\"],\"isRefresh\":[\"1\"]}','{\"msg\":\"æ“ä½œæˆåŠŸ\",\"code\":0}',0,NULL,'2021-07-05 20:58:36'),(105,'èœå•ç®¡ç†',1,'com.ruoyi.project.system.menu.controller.MenuController.addSave()','POST',1,'admin','ç ”å‘éƒ¨é—¨','/system/menu/add','127.0.0.1','å†…ç½‘IP','{\"parentId\":[\"2001\"],\"menuType\":[\"C\"],\"menuName\":[\"è–ªèµ„é…ç½®\"],\"url\":[\"\"],\"target\":[\"menuItem\"],\"perms\":[\"\"],\"orderNum\":[\"1\"],\"icon\":[\"\"],\"visible\":[\"0\"],\"isRefresh\":[\"1\"]}','{\"msg\":\"æ“ä½œæˆåŠŸ\",\"code\":0}',0,NULL,'2021-07-05 21:03:13'),(106,'å­—å…¸ç±»å‹',1,'com.ruoyi.project.system.dict.controller.DictTypeController.addSave()','POST',1,'admin','ç ”å‘éƒ¨é—¨','/system/dict/add','127.0.0.1','å†…ç½‘IP','{\"dictName\":[\"è–ªèµ„é…ç½®-é¡¹ç›®ç±»å‹\"],\"dictType\":[\"salary_allocation_type\"],\"status\":[\"0\"],\"remark\":[\"è–ªèµ„é…ç½®-é¡¹ç›®ç±»å‹\"]}','{\"msg\":\"æ“ä½œæˆåŠŸ\",\"code\":0}',0,NULL,'2021-07-05 21:25:40'),(107,'å­—å…¸ç±»å‹',1,'com.ruoyi.project.system.dict.controller.DictTypeController.addSave()','POST',1,'admin','ç ”å‘éƒ¨é—¨','/system/dict/add','127.0.0.1','å†…ç½‘IP','{\"dictName\":[\"è–ªèµ„é…ç½®-è®¡ç®—è§„åˆ™\"],\"dictType\":[\"salary_allocation_rule\"],\"status\":[\"0\"],\"remark\":[\"è–ªèµ„é…ç½®-è®¡ç®—è§„åˆ™\"]}','{\"msg\":\"æ“ä½œæˆåŠŸ\",\"code\":0}',0,NULL,'2021-07-05 21:26:15'),(108,'å­—å…¸æ•°æ®',1,'com.ruoyi.project.system.dict.controller.DictDataController.addSave()','POST',1,'admin','ç ”å‘éƒ¨é—¨','/system/dict/data/add','127.0.0.1','å†…ç½‘IP','{\"dictLabel\":[\"1å¢åŠ \"],\"dictValue\":[\"1\"],\"dictType\":[\"salary_allocation_type\"],\"cssClass\":[\"\"],\"dictSort\":[\"1\"],\"listClass\":[\"\"],\"isDefault\":[\"Y\"],\"status\":[\"0\"],\"remark\":[\"\"]}','{\"msg\":\"æ“ä½œæˆåŠŸ\",\"code\":0}',0,NULL,'2021-07-05 21:27:07'),(109,'å­—å…¸æ•°æ®',1,'com.ruoyi.project.system.dict.controller.DictDataController.addSave()','POST',1,'admin','ç ”å‘éƒ¨é—¨','/system/dict/data/add','127.0.0.1','å†…ç½‘IP','{\"dictLabel\":[\"å‡å°‘\"],\"dictValue\":[\"0\"],\"dictType\":[\"salary_allocation_type\"],\"cssClass\":[\"\"],\"dictSort\":[\"2\"],\"listClass\":[\"\"],\"isDefault\":[\"Y\"],\"status\":[\"0\"],\"remark\":[\"\"]}','{\"msg\":\"æ“ä½œæˆåŠŸ\",\"code\":0}',0,NULL,'2021-07-05 21:27:17'),(110,'å­—å…¸æ•°æ®',2,'com.ruoyi.project.system.dict.controller.DictDataController.editSave()','POST',1,'admin','ç ”å‘éƒ¨é—¨','/system/dict/data/edit','127.0.0.1','å†…ç½‘IP','{\"dictCode\":[\"100\"],\"dictLabel\":[\"å¢åŠ \"],\"dictValue\":[\"1\"],\"dictType\":[\"salary_allocation_type\"],\"cssClass\":[\"\"],\"dictSort\":[\"1\"],\"listClass\":[\"\"],\"isDefault\":[\"Y\"],\"status\":[\"0\"],\"remark\":[\"\"]}','{\"msg\":\"æ“ä½œæˆåŠŸ\",\"code\":0}',0,NULL,'2021-07-05 21:27:22'),(111,'å­—å…¸æ•°æ®',1,'com.ruoyi.project.system.dict.controller.DictDataController.addSave()','POST',1,'admin','ç ”å‘éƒ¨é—¨','/system/dict/data/add','127.0.0.1','å†…ç½‘IP','{\"dictLabel\":[\"ç›´æ¥\"],\"dictValue\":[\"1\"],\"dictType\":[\"salary_allocation_rule\"],\"cssClass\":[\"\"],\"dictSort\":[\"1\"],\"listClass\":[\"\"],\"isDefault\":[\"Y\"],\"status\":[\"0\"],\"remark\":[\"\"]}','{\"msg\":\"æ“ä½œæˆåŠŸ\",\"code\":0}',0,NULL,'2021-07-05 21:27:53'),(112,'å­—å…¸æ•°æ®',1,'com.ruoyi.project.system.dict.controller.DictDataController.addSave()','POST',1,'admin','ç ”å‘éƒ¨é—¨','/system/dict/data/add','127.0.0.1','å†…ç½‘IP','{\"dictLabel\":[\"è®¡ç®—\"],\"dictValue\":[\"2\"],\"dictType\":[\"salary_allocation_rule\"],\"cssClass\":[\"\"],\"dictSort\":[\"2\"],\"listClass\":[\"\"],\"isDefault\":[\"Y\"],\"status\":[\"0\"],\"remark\":[\"\"]}','{\"msg\":\"æ“ä½œæˆåŠŸ\",\"code\":0}',0,NULL,'2021-07-05 21:28:04'),(113,'å­—å…¸ç±»å‹',1,'com.ruoyi.project.system.dict.controller.DictTypeController.addSave()','POST',1,'admin','ç ”å‘éƒ¨é—¨','/system/dict/add','127.0.0.1','å†…ç½‘IP','{\"dictName\":[\"salary_allocation_grade\"],\"dictType\":[\"è–ªèµ„é…ç½®-è–ªèµ„ç­‰çº§\"],\"status\":[\"0\"],\"remark\":[\"\"]}','{\"msg\":\"æ“ä½œæˆåŠŸ\",\"code\":0}',0,NULL,'2021-07-05 21:33:05'),(114,'å­—å…¸ç±»å‹',2,'com.ruoyi.project.system.dict.controller.DictTypeController.editSave()','POST',1,'admin','ç ”å‘éƒ¨é—¨','/system/dict/edit','127.0.0.1','å†…ç½‘IP','{\"dictId\":[\"102\"],\"dictName\":[\"è–ªèµ„é…ç½®-è–ªèµ„ç­‰çº§\"],\"dictType\":[\"salary_allocation_grade\"],\"status\":[\"0\"],\"remark\":[\"\"]}','{\"msg\":\"æ“ä½œæˆåŠŸ\",\"code\":0}',0,NULL,'2021-07-05 21:33:28'),(115,'å­—å…¸ç±»å‹',2,'com.ruoyi.project.system.dict.controller.DictTypeController.editSave()','POST',1,'admin','ç ”å‘éƒ¨é—¨','/system/dict/edit','127.0.0.1','å†…ç½‘IP','{\"dictId\":[\"102\"],\"dictName\":[\"è–ªèµ„é…ç½®-è–ªèµ„ç­‰çº§\"],\"dictType\":[\"salary_allocation_grade\"],\"status\":[\"0\"],\"remark\":[\"è–ªèµ„é…ç½®-è–ªèµ„ç­‰çº§\"]}','{\"msg\":\"æ“ä½œæˆåŠŸ\",\"code\":0}',0,NULL,'2021-07-05 21:34:02'),(116,'å­—å…¸ç±»å‹',3,'com.ruoyi.project.system.dict.controller.DictTypeController.remove()','POST',1,'admin','ç ”å‘éƒ¨é—¨','/system/dict/remove','127.0.0.1','å†…ç½‘IP','{\"ids\":[\"102\"]}','{\"msg\":\"æ“ä½œæˆåŠŸ\",\"code\":0}',0,NULL,'2021-07-05 21:34:45'),(117,'å­—å…¸ç±»å‹',1,'com.ruoyi.project.system.dict.controller.DictTypeController.addSave()','POST',1,'admin','ç ”å‘éƒ¨é—¨','/system/dict/add','127.0.0.1','å†…ç½‘IP','{\"dictName\":[\"è–ªèµ„é…ç½®-è–ªèµ„ç­‰çº§\"],\"dictType\":[\"salary_allocation_grade\"],\"status\":[\"0\"],\"remark\":[\"è–ªèµ„é…ç½®-è–ªèµ„ç­‰çº§\"]}','{\"msg\":\"æ“ä½œæˆåŠŸ\",\"code\":0}',0,NULL,'2021-07-05 21:35:06'),(118,'å­—å…¸æ•°æ®',1,'com.ruoyi.project.system.dict.controller.DictDataController.addSave()','POST',1,'admin','ç ”å‘éƒ¨é—¨','/system/dict/data/add','127.0.0.1','å†…ç½‘IP','{\"dictLabel\":[\"ç­‰çº§1\"],\"dictValue\":[\"1\"],\"dictType\":[\"salary_allocation_grade\"],\"cssClass\":[\"\"],\"dictSort\":[\"1\"],\"listClass\":[\"\"],\"isDefault\":[\"Y\"],\"status\":[\"0\"],\"remark\":[\"\"]}','{\"msg\":\"æ“ä½œæˆåŠŸ\",\"code\":0}',0,NULL,'2021-07-05 21:35:18'),(119,'å­—å…¸æ•°æ®',1,'com.ruoyi.project.system.dict.controller.DictDataController.addSave()','POST',1,'admin','ç ”å‘éƒ¨é—¨','/system/dict/data/add','127.0.0.1','å†…ç½‘IP','{\"dictLabel\":[\"ç­‰çº§2\"],\"dictValue\":[\"2\"],\"dictType\":[\"salary_allocation_grade\"],\"cssClass\":[\"\"],\"dictSort\":[\"2\"],\"listClass\":[\"\"],\"isDefault\":[\"Y\"],\"status\":[\"0\"],\"remark\":[\"\"]}','{\"msg\":\"æ“ä½œæˆåŠŸ\",\"code\":0}',0,NULL,'2021-07-05 21:35:26'),(120,'å­—å…¸æ•°æ®',1,'com.ruoyi.project.system.dict.controller.DictDataController.addSave()','POST',1,'admin','ç ”å‘éƒ¨é—¨','/system/dict/data/add','127.0.0.1','å†…ç½‘IP','{\"dictLabel\":[\"ç­‰çº§3\"],\"dictValue\":[\"3\"],\"dictType\":[\"salary_allocation_grade\"],\"cssClass\":[\"\"],\"dictSort\":[\"3\"],\"listClass\":[\"\"],\"isDefault\":[\"Y\"],\"status\":[\"0\"],\"remark\":[\"\"]}','{\"msg\":\"æ“ä½œæˆåŠŸ\",\"code\":0}',0,NULL,'2021-07-05 21:35:32'),(121,'å­—å…¸æ•°æ®',1,'com.ruoyi.project.system.dict.controller.DictDataController.addSave()','POST',1,'admin','ç ”å‘éƒ¨é—¨','/system/dict/data/add','127.0.0.1','å†…ç½‘IP','{\"dictLabel\":[\"ç­‰çº§4\"],\"dictValue\":[\"4\"],\"dictType\":[\"salary_allocation_grade\"],\"cssClass\":[\"\"],\"dictSort\":[\"4\"],\"listClass\":[\"\"],\"isDefault\":[\"Y\"],\"status\":[\"0\"],\"remark\":[\"\"]}','{\"msg\":\"æ“ä½œæˆåŠŸ\",\"code\":0}',0,NULL,'2021-07-05 21:35:43'),(122,'å­—å…¸æ•°æ®',1,'com.ruoyi.project.system.dict.controller.DictDataController.addSave()','POST',1,'admin','ç ”å‘éƒ¨é—¨','/system/dict/data/add','127.0.0.1','å†…ç½‘IP','{\"dictLabel\":[\"ç­‰çº§5\"],\"dictValue\":[\"5\"],\"dictType\":[\"salary_allocation_grade\"],\"cssClass\":[\"\"],\"dictSort\":[\"5\"],\"listClass\":[\"\"],\"isDefault\":[\"Y\"],\"status\":[\"0\"],\"remark\":[\"\"]}','{\"msg\":\"æ“ä½œæˆåŠŸ\",\"code\":0}',0,NULL,'2021-07-05 21:35:52'),(123,'ä»£ç ç”Ÿæˆ',6,'com.ruoyi.project.tool.gen.controller.GenController.importTableSave()','POST',1,'admin','ç ”å‘éƒ¨é—¨','/tool/gen/importTable','127.0.0.1','å†…ç½‘IP','{\"tables\":[\"tbl_salary_allocation\"]}',NULL,1,'å¯¼å…¥å¤±è´¥ï¼š\r\n### Error updating database.  Cause: java.sql.SQLSyntaxErrorException: Table \'salary-management-system.gen_table_column\' doesn\'t exist\r\n### The error may exist in file [E:\\æ¯•è®¾\\è–ªèµ„ç®¡ç†ç³»ç»Ÿ\\salary-management-system\\target\\classes\\mybatis\\tool\\GenTableColumnMapper.xml]\r\n### The error may involve com.ruoyi.project.tool.gen.mapper.GenTableColumnMapper.insertGenTableColumn-Inline\r\n### The error occurred while setting parameters\r\n### SQL: insert into gen_table_column (     table_id,      column_name,      column_comment,      column_type,      java_type,      java_field,      is_pk,      is_increment,           is_insert,                          html_type,           sort,      create_by,     create_time          )values(     ?,      ?,      ?,      ?,      ?,      ?,      ?,      ?,           ?,                          ?,           ?,      ?,     sysdate()          )\r\n### Cause: java.sql.SQLSyntaxErrorException: Table \'salary-management-system.gen_table_column\' doesn\'t exist\n; bad SQL grammar []; nested exception is java.sql.SQLSyntaxErrorException: Table \'salary-management-system.gen_table_column\' doesn\'t exist','2021-07-05 21:38:43'),(124,'ä»£ç ç”Ÿæˆ',6,'com.ruoyi.project.tool.gen.controller.GenController.importTableSave()','POST',1,'admin','ç ”å‘éƒ¨é—¨','/tool/gen/importTable','127.0.0.1','å†…ç½‘IP','{\"tables\":[\"tbl_salary_allocation\"]}','{\"msg\":\"æ“ä½œæˆåŠŸ\",\"code\":0}',0,NULL,'2021-07-05 21:39:39'),(125,'ä»£ç ç”Ÿæˆ',3,'com.ruoyi.project.tool.gen.controller.GenController.remove()','POST',1,'admin','ç ”å‘éƒ¨é—¨','/tool/gen/remove','127.0.0.1','å†…ç½‘IP','{\"ids\":[\"12\"]}','{\"msg\":\"æ“ä½œæˆåŠŸ\",\"code\":0}',0,NULL,'2021-07-05 21:42:35'),(126,'ä»£ç ç”Ÿæˆ',6,'com.ruoyi.project.tool.gen.controller.GenController.importTableSave()','POST',1,'admin','ç ”å‘éƒ¨é—¨','/tool/gen/importTable','127.0.0.1','å†…ç½‘IP','{\"tables\":[\"tbl_salary_allocation\"]}','{\"msg\":\"æ“ä½œæˆåŠŸ\",\"code\":0}',0,NULL,'2021-07-05 21:42:39'),(127,'ä»£ç ç”Ÿæˆ',2,'com.ruoyi.project.tool.gen.controller.GenController.editSave()','POST',1,'admin','ç ”å‘éƒ¨é—¨','/tool/gen/edit','127.0.0.1','å†…ç½‘IP','{\"tableId\":[\"13\"],\"tableName\":[\"tbl_salary_allocation\"],\"tableComment\":[\"è–ªèµ„é…ç½®è¡¨\"],\"className\":[\"SalaryAllocation\"],\"functionAuthor\":[\"au\"],\"remark\":[\"\"],\"columns[0].columnId\":[\"35\"],\"columns[0].sort\":[\"1\"],\"columns[0].columnComment\":[\"ä¸»é”®\"],\"columns[0].javaType\":[\"Long\"],\"columns[0].javaField\":[\"id\"],\"columns[0].isInsert\":[\"1\"],\"columns[0].queryType\":[\"EQ\"],\"columns[0].htmlType\":[\"input\"],\"columns[0].dictType\":[\"\"],\"columns[1].columnId\":[\"36\"],\"columns[1].sort\":[\"2\"],\"columns[1].columnComment\":[\"é¡¹ç›®åç§°\"],\"columns[1].javaType\":[\"String\"],\"columns[1].javaField\":[\"name\"],\"columns[1].isInsert\":[\"1\"],\"columns[1].isEdit\":[\"1\"],\"columns[1].isList\":[\"1\"],\"columns[1].isQuery\":[\"1\"],\"columns[1].queryType\":[\"LIKE\"],\"columns[1].htmlType\":[\"input\"],\"columns[1].dictType\":[\"\"],\"columns[2].columnId\":[\"37\"],\"columns[2].sort\":[\"3\"],\"columns[2].columnComment\":[\"é¡¹ç›®ç±»å‹\"],\"columns[2].javaType\":[\"String\"],\"columns[2].javaField\":[\"type\"],\"columns[2].isInsert\":[\"1\"],\"columns[2].isEdit\":[\"1\"],\"columns[2].isList\":[\"1\"],\"columns[2].isQuery\":[\"1\"],\"columns[2].queryType\":[\"EQ\"],\"columns[2].htmlType\":[\"radio\"],\"columns[2].dictType\":[\"salary_allocation_type\"],\"columns[3].columnId\":[\"38\"],\"columns[3].sort\":[\"4\"],\"columns[3].columnComment\":[\"è®¡ç®—è§„åˆ™\"],\"columns[3].javaType\":[\"String\"],\"columns[3].javaField\":[\"rule\"],\"columns[3].isInsert\":[\"1\"],\"columns[3].isEdit\":[\"1\"],\"columns[3].isList\":[\"1\"],\"columns[3].isQuery\":[\"1\"],\"columns[3].queryType\":[\"EQ\"],\"columns[3].htmlType\":[\"radio\"],\"columns[3].dictType\":[\"salary_allocation_rule\"],\"columns[4].columnId\":[\"39\"],\"columns[4].sort\":[\"5\"],\"columns[4].columnComment\":[\"æ¶‰åŠé‡‘é¢\"],\"columns[4].javaType\":[\"BigDecimal\"],\"columns[4].javaField\":[\"money\"],\"columns[4].isInsert\":[\"1\"],\"columns[4].isEdit\":[\"1\"],\"columns[4].isList\":[\"1\"],\"columns[4].isQuery\":[\"1\"],\"columns[4].queryType\":[\"EQ\"],\"columns[4].htmlType\":[\"input\"],\"columns[4].dictType\":[\"\"],\"columns[5].columnId\":[\"40\"],\"columns[5].sort\":[\"6\"],\"columns[5].columnComment\":[\"çŠ¶æ€\"],\"columns[5].javaType\":[\"String\"],\"columns[5].','{\"msg\":\"æ“ä½œæˆåŠŸ\",\"code\":0}',0,NULL,'2021-07-05 21:44:22'),(128,'å­—å…¸ç±»å‹',1,'com.ruoyi.project.system.dict.controller.DictTypeController.addSave()','POST',1,'admin','ç ”å‘éƒ¨é—¨','/system/dict/add','127.0.0.1','å†…ç½‘IP','{\"dictName\":[\"é€šç”¨çŠ¶æ€\"],\"dictType\":[\"state\"],\"status\":[\"0\"],\"remark\":[\"\"]}','{\"msg\":\"æ“ä½œæˆåŠŸ\",\"code\":0}',0,NULL,'2021-07-05 21:45:01'),(129,'å­—å…¸æ•°æ®',1,'com.ruoyi.project.system.dict.controller.DictDataController.addSave()','POST',1,'admin','ç ”å‘éƒ¨é—¨','/system/dict/data/add','127.0.0.1','å†…ç½‘IP','{\"dictLabel\":[\"å¯ç”¨\"],\"dictValue\":[\"1\"],\"dictType\":[\"state\"],\"cssClass\":[\"\"],\"dictSort\":[\"1\"],\"listClass\":[\"\"],\"isDefault\":[\"Y\"],\"status\":[\"0\"],\"remark\":[\"\"]}','{\"msg\":\"æ“ä½œæˆåŠŸ\",\"code\":0}',0,NULL,'2021-07-05 21:45:17'),(130,'å­—å…¸æ•°æ®',1,'com.ruoyi.project.system.dict.controller.DictDataController.addSave()','POST',1,'admin','ç ”å‘éƒ¨é—¨','/system/dict/data/add','127.0.0.1','å†…ç½‘IP','{\"dictLabel\":[\"åœç”¨\"],\"dictValue\":[\"0\"],\"dictType\":[\"state\"],\"cssClass\":[\"\"],\"dictSort\":[\"2\"],\"listClass\":[\"\"],\"isDefault\":[\"Y\"],\"status\":[\"0\"],\"remark\":[\"\"]}','{\"msg\":\"æ“ä½œæˆåŠŸ\",\"code\":0}',0,NULL,'2021-07-05 21:45:27'),(131,'ä»£ç ç”Ÿæˆ',2,'com.ruoyi.project.tool.gen.controller.GenController.editSave()','POST',1,'admin','ç ”å‘éƒ¨é—¨','/tool/gen/edit','127.0.0.1','å†…ç½‘IP','{\"tableId\":[\"13\"],\"tableName\":[\"tbl_salary_allocation\"],\"tableComment\":[\"è–ªèµ„é…ç½®è¡¨\"],\"className\":[\"SalaryAllocation\"],\"functionAuthor\":[\"au\"],\"remark\":[\"\"],\"columns[0].columnId\":[\"35\"],\"columns[0].sort\":[\"1\"],\"columns[0].columnComment\":[\"ä¸»é”®\"],\"columns[0].javaType\":[\"Long\"],\"columns[0].javaField\":[\"id\"],\"columns[0].isInsert\":[\"1\"],\"columns[0].queryType\":[\"EQ\"],\"columns[0].htmlType\":[\"input\"],\"columns[0].dictType\":[\"\"],\"columns[1].columnId\":[\"36\"],\"columns[1].sort\":[\"2\"],\"columns[1].columnComment\":[\"é¡¹ç›®åç§°\"],\"columns[1].javaType\":[\"String\"],\"columns[1].javaField\":[\"name\"],\"columns[1].isInsert\":[\"1\"],\"columns[1].isEdit\":[\"1\"],\"columns[1].isList\":[\"1\"],\"columns[1].isQuery\":[\"1\"],\"columns[1].queryType\":[\"LIKE\"],\"columns[1].htmlType\":[\"input\"],\"columns[1].dictType\":[\"\"],\"columns[2].columnId\":[\"37\"],\"columns[2].sort\":[\"3\"],\"columns[2].columnComment\":[\"é¡¹ç›®ç±»å‹\"],\"columns[2].javaType\":[\"String\"],\"columns[2].javaField\":[\"type\"],\"columns[2].isInsert\":[\"1\"],\"columns[2].isEdit\":[\"1\"],\"columns[2].isList\":[\"1\"],\"columns[2].isQuery\":[\"1\"],\"columns[2].queryType\":[\"EQ\"],\"columns[2].htmlType\":[\"radio\"],\"columns[2].dictType\":[\"salary_allocation_type\"],\"columns[3].columnId\":[\"38\"],\"columns[3].sort\":[\"4\"],\"columns[3].columnComment\":[\"è®¡ç®—è§„åˆ™\"],\"columns[3].javaType\":[\"String\"],\"columns[3].javaField\":[\"rule\"],\"columns[3].isInsert\":[\"1\"],\"columns[3].isEdit\":[\"1\"],\"columns[3].isList\":[\"1\"],\"columns[3].isQuery\":[\"1\"],\"columns[3].queryType\":[\"EQ\"],\"columns[3].htmlType\":[\"radio\"],\"columns[3].dictType\":[\"salary_allocation_rule\"],\"columns[4].columnId\":[\"39\"],\"columns[4].sort\":[\"5\"],\"columns[4].columnComment\":[\"æ¶‰åŠé‡‘é¢\"],\"columns[4].javaType\":[\"BigDecimal\"],\"columns[4].javaField\":[\"money\"],\"columns[4].isInsert\":[\"1\"],\"columns[4].isEdit\":[\"1\"],\"columns[4].isList\":[\"1\"],\"columns[4].isQuery\":[\"1\"],\"columns[4].queryType\":[\"EQ\"],\"columns[4].htmlType\":[\"input\"],\"columns[4].dictType\":[\"\"],\"columns[5].columnId\":[\"40\"],\"columns[5].sort\":[\"6\"],\"columns[5].columnComment\":[\"çŠ¶æ€\"],\"columns[5].javaType\":[\"String\"],\"columns[5].','{\"msg\":\"æ“ä½œæˆåŠŸ\",\"code\":0}',0,NULL,'2021-07-05 21:48:29'),(132,'ä»£ç ç”Ÿæˆ',8,'com.ruoyi.project.tool.gen.controller.GenController.download()','GET',1,'admin','ç ”å‘éƒ¨é—¨','/tool/gen/download/tbl_salary_allocation','127.0.0.1','å†…ç½‘IP','\"tbl_salary_allocation\"',NULL,0,NULL,'2021-07-05 21:48:32'),(133,'èœå•ç®¡ç†',2,'com.ruoyi.project.system.menu.controller.MenuController.editSave()','POST',1,'admin','ç ”å‘éƒ¨é—¨','/system/menu/edit','127.0.0.1','å†…ç½‘IP','{\"menuId\":[\"2002\"],\"parentId\":[\"2001\"],\"menuType\":[\"C\"],\"menuName\":[\"è–ªèµ„é…ç½®\"],\"url\":[\"/salary/allocation\"],\"target\":[\"menuItem\"],\"perms\":[\"salary:allocation:view\"],\"orderNum\":[\"1\"],\"icon\":[\"#\"],\"visible\":[\"0\"],\"isRefresh\":[\"1\"]}','{\"msg\":\"æ“ä½œæˆåŠŸ\",\"code\":0}',0,NULL,'2021-07-05 22:00:06'),(134,'èœå•ç®¡ç†',1,'com.ruoyi.project.system.menu.controller.MenuController.addSave()','POST',1,'admin','ç ”å‘éƒ¨é—¨','/system/menu/add','127.0.0.1','å†…ç½‘IP','{\"parentId\":[\"2002\"],\"menuType\":[\"F\"],\"menuName\":[\"è–ªèµ„é…ç½®æŸ¥è¯¢\"],\"url\":[\"\"],\"target\":[\"menuItem\"],\"perms\":[\"\"],\"orderNum\":[\"1\"],\"icon\":[\"\"],\"visible\":[\"0\"],\"isRefresh\":[\"1\"]}','{\"msg\":\"æ“ä½œæˆåŠŸ\",\"code\":0}',0,NULL,'2021-07-05 22:05:58'),(135,'èœå•ç®¡ç†',2,'com.ruoyi.project.system.menu.controller.MenuController.editSave()','POST',1,'admin','ç ”å‘éƒ¨é—¨','/system/menu/edit','127.0.0.1','å†…ç½‘IP','{\"menuId\":[\"2003\"],\"parentId\":[\"2002\"],\"menuType\":[\"F\"],\"menuName\":[\"è–ªèµ„é…ç½®æŸ¥è¯¢\"],\"url\":[\"#\"],\"target\":[\"menuItem\"],\"perms\":[\"salary:allocation:list\"],\"orderNum\":[\"1\"],\"icon\":[\"#\"],\"visible\":[\"0\"],\"isRefresh\":[\"1\"]}','{\"msg\":\"æ“ä½œæˆåŠŸ\",\"code\":0}',0,NULL,'2021-07-05 22:06:22'),(136,'è–ªèµ„é…ç½®',1,'com.ruoyi.project.salary.controller.SalaryAllocationController.addSave()','POST',1,'admin','ç ”å‘éƒ¨é—¨','/salary/allocation/add','127.0.0.1','å†…ç½‘IP','{\"name\":[\"åŸºæœ¬å·¥èµ„\"],\"type\":[\"1\"],\"rule\":[\"1\"],\"money\":[\"4000\"],\"state\":[\"1\"],\"grade\":[\"1\"]}','{\"msg\":\"æ“ä½œæˆåŠŸ\",\"code\":0}',0,NULL,'2021-07-05 22:14:22'),(137,'è–ªèµ„é…ç½®',1,'com.ruoyi.project.salary.controller.SalaryAllocationController.addSave()','POST',1,'admin','ç ”å‘éƒ¨é—¨','/salary/allocation/add','127.0.0.1','å†…ç½‘IP','{\"name\":[\"å·¥é¾„å·¥èµ„\"],\"type\":[\"1\"],\"rule\":[\"2\"],\"money\":[\"10\"],\"state\":[\"1\"],\"grade\":[\"1\"]}','{\"msg\":\"æ“ä½œæˆåŠŸ\",\"code\":0}',0,NULL,'2021-07-05 22:15:41'),(138,'è–ªèµ„é…ç½®',1,'com.ruoyi.project.salary.controller.SalaryAllocationController.addSave()','POST',1,'admin','ç ”å‘éƒ¨é—¨','/salary/allocation/add','127.0.0.1','å†…ç½‘IP','{\"name\":[\"ç»©æ•ˆå·¥èµ„-500\"],\"type\":[\"1\"],\"rule\":[\"2\"],\"money\":[\"\"],\"state\":[\"1\"],\"grade\":[\"1\"]}','{\"msg\":\"æ“ä½œæˆåŠŸ\",\"code\":0}',0,NULL,'2021-07-05 22:16:22'),(139,'å­—å…¸æ•°æ®',1,'com.ruoyi.project.system.dict.controller.DictDataController.addSave()','POST',1,'admin','ç ”å‘éƒ¨é—¨','/system/dict/data/add','127.0.0.1','å†…ç½‘IP','{\"dictLabel\":[\"å…¨ç­‰çº§ä¸€è‡´\"],\"dictValue\":[\"0\"],\"dictType\":[\"salary_allocation_grade\"],\"cssClass\":[\"\"],\"dictSort\":[\"0\"],\"listClass\":[\"\"],\"isDefault\":[\"Y\"],\"status\":[\"0\"],\"remark\":[\"\"]}','{\"msg\":\"æ“ä½œæˆåŠŸ\",\"code\":0}',0,NULL,'2021-07-05 22:16:58'),(140,'è–ªèµ„é…ç½®',2,'com.ruoyi.project.salary.controller.SalaryAllocationController.editSave()','POST',1,'admin','ç ”å‘éƒ¨é—¨','/salary/allocation/edit','127.0.0.1','å†…ç½‘IP','{\"id\":[\"3\"],\"name\":[\"ç»©æ•ˆå·¥èµ„-500\"],\"type\":[\"1\"],\"rule\":[\"2\"],\"money\":[\"500\"],\"state\":[\"1\"],\"grade\":[\"0\"]}','{\"msg\":\"æ“ä½œæˆåŠŸ\",\"code\":0}',0,NULL,'2021-07-05 22:17:25'),(141,'è–ªèµ„é…ç½®',1,'com.ruoyi.project.salary.controller.SalaryAllocationController.addSave()','POST',1,'admin','ç ”å‘éƒ¨é—¨','/salary/allocation/add','127.0.0.1','å†…ç½‘IP','{\"name\":[\"ç»©æ•ˆå·¥èµ„-1000\"],\"type\":[\"1\"],\"rule\":[\"1\"],\"money\":[\"1000\"],\"state\":[\"1\"],\"grade\":[\"0\"]}','{\"msg\":\"æ“ä½œæˆåŠŸ\",\"code\":0}',0,NULL,'2021-07-05 22:17:52'),(142,'è–ªèµ„é…ç½®',2,'com.ruoyi.project.salary.controller.SalaryAllocationController.editSave()','POST',1,'admin','ç ”å‘éƒ¨é—¨','/salary/allocation/edit','127.0.0.1','å†…ç½‘IP','{\"id\":[\"3\"],\"name\":[\"ç»©æ•ˆå·¥èµ„-500\"],\"type\":[\"1\"],\"rule\":[\"1\"],\"money\":[\"500.00\"],\"state\":[\"1\"],\"grade\":[\"0\"]}','{\"msg\":\"æ“ä½œæˆåŠŸ\",\"code\":0}',0,NULL,'2021-07-05 22:18:05'),(143,'è–ªèµ„é…ç½®',1,'com.ruoyi.project.salary.controller.SalaryAllocationController.addSave()','POST',1,'admin','ç ”å‘éƒ¨é—¨','/salary/allocation/add','127.0.0.1','å†…ç½‘IP','{\"name\":[\"åŠ ç­å·¥èµ„-500\"],\"type\":[\"1\"],\"rule\":[\"1\"],\"money\":[\"500\"],\"state\":[\"1\"],\"grade\":[\"0\"]}','{\"msg\":\"æ“ä½œæˆåŠŸ\",\"code\":0}',0,NULL,'2021-07-05 22:18:52'),(144,'è–ªèµ„é…ç½®',3,'com.ruoyi.project.salary.controller.SalaryAllocationController.remove()','POST',1,'admin','ç ”å‘éƒ¨é—¨','/salary/allocation/remove','127.0.0.1','å†…ç½‘IP','{\"ids\":[\"5\"]}','{\"msg\":\"æ“ä½œæˆåŠŸ\",\"code\":0}',0,NULL,'2021-07-05 22:20:31'),(145,'è–ªèµ„é…ç½®',1,'com.ruoyi.project.salary.controller.SalaryAllocationController.addSave()','POST',1,'admin','ç ”å‘éƒ¨é—¨','/salary/allocation/add','127.0.0.1','å†…ç½‘IP','{\"name\":[\"åŸºæœ¬å·¥èµ„\"],\"type\":[\"1\"],\"rule\":[\"1\"],\"money\":[\"5000\"],\"state\":[\"0\"],\"grade\":[\"2\"]}','{\"msg\":\"æ“ä½œæˆåŠŸ\",\"code\":0}',0,NULL,'2021-07-05 22:21:51'),(146,'è–ªèµ„é…ç½®',2,'com.ruoyi.project.salary.controller.SalaryAllocationController.editSave()','POST',1,'admin','ç ”å‘éƒ¨é—¨','/salary/allocation/edit','127.0.0.1','å†…ç½‘IP','{\"id\":[\"2\"],\"name\":[\"å·¥é¾„å·¥èµ„\"],\"type\":[\"1\"],\"rule\":[\"2\"],\"money\":[\"10.00\"],\"state\":[\"1\"],\"grade\":[\"0\"]}','{\"msg\":\"æ“ä½œæˆåŠŸ\",\"code\":0}',0,NULL,'2021-07-05 22:22:04'),(147,'è–ªèµ„é…ç½®',3,'com.ruoyi.project.salary.controller.SalaryAllocationController.remove()','POST',1,'admin','ç ”å‘éƒ¨é—¨','/salary/allocation/remove','127.0.0.1','å†…ç½‘IP','{\"ids\":[\"4\"]}','{\"msg\":\"æ“ä½œæˆåŠŸ\",\"code\":0}',0,NULL,'2021-07-05 22:22:36'),(148,'è–ªèµ„é…ç½®',1,'com.ruoyi.project.salary.controller.SalaryAllocationController.addSave()','POST',1,'admin','ç ”å‘éƒ¨é—¨','/salary/allocation/add','127.0.0.1','å†…ç½‘IP','{\"name\":[\"ç»©æ•ˆå·¥èµ„-100\"],\"type\":[\"1\"],\"rule\":[\"1\"],\"money\":[\"1000\"],\"state\":[\"1\"],\"grade\":[\"0\"]}','{\"msg\":\"æ“ä½œæˆåŠŸ\",\"code\":0}',0,NULL,'2021-07-05 22:23:01'),(149,'è–ªèµ„é…ç½®',1,'com.ruoyi.project.salary.controller.SalaryAllocationController.addSave()','POST',1,'admin','ç ”å‘éƒ¨é—¨','/salary/allocation/add','127.0.0.1','å†…ç½‘IP','{\"name\":[\"ä½æˆ¿å…¬ç§¯é‡‘\"],\"type\":[\"1\"],\"rule\":[\"1\"],\"money\":[\"300\"],\"state\":[\"1\"],\"grade\":[\"1\"]}','{\"msg\":\"æ“ä½œæˆåŠŸ\",\"code\":0}',0,NULL,'2021-07-05 22:24:16'),(150,'è–ªèµ„é…ç½®',1,'com.ruoyi.project.salary.controller.SalaryAllocationController.addSave()','POST',1,'admin','ç ”å‘éƒ¨é—¨','/salary/allocation/add','127.0.0.1','å†…ç½‘IP','{\"name\":[\"ä½æˆ¿å…¬ç§¯é‡‘\"],\"type\":[\"1\"],\"rule\":[\"1\"],\"money\":[\"400\"],\"state\":[\"1\"],\"grade\":[\"2\"]}','{\"msg\":\"æ“ä½œæˆåŠŸ\",\"code\":0}',0,NULL,'2021-07-05 22:24:36'),(151,'è–ªèµ„é…ç½®',1,'com.ruoyi.project.salary.controller.SalaryAllocationController.addSave()','POST',1,'admin','ç ”å‘éƒ¨é—¨','/salary/allocation/add','127.0.0.1','å†…ç½‘IP','{\"name\":[\"å…»è€ä¿é™©\"],\"type\":[\"1\"],\"rule\":[\"1\"],\"money\":[\"400\"],\"state\":[\"1\"],\"grade\":[\"1\"]}','{\"msg\":\"æ“ä½œæˆåŠŸ\",\"code\":0}',0,NULL,'2021-07-05 22:25:22'),(152,'è–ªèµ„é…ç½®',1,'com.ruoyi.project.salary.controller.SalaryAllocationController.addSave()','POST',1,'admin','ç ”å‘éƒ¨é—¨','/salary/allocation/add','127.0.0.1','å†…ç½‘IP','{\"name\":[\"å…»è€ä¿é™©\"],\"type\":[\"1\"],\"rule\":[\"1\"],\"money\":[\"500\"],\"state\":[\"1\"],\"grade\":[\"2\"]}','{\"msg\":\"æ“ä½œæˆåŠŸ\",\"code\":0}',0,NULL,'2021-07-05 22:25:36'),(153,'è–ªèµ„é…ç½®',1,'com.ruoyi.project.salary.controller.SalaryAllocationController.addSave()','POST',1,'admin','ç ”å‘éƒ¨é—¨','/salary/allocation/add','127.0.0.1','å†…ç½‘IP','{\"name\":[\"åŒ»ç–—ä¿é™©\"],\"type\":[\"0\"],\"rule\":[\"1\"],\"money\":[\"100\"],\"state\":[\"1\"],\"grade\":[\"1\"]}','{\"msg\":\"æ“ä½œæˆåŠŸ\",\"code\":0}',0,NULL,'2021-07-05 22:26:49'),(154,'è–ªèµ„é…ç½®',2,'com.ruoyi.project.salary.controller.SalaryAllocationController.editSave()','POST',1,'admin','ç ”å‘éƒ¨é—¨','/salary/allocation/edit','127.0.0.1','å†…ç½‘IP','{\"id\":[\"11\"],\"name\":[\"å…»è€ä¿é™©\"],\"type\":[\"0\"],\"rule\":[\"1\"],\"money\":[\"500.00\"],\"state\":[\"1\"],\"grade\":[\"2\"]}','{\"msg\":\"æ“ä½œæˆåŠŸ\",\"code\":0}',0,NULL,'2021-07-05 22:26:54'),(155,'è–ªèµ„é…ç½®',2,'com.ruoyi.project.salary.controller.SalaryAllocationController.editSave()','POST',1,'admin','ç ”å‘éƒ¨é—¨','/salary/allocation/edit','127.0.0.1','å†…ç½‘IP','{\"id\":[\"10\"],\"name\":[\"å…»è€ä¿é™©\"],\"type\":[\"0\"],\"rule\":[\"1\"],\"money\":[\"400.00\"],\"state\":[\"1\"],\"grade\":[\"1\"]}','{\"msg\":\"æ“ä½œæˆåŠŸ\",\"code\":0}',0,NULL,'2021-07-05 22:26:59'),(156,'è–ªèµ„é…ç½®',2,'com.ruoyi.project.salary.controller.SalaryAllocationController.editSave()','POST',1,'admin','ç ”å‘éƒ¨é—¨','/salary/allocation/edit','127.0.0.1','å†…ç½‘IP','{\"id\":[\"9\"],\"name\":[\"ä½æˆ¿å…¬ç§¯é‡‘\"],\"type\":[\"0\"],\"rule\":[\"1\"],\"money\":[\"400.00\"],\"state\":[\"1\"],\"grade\":[\"2\"]}','{\"msg\":\"æ“ä½œæˆåŠŸ\",\"code\":0}',0,NULL,'2021-07-05 22:27:02'),(157,'è–ªèµ„é…ç½®',2,'com.ruoyi.project.salary.controller.SalaryAllocationController.editSave()','POST',1,'admin','ç ”å‘éƒ¨é—¨','/salary/allocation/edit','127.0.0.1','å†…ç½‘IP','{\"id\":[\"8\"],\"name\":[\"ä½æˆ¿å…¬ç§¯é‡‘\"],\"type\":[\"0\"],\"rule\":[\"1\"],\"money\":[\"300.00\"],\"state\":[\"1\"],\"grade\":[\"1\"]}','{\"msg\":\"æ“ä½œæˆåŠŸ\",\"code\":0}',0,NULL,'2021-07-05 22:27:05'),(158,'è–ªèµ„é…ç½®',1,'com.ruoyi.project.salary.controller.SalaryAllocationController.addSave()','POST',1,'admin','ç ”å‘éƒ¨é—¨','/salary/allocation/add','127.0.0.1','å†…ç½‘IP','{\"name\":[\"åŒ»ç–—ä¿é™©-2çº§\"],\"type\":[\"0\"],\"rule\":[\"1\"],\"money\":[\"150\"],\"state\":[\"1\"],\"grade\":[\"2\"]}','{\"msg\":\"æ“ä½œæˆåŠŸ\",\"code\":0}',0,NULL,'2021-07-05 22:27:40'),(159,'è–ªèµ„é…ç½®',2,'com.ruoyi.project.salary.controller.SalaryAllocationController.editSave()','POST',1,'admin','ç ”å‘éƒ¨é—¨','/salary/allocation/edit','127.0.0.1','å†…ç½‘IP','{\"id\":[\"12\"],\"name\":[\"åŒ»ç–—ä¿é™©-ä¸€çº§\"],\"type\":[\"0\"],\"rule\":[\"1\"],\"money\":[\"100.00\"],\"state\":[\"1\"],\"grade\":[\"1\"]}','{\"msg\":\"æ“ä½œæˆåŠŸ\",\"code\":0}',0,NULL,'2021-07-05 22:27:48'),(160,'è–ªèµ„é…ç½®',2,'com.ruoyi.project.salary.controller.SalaryAllocationController.editSave()','POST',1,'admin','ç ”å‘éƒ¨é—¨','/salary/allocation/edit','127.0.0.1','å†…ç½‘IP','{\"id\":[\"10\"],\"name\":[\"å…»è€ä¿é™©-ä¸€çº§\"],\"type\":[\"0\"],\"rule\":[\"1\"],\"money\":[\"400.00\"],\"state\":[\"1\"],\"grade\":[\"1\"]}','{\"msg\":\"æ“ä½œæˆåŠŸ\",\"code\":0}',0,NULL,'2021-07-05 22:28:04'),(161,'è–ªèµ„é…ç½®',2,'com.ruoyi.project.salary.controller.SalaryAllocationController.editSave()','POST',1,'admin','ç ”å‘éƒ¨é—¨','/salary/allocation/edit','127.0.0.1','å†…ç½‘IP','{\"id\":[\"8\"],\"name\":[\"ä½æˆ¿å…¬ç§¯é‡‘-ä¸€çº§\"],\"type\":[\"0\"],\"rule\":[\"1\"],\"money\":[\"300.00\"],\"state\":[\"1\"],\"grade\":[\"1\"]}','{\"msg\":\"æ“ä½œæˆåŠŸ\",\"code\":0}',0,NULL,'2021-07-05 22:28:07'),(162,'è–ªèµ„é…ç½®',2,'com.ruoyi.project.salary.controller.SalaryAllocationController.editSave()','POST',1,'admin','ç ”å‘éƒ¨é—¨','/salary/allocation/edit','127.0.0.1','å†…ç½‘IP','{\"id\":[\"1\"],\"name\":[\"åŸºæœ¬å·¥èµ„-ä¸€çº§\"],\"type\":[\"1\"],\"rule\":[\"1\"],\"money\":[\"4000.00\"],\"state\":[\"1\"],\"grade\":[\"1\"]}','{\"msg\":\"æ“ä½œæˆåŠŸ\",\"code\":0}',0,NULL,'2021-07-05 22:28:10'),(163,'è–ªèµ„é…ç½®',2,'com.ruoyi.project.salary.controller.SalaryAllocationController.editSave()','POST',1,'admin','ç ”å‘éƒ¨é—¨','/salary/allocation/edit','127.0.0.1','å†…ç½‘IP','{\"id\":[\"6\"],\"name\":[\"åŸºæœ¬å·¥èµ„-äºŒçº§\"],\"type\":[\"1\"],\"rule\":[\"1\"],\"money\":[\"5000.00\"],\"state\":[\"1\"],\"grade\":[\"2\"]}','{\"msg\":\"æ“ä½œæˆåŠŸ\",\"code\":0}',0,NULL,'2021-07-05 22:28:31'),(164,'è–ªèµ„é…ç½®',2,'com.ruoyi.project.salary.controller.SalaryAllocationController.editSave()','POST',1,'admin','ç ”å‘éƒ¨é—¨','/salary/allocation/edit','127.0.0.1','å†…ç½‘IP','{\"id\":[\"9\"],\"name\":[\"ä½æˆ¿å…¬ç§¯é‡‘-äºŒçº§\"],\"type\":[\"0\"],\"rule\":[\"1\"],\"money\":[\"400.00\"],\"state\":[\"1\"],\"grade\":[\"2\"]}','{\"msg\":\"æ“ä½œæˆåŠŸ\",\"code\":0}',0,NULL,'2021-07-05 22:28:40'),(165,'è–ªèµ„é…ç½®',2,'com.ruoyi.project.salary.controller.SalaryAllocationController.editSave()','POST',1,'admin','ç ”å‘éƒ¨é—¨','/salary/allocation/edit','127.0.0.1','å†…ç½‘IP','{\"id\":[\"11\"],\"name\":[\"å…»è€ä¿é™©-äºŒçº§\"],\"type\":[\"0\"],\"rule\":[\"1\"],\"money\":[\"500.00\"],\"state\":[\"1\"],\"grade\":[\"2\"]}','{\"msg\":\"æ“ä½œæˆåŠŸ\",\"code\":0}',0,NULL,'2021-07-05 22:28:44'),(166,'è–ªèµ„é…ç½®',1,'com.ruoyi.project.salary.controller.SalaryAllocationController.addSave()','POST',1,'admin','ç ”å‘éƒ¨é—¨','/salary/allocation/add','127.0.0.1','å†…ç½‘IP','{\"name\":[\"å·¥å•†ä¿é™©-ä¸€çº§\"],\"type\":[\"0\"],\"rule\":[\"1\"],\"money\":[\"100\"],\"state\":[\"1\"],\"grade\":[\"1\"]}','{\"msg\":\"æ“ä½œæˆåŠŸ\",\"code\":0}',0,NULL,'2021-07-05 22:29:03'),(167,'è–ªèµ„é…ç½®',1,'com.ruoyi.project.salary.controller.SalaryAllocationController.addSave()','POST',1,'admin','ç ”å‘éƒ¨é—¨','/salary/allocation/add','127.0.0.1','å†…ç½‘IP','{\"name\":[\"å·¥å•†ä¿é™©-äºŒçº§\"],\"type\":[\"0\"],\"rule\":[\"1\"],\"money\":[\"150\"],\"state\":[\"1\"],\"grade\":[\"0\"]}','{\"msg\":\"æ“ä½œæˆåŠŸ\",\"code\":0}',0,NULL,'2021-07-05 22:29:16'),(168,'è–ªèµ„é…ç½®',2,'com.ruoyi.project.salary.controller.SalaryAllocationController.editSave()','POST',1,'admin','ç ”å‘éƒ¨é—¨','/salary/allocation/edit','127.0.0.1','å†…ç½‘IP','{\"id\":[\"14\"],\"name\":[\"å·¥ä¼¤ä¿é™©-ä¸€çº§\"],\"type\":[\"0\"],\"rule\":[\"1\"],\"money\":[\"100.00\"],\"state\":[\"1\"],\"grade\":[\"1\"]}','{\"msg\":\"æ“ä½œæˆåŠŸ\",\"code\":0}',0,NULL,'2021-07-05 22:30:20'),(169,'è–ªèµ„é…ç½®',2,'com.ruoyi.project.salary.controller.SalaryAllocationController.editSave()','POST',1,'admin','ç ”å‘éƒ¨é—¨','/salary/allocation/edit','127.0.0.1','å†…ç½‘IP','{\"id\":[\"15\"],\"name\":[\"å·¥ä¼¤ä¿é™©-äºŒçº§\"],\"type\":[\"0\"],\"rule\":[\"1\"],\"money\":[\"150.00\"],\"state\":[\"1\"],\"grade\":[\"0\"]}','{\"msg\":\"æ“ä½œæˆåŠŸ\",\"code\":0}',0,NULL,'2021-07-05 22:30:24'),(170,'è–ªèµ„é…ç½®',1,'com.ruoyi.project.salary.controller.SalaryAllocationController.addSave()','POST',1,'admin','ç ”å‘éƒ¨é—¨','/salary/allocation/add','127.0.0.1','å†…ç½‘IP','{\"name\":[\"è¿Ÿåˆ°æ‰£é™¤\"],\"type\":[\"0\"],\"rule\":[\"2\"],\"money\":[\"50\"],\"state\":[\"1\"],\"grade\":[\"0\"]}','{\"msg\":\"æ“ä½œæˆåŠŸ\",\"code\":0}',0,NULL,'2021-07-05 22:31:08'),(171,'è–ªèµ„é…ç½®',1,'com.ruoyi.project.salary.controller.SalaryAllocationController.addSave()','POST',1,'admin','ç ”å‘éƒ¨é—¨','/salary/allocation/add','127.0.0.1','å†…ç½‘IP','{\"name\":[\"è¯·å‡æ‰£é™¤\"],\"type\":[\"0\"],\"rule\":[\"2\"],\"money\":[\"50\"],\"state\":[\"1\"],\"grade\":[\"0\"]}','{\"msg\":\"æ“ä½œæˆåŠŸ\",\"code\":0}',0,NULL,'2021-07-05 22:31:24'),(172,'è–ªèµ„é…ç½®',1,'com.ruoyi.project.salary.controller.SalaryAllocationController.addSave()','POST',1,'admin','ç ”å‘éƒ¨é—¨','/salary/allocation/add','127.0.0.1','å†…ç½‘IP','{\"name\":[\"æ—©é€€æ‰£é™¤\"],\"type\":[\"0\"],\"rule\":[\"2\"],\"money\":[\"50\"],\"state\":[\"1\"],\"grade\":[\"0\"]}','{\"msg\":\"æ“ä½œæˆåŠŸ\",\"code\":0}',0,NULL,'2021-07-05 22:31:39'),(173,'è–ªèµ„é…ç½®',1,'com.ruoyi.project.salary.controller.SalaryAllocationController.addSave()','POST',1,'admin','ç ”å‘éƒ¨é—¨','/salary/allocation/add','127.0.0.1','å†…ç½‘IP','{\"name\":[\"ä¸ªäººæ‰€å¾—ç¨\"],\"type\":[\"0\"],\"rule\":[\"1\"],\"money\":[\"10\"],\"state\":[\"1\"],\"grade\":[\"0\"]}','{\"msg\":\"æ“ä½œæˆåŠŸ\",\"code\":0}',0,NULL,'2021-07-05 22:31:59'),(174,'è–ªèµ„é…ç½®',2,'com.ruoyi.project.salary.controller.SalaryAllocationController.editSave()','POST',1,'admin','ç ”å‘éƒ¨é—¨','/salary/allocation/edit','127.0.0.1','å†…ç½‘IP','{\"id\":[\"15\"],\"name\":[\"å·¥ä¼¤ä¿é™©-äºŒçº§\"],\"type\":[\"0\"],\"rule\":[\"1\"],\"money\":[\"150.00\"],\"state\":[\"1\"],\"grade\":[\"2\"]}','{\"msg\":\"æ“ä½œæˆåŠŸ\",\"code\":0}',0,NULL,'2021-07-05 22:33:12'),(175,'å²—ä½ç®¡ç†',2,'com.ruoyi.project.system.post.controller.PostController.editSave()','POST',1,'admin','ç ”å‘éƒ¨é—¨','/system/post/edit','127.0.0.1','å†…ç½‘IP','{\"postId\":[\"1\"],\"postName\":[\"å²—ä½1\"],\"postCode\":[\"1\"],\"postSort\":[\"1\"],\"status\":[\"0\"],\"remark\":[\"\"]}','{\"msg\":\"æ“ä½œæˆåŠŸ\",\"code\":0}',0,NULL,'2021-07-05 22:38:44'),(176,'å²—ä½ç®¡ç†',2,'com.ruoyi.project.system.post.controller.PostController.editSave()','POST',1,'admin','ç ”å‘éƒ¨é—¨','/system/post/edit','127.0.0.1','å†…ç½‘IP','{\"postId\":[\"2\"],\"postName\":[\"å²—ä½2\"],\"postCode\":[\"2\"],\"postSort\":[\"2\"],\"status\":[\"0\"],\"remark\":[\"\"]}','{\"msg\":\"æ“ä½œæˆåŠŸ\",\"code\":0}',0,NULL,'2021-07-05 22:39:00'),(177,'å²—ä½ç®¡ç†',2,'com.ruoyi.project.system.post.controller.PostController.editSave()','POST',1,'admin','ç ”å‘éƒ¨é—¨','/system/post/edit','127.0.0.1','å†…ç½‘IP','{\"postId\":[\"3\"],\"postName\":[\"å²—ä½3\"],\"postCode\":[\"3\"],\"postSort\":[\"3\"],\"status\":[\"0\"],\"remark\":[\"\"]}','{\"msg\":\"æ“ä½œæˆåŠŸ\",\"code\":0}',0,NULL,'2021-07-05 22:39:15'),(178,'å²—ä½ç®¡ç†',2,'com.ruoyi.project.system.post.controller.PostController.editSave()','POST',1,'admin','ç ”å‘éƒ¨é—¨','/system/post/edit','127.0.0.1','å†…ç½‘IP','{\"postId\":[\"4\"],\"postName\":[\"å²—ä½4\"],\"postCode\":[\"user\"],\"postSort\":[\"4\"],\"status\":[\"0\"],\"remark\":[\"\"]}','{\"msg\":\"æ“ä½œæˆåŠŸ\",\"code\":0}',0,NULL,'2021-07-05 22:39:23'),(179,'éƒ¨é—¨ç®¡ç†',3,'com.ruoyi.project.system.dept.controller.DeptController.remove()','GET',1,'admin','ç ”å‘éƒ¨é—¨','/system/dept/remove/102','127.0.0.1','å†…ç½‘IP','102','{\"msg\":\"å­˜åœ¨ä¸‹çº§éƒ¨é—¨,ä¸å…è®¸åˆ é™¤\",\"code\":301}',0,NULL,'2021-07-05 22:42:08'),(180,'ä»£ç ç”Ÿæˆ',6,'com.ruoyi.project.tool.gen.controller.GenController.importTableSave()','POST',1,'admin','ç ”å‘éƒ¨é—¨','/tool/gen/importTable','127.0.0.1','å†…ç½‘IP','{\"tables\":[\"tbl_check_work\"]}','{\"msg\":\"æ“ä½œæˆåŠŸ\",\"code\":0}',0,NULL,'2021-07-07 20:55:29'),(181,'ä»£ç ç”Ÿæˆ',2,'com.ruoyi.project.tool.gen.controller.GenController.editSave()','POST',1,'admin','ç ”å‘éƒ¨é—¨','/tool/gen/edit','127.0.0.1','å†…ç½‘IP','{\"tableId\":[\"14\"],\"tableName\":[\"tbl_check_work\"],\"tableComment\":[\"è€ƒå‹¤è¡¨\"],\"className\":[\"CheckWork\"],\"functionAuthor\":[\"au\"],\"remark\":[\"\"],\"columns[0].columnId\":[\"43\"],\"columns[0].sort\":[\"1\"],\"columns[0].columnComment\":[\"ä¸»é”®\"],\"columns[0].javaType\":[\"Long\"],\"columns[0].javaField\":[\"id\"],\"columns[0].isInsert\":[\"1\"],\"columns[0].queryType\":[\"EQ\"],\"columns[0].htmlType\":[\"input\"],\"columns[0].dictType\":[\"\"],\"columns[1].columnId\":[\"44\"],\"columns[1].sort\":[\"2\"],\"columns[1].columnComment\":[\"å‘˜å·¥id\"],\"columns[1].javaType\":[\"Long\"],\"columns[1].javaField\":[\"userId\"],\"columns[1].isInsert\":[\"1\"],\"columns[1].isEdit\":[\"1\"],\"columns[1].isList\":[\"1\"],\"columns[1].isQuery\":[\"1\"],\"columns[1].queryType\":[\"EQ\"],\"columns[1].htmlType\":[\"input\"],\"columns[1].dictType\":[\"\"],\"columns[2].columnId\":[\"45\"],\"columns[2].sort\":[\"3\"],\"columns[2].columnComment\":[\"å‘˜å·¥å§“å\"],\"columns[2].javaType\":[\"String\"],\"columns[2].javaField\":[\"userName\"],\"columns[2].isInsert\":[\"1\"],\"columns[2].isEdit\":[\"1\"],\"columns[2].isList\":[\"1\"],\"columns[2].isQuery\":[\"1\"],\"columns[2].queryType\":[\"LIKE\"],\"columns[2].htmlType\":[\"input\"],\"columns[2].dictType\":[\"\"],\"columns[3].columnId\":[\"46\"],\"columns[3].sort\":[\"4\"],\"columns[3].columnComment\":[\"å‡ºå‹¤æ—¥æœŸ\"],\"columns[3].javaType\":[\"String\"],\"columns[3].javaField\":[\"date\"],\"columns[3].isInsert\":[\"1\"],\"columns[3].isEdit\":[\"1\"],\"columns[3].isList\":[\"1\"],\"columns[3].isQuery\":[\"1\"],\"columns[3].queryType\":[\"EQ\"],\"columns[3].htmlType\":[\"datetime\"],\"columns[3].dictType\":[\"\"],\"columns[4].columnId\":[\"47\"],\"columns[4].sort\":[\"5\"],\"columns[4].columnComment\":[\"ä¸Šç­æ—¶é—´\"],\"columns[4].javaType\":[\"String\"],\"columns[4].javaField\":[\"workTime\"],\"columns[4].isInsert\":[\"1\"],\"columns[4].isEdit\":[\"1\"],\"columns[4].isList\":[\"1\"],\"columns[4].isQuery\":[\"1\"],\"columns[4].queryType\":[\"EQ\"],\"columns[4].htmlType\":[\"datetime\"],\"columns[4].dictType\":[\"\"],\"columns[5].columnId\":[\"48\"],\"columns[5].sort\":[\"6\"],\"columns[5].columnComment\":[\"ä¸‹ç­æ—¶é—´\"],\"columns[5].javaType\":[\"String\"],\"columns[5].javaField\":[\"closeTime\"],\"columns[5].isInsert\":[\"','{\"msg\":\"æ“ä½œæˆåŠŸ\",\"code\":0}',0,NULL,'2021-07-07 20:57:13'),(182,'ä»£ç ç”Ÿæˆ',8,'com.ruoyi.project.tool.gen.controller.GenController.download()','GET',1,'admin','ç ”å‘éƒ¨é—¨','/tool/gen/download/tbl_check_work','127.0.0.1','å†…ç½‘IP','\"tbl_check_work\"',NULL,0,NULL,'2021-07-07 20:57:16'),(183,'ä»£ç ç”Ÿæˆ',8,'com.ruoyi.project.tool.gen.controller.GenController.download()','GET',1,'admin','ç ”å‘éƒ¨é—¨','/tool/gen/download/tbl_check_work','127.0.0.1','å†…ç½‘IP','\"tbl_check_work\"',NULL,0,NULL,'2021-07-07 21:02:57'),(184,'èœå•ç®¡ç†',1,'com.ruoyi.project.system.menu.controller.MenuController.addSave()','POST',1,'admin','ç ”å‘éƒ¨é—¨','/system/menu/add','127.0.0.1','å†…ç½‘IP','{\"parentId\":[\"2000\"],\"menuType\":[\"C\"],\"menuName\":[\"è€ƒå‹¤ç®¡ç†\"],\"url\":[\"/salary/work\"],\"target\":[\"menuItem\"],\"perms\":[\"salary:work:view\"],\"orderNum\":[\"1\"],\"icon\":[\"\"],\"visible\":[\"0\"],\"isRefresh\":[\"1\"]}','{\"msg\":\"æ“ä½œæˆåŠŸ\",\"code\":0}',0,NULL,'2021-07-07 21:09:14'),(185,'è€ƒå‹¤',1,'com.ruoyi.project.business.work.controller.CheckWorkController.addSave()','POST',1,'admin','ç ”å‘éƒ¨é—¨','/salary/work/add','127.0.0.1','å†…ç½‘IP','{\"workTime\":[\"21:31:22\"]}','{\"msg\":\"æ“ä½œæˆåŠŸ\",\"code\":0}',0,NULL,'2021-07-07 21:31:31'),(186,'è€ƒå‹¤',3,'com.ruoyi.project.business.work.controller.CheckWorkController.remove()','POST',1,'admin','ç ”å‘éƒ¨é—¨','/salary/work/remove','127.0.0.1','å†…ç½‘IP','{\"ids\":[\"1\"]}','{\"msg\":\"æ“ä½œæˆåŠŸ\",\"code\":0}',0,NULL,'2021-07-07 21:32:08'),(187,'è€ƒå‹¤',1,'com.ruoyi.project.business.work.controller.CheckWorkController.addSave()','POST',1,'admin','ç ”å‘éƒ¨é—¨','/salary/work/add','127.0.0.1','å†…ç½‘IP','{\"workTime\":[\"21:32:10\"]}','{\"msg\":\"æ“ä½œæˆåŠŸ\",\"code\":0}',0,NULL,'2021-07-07 21:32:12'),(188,'è€ƒå‹¤',1,'com.ruoyi.project.business.work.controller.CheckWorkController.addSave()','POST',1,'admin','ç ”å‘éƒ¨é—¨','/salary/work/add','127.0.0.1','å†…ç½‘IP','{\"workTime\":[\"21:33:59\"]}','{\"msg\":\"æ“ä½œæˆåŠŸ\",\"code\":0}',0,NULL,'2021-07-07 21:34:00'),(189,'è€ƒå‹¤',1,'com.ruoyi.project.business.work.controller.CheckWorkController.addSave()','POST',1,'admin','ç ”å‘éƒ¨é—¨','/salary/work/add','127.0.0.1','å†…ç½‘IP','{\"workTime\":[\"22:02:13\"]}','{\"msg\":\"æ“ä½œæˆåŠŸ\",\"code\":0}',0,NULL,'2021-07-07 22:02:32'),(190,'è€ƒå‹¤',1,'com.ruoyi.project.business.work.controller.CheckWorkController.addSave()','POST',1,'admin','ç ”å‘éƒ¨é—¨','/salary/work/add','127.0.0.1','å†…ç½‘IP','{\"date\":[\"2021-07-07\"],\"workTime\":[\"22:02:51\"]}','{\"msg\":\"æ“ä½œæˆåŠŸ\",\"code\":0}',0,NULL,'2021-07-07 22:02:55'),(191,'è€ƒå‹¤',3,'com.ruoyi.project.business.work.controller.CheckWorkController.remove()','POST',1,'admin','ç ”å‘éƒ¨é—¨','/salary/work/remove','127.0.0.1','å†…ç½‘IP','{\"ids\":[\"2\"]}','{\"msg\":\"æ“ä½œæˆåŠŸ\",\"code\":0}',0,NULL,'2021-07-07 22:03:00'),(192,'è€ƒå‹¤',3,'com.ruoyi.project.business.work.controller.CheckWorkController.remove()','POST',1,'admin','ç ”å‘éƒ¨é—¨','/salary/work/remove','127.0.0.1','å†…ç½‘IP','{\"ids\":[\"3\"]}','{\"msg\":\"æ“ä½œæˆåŠŸ\",\"code\":0}',0,NULL,'2021-07-07 22:03:02'),(193,'è€ƒå‹¤',1,'com.ruoyi.project.business.work.controller.CheckWorkController.addSave()','POST',1,'admin','ç ”å‘éƒ¨é—¨','/salary/work/add','127.0.0.1','å†…ç½‘IP','{\"date\":[\"2021-07-07\"],\"workTime\":[\"22:27:30\"]}','{\"msg\":\"æ“ä½œæˆåŠŸ\",\"code\":0}',0,NULL,'2021-07-07 22:27:33'),(194,'è€ƒå‹¤',1,'com.ruoyi.project.business.work.controller.CheckWorkController.addSave()','POST',1,'admin','ç ”å‘éƒ¨é—¨','/salary/work/add','127.0.0.1','å†…ç½‘IP','{\"date\":[\"2021-07-07\"],\"workTime\":[\"22:27:46\"]}','{\"msg\":\"æ“ä½œæˆåŠŸ\",\"code\":0}',0,NULL,'2021-07-07 22:28:01'),(195,'è€ƒå‹¤',1,'com.ruoyi.project.business.work.controller.CheckWorkController.addSave()','POST',1,'admin','ç ”å‘éƒ¨é—¨','/salary/work/add','127.0.0.1','å†…ç½‘IP','{\"date\":[\"2021-07-07\"],\"workTime\":[\"22:28:31\"]}','{\"msg\":\"æ“ä½œå¤±è´¥\",\"code\":500}',0,NULL,'2021-07-07 22:28:37'),(196,'è€ƒå‹¤',1,'com.ruoyi.project.business.work.controller.CheckWorkController.addSave()','POST',1,'admin','ç ”å‘éƒ¨é—¨','/salary/work/add','127.0.0.1','å†…ç½‘IP','{\"date\":[\"2021-07-07\"],\"workTime\":[\"22:28:31\"]}','{\"msg\":\"æ“ä½œå¤±è´¥\",\"code\":500}',0,NULL,'2021-07-07 22:29:23'),(197,'è€ƒå‹¤',1,'com.ruoyi.project.business.work.controller.CheckWorkController.addSave()','POST',1,'admin','ç ”å‘éƒ¨é—¨','/salary/work/add','127.0.0.1','å†…ç½‘IP','{\"date\":[\"2021-07-07\"],\"workTime\":[\"22:30:27\"]}','{\"msg\":\"æ“ä½œæˆåŠŸ\",\"code\":0}',0,NULL,'2021-07-07 22:30:28'),(198,'è€ƒå‹¤',1,'com.ruoyi.project.business.work.controller.CheckWorkController.addSave()','POST',1,'admin','ç ”å‘éƒ¨é—¨','/salary/work/add','127.0.0.1','å†…ç½‘IP','{\"date\":[\"2021-07-07\"],\"workTime\":[\"22:32:00\"]}','{\"msg\":\"æ“ä½œæˆåŠŸ\",\"code\":0}',0,NULL,'2021-07-07 22:32:02'),(199,'è€ƒå‹¤',1,'com.ruoyi.project.business.work.controller.CheckWorkController.addSave()','POST',1,'admin','ç ”å‘éƒ¨é—¨','/salary/work/add','127.0.0.1','å†…ç½‘IP','{\"date\":[\"2021-07-07\"],\"workTime\":[\"22:32:13\"]}','{\"msg\":\"æ“ä½œæˆåŠŸ\",\"code\":0}',0,NULL,'2021-07-07 22:32:47'),(200,'è€ƒå‹¤',1,'com.ruoyi.project.business.work.controller.CheckWorkController.addSave()','POST',1,'admin','ç ”å‘éƒ¨é—¨','/salary/work/add','127.0.0.1','å†…ç½‘IP','{\"date\":[\"2021-07-07\"],\"closeTime\":[\"22:36:49\"]}','{\"msg\":\"æ“ä½œæˆåŠŸ\",\"code\":0}',0,NULL,'2021-07-07 22:36:55'),(201,'è€ƒå‹¤',3,'com.ruoyi.project.business.work.controller.CheckWorkController.remove()','POST',1,'admin','ç ”å‘éƒ¨é—¨','/salary/work/remove','127.0.0.1','å†…ç½‘IP','{\"ids\":[\"4\"]}','{\"msg\":\"æ“ä½œæˆåŠŸ\",\"code\":0}',0,NULL,'2021-07-07 22:37:04'),(202,'è€ƒå‹¤',3,'com.ruoyi.project.business.work.controller.CheckWorkController.remove()','POST',1,'admin','ç ”å‘éƒ¨é—¨','/salary/work/remove','127.0.0.1','å†…ç½‘IP','{\"ids\":[\"5\"]}','{\"msg\":\"æ“ä½œæˆåŠŸ\",\"code\":0}',0,NULL,'2021-07-07 22:37:06'),(203,'è€ƒå‹¤',3,'com.ruoyi.project.business.work.controller.CheckWorkController.remove()','POST',1,'admin','ç ”å‘éƒ¨é—¨','/salary/work/remove','127.0.0.1','å†…ç½‘IP','{\"ids\":[\"6\"]}','{\"msg\":\"æ“ä½œæˆåŠŸ\",\"code\":0}',0,NULL,'2021-07-07 22:37:08'),(204,'è€ƒå‹¤',3,'com.ruoyi.project.business.work.controller.CheckWorkController.remove()','POST',1,'admin','ç ”å‘éƒ¨é—¨','/salary/work/remove','127.0.0.1','å†…ç½‘IP','{\"ids\":[\"7\"]}','{\"msg\":\"æ“ä½œæˆåŠŸ\",\"code\":0}',0,NULL,'2021-07-07 22:37:09'),(205,'è€ƒå‹¤',1,'com.ruoyi.project.business.work.controller.CheckWorkController.addSave()','POST',1,'admin','ç ”å‘éƒ¨é—¨','/salary/work/add','127.0.0.1','å†…ç½‘IP','{\"date\":[\"2021-07-07\"],\"workTime\":[\"22:37:11\"]}','{\"msg\":\"æ“ä½œæˆåŠŸ\",\"code\":0}',0,NULL,'2021-07-07 22:37:13'),(206,'è€ƒå‹¤',1,'com.ruoyi.project.business.work.controller.CheckWorkController.addSave()','POST',1,'admin','ç ”å‘éƒ¨é—¨','/salary/work/add','127.0.0.1','å†…ç½‘IP','{\"date\":[\"2021-07-07\"],\"closeTime\":[\"22:37:15\"]}','{\"msg\":\"æ“ä½œæˆåŠŸ\",\"code\":0}',0,NULL,'2021-07-07 22:37:16'),(207,'è€ƒå‹¤',3,'com.ruoyi.project.business.work.controller.CheckWorkController.remove()','POST',1,'admin','ç ”å‘éƒ¨é—¨','/salary/work/remove','127.0.0.1','å†…ç½‘IP','{\"ids\":[\"8\"]}','{\"msg\":\"æ“ä½œæˆåŠŸ\",\"code\":0}',0,NULL,'2021-07-07 22:37:20'),(208,'è€ƒå‹¤',1,'com.ruoyi.project.business.work.controller.CheckWorkController.addSave()','POST',1,'admin','ç ”å‘éƒ¨é—¨','/salary/work/add','127.0.0.1','å†…ç½‘IP','{\"date\":[\"2021-07-07\"],\"closeTime\":[\"22:37:21\"]}','{\"msg\":\"æ“ä½œæˆåŠŸ\",\"code\":0}',0,NULL,'2021-07-07 22:37:22'),(209,'è€ƒå‹¤',1,'com.ruoyi.project.business.work.controller.CheckWorkController.addSave()','POST',1,'admin','ç ”å‘éƒ¨é—¨','/salary/work/add','127.0.0.1','å†…ç½‘IP','{\"date\":[\"2021-07-07\"],\"workTime\":[\"22:37:25\"]}','{\"msg\":\"æ“ä½œæˆåŠŸ\",\"code\":0}',0,NULL,'2021-07-07 22:37:26'),(210,'è€ƒå‹¤',1,'com.ruoyi.project.business.work.controller.CheckWorkController.addSave()','POST',1,'admin','ç ”å‘éƒ¨é—¨','/salary/work/add','127.0.0.1','å†…ç½‘IP','{\"date\":[\"2021-07-07\"],\"closeTime\":[\"22:37:28\"]}','{\"msg\":\"æ“ä½œæˆåŠŸ\",\"code\":0}',0,NULL,'2021-07-07 22:37:29'),(211,'è€ƒå‹¤',1,'com.ruoyi.project.business.work.controller.CheckWorkController.addSave()','POST',1,'admin','ç ”å‘éƒ¨é—¨','/salary/work/add','127.0.0.1','å†…ç½‘IP','{\"date\":[\"2021-07-07\"],\"workTime\":[\"22:37:30\"]}','{\"msg\":\"æ“ä½œæˆåŠŸ\",\"code\":0}',0,NULL,'2021-07-07 22:37:31'),(212,'è€ƒå‹¤',3,'com.ruoyi.project.business.work.controller.CheckWorkController.remove()','POST',1,'admin','ç ”å‘éƒ¨é—¨','/salary/work/remove','127.0.0.1','å†…ç½‘IP','{\"ids\":[\"9\"]}','{\"msg\":\"æ“ä½œæˆåŠŸ\",\"code\":0}',0,NULL,'2021-07-07 22:37:53'),(213,'è€ƒå‹¤',1,'com.ruoyi.project.business.work.controller.CheckWorkController.addSave()','POST',1,'admin','ç ”å‘éƒ¨é—¨','/salary/work/add','127.0.0.1','å†…ç½‘IP','{\"date\":[\"2021-07-07\"],\"closeTime\":[\"22:37:54\"]}','{\"msg\":\"æ“ä½œæˆåŠŸ\",\"code\":0}',0,NULL,'2021-07-07 22:38:16'),(214,'è€ƒå‹¤',1,'com.ruoyi.project.business.work.controller.CheckWorkController.addSave()','POST',1,'admin','ç ”å‘éƒ¨é—¨','/salary/work/add','127.0.0.1','å†…ç½‘IP','{\"date\":[\"2021-07-07\"],\"closeTime\":[\"22:40:44\"]}','{\"msg\":\"æ“ä½œæˆåŠŸ\",\"code\":0}',0,NULL,'2021-07-07 22:40:45'),(215,'è€ƒå‹¤',3,'com.ruoyi.project.business.work.controller.CheckWorkController.remove()','POST',1,'admin','ç ”å‘éƒ¨é—¨','/salary/work/remove','127.0.0.1','å†…ç½‘IP','{\"ids\":[\"10\"]}','{\"msg\":\"æ“ä½œæˆåŠŸ\",\"code\":0}',0,NULL,'2021-07-07 22:40:53'),(216,'è€ƒå‹¤',1,'com.ruoyi.project.business.work.controller.CheckWorkController.addSave()','POST',1,'admin','ç ”å‘éƒ¨é—¨','/salary/work/add','127.0.0.1','å†…ç½‘IP','{\"date\":[\"2021-07-07\"],\"closeTime\":[\"22:40:58\"]}','{\"msg\":\"è¯·å…ˆæ‰§è¡Œä¸Šç­æ‰“å¡\",\"code\":500}',0,NULL,'2021-07-07 22:41:12'),(217,'è€ƒå‹¤',1,'com.ruoyi.project.business.work.controller.CheckWorkController.addSave()','POST',1,'admin','ç ”å‘éƒ¨é—¨','/salary/work/add','127.0.0.1','å†…ç½‘IP','{\"date\":[\"2021-07-07\"],\"closeTime\":[\"22:41:19\"]}','{\"msg\":\"è¯·å…ˆæ‰§è¡Œä¸Šç­æ‰“å¡\",\"code\":500}',0,NULL,'2021-07-07 22:41:24'),(218,'è€ƒå‹¤',1,'com.ruoyi.project.business.work.controller.CheckWorkController.addSave()','POST',1,'admin','ç ”å‘éƒ¨é—¨','/salary/work/add','127.0.0.1','å†…ç½‘IP','{\"date\":[\"2021-07-07\"],\"closeTime\":[\"22:41:27\"]}','{\"msg\":\"è¯·å…ˆæ‰§è¡Œä¸Šç­æ‰“å¡\",\"code\":500}',0,NULL,'2021-07-07 22:41:28'),(219,'è€ƒå‹¤',1,'com.ruoyi.project.business.work.controller.CheckWorkController.addSave()','POST',1,'admin','ç ”å‘éƒ¨é—¨','/salary/work/add','127.0.0.1','å†…ç½‘IP','{\"date\":[\"2021-07-07\"],\"workTime\":[\"22:41:30\"]}','{\"msg\":\"æ“ä½œæˆåŠŸ\",\"code\":0}',0,NULL,'2021-07-07 22:41:31'),(220,'è€ƒå‹¤',1,'com.ruoyi.project.business.work.controller.CheckWorkController.addSave()','POST',1,'admin','ç ”å‘éƒ¨é—¨','/salary/work/add','127.0.0.1','å†…ç½‘IP','{\"date\":[\"2021-07-07\"],\"workTime\":[\"22:41:33\"]}','{\"msg\":\"æ“ä½œæˆåŠŸ\",\"code\":0}',0,NULL,'2021-07-07 22:41:34'),(221,'è€ƒå‹¤',1,'com.ruoyi.project.business.work.controller.CheckWorkController.addSave()','POST',1,'admin','ç ”å‘éƒ¨é—¨','/salary/work/add','127.0.0.1','å†…ç½‘IP','{\"date\":[\"2021-07-07\"],\"workTime\":[\"22:41:36\"]}','{\"msg\":\"æ“ä½œæˆåŠŸ\",\"code\":0}',0,NULL,'2021-07-07 22:41:37'),(222,'è€ƒå‹¤',1,'com.ruoyi.project.business.work.controller.CheckWorkController.addSave()','POST',1,'admin','ç ”å‘éƒ¨é—¨','/salary/work/add','127.0.0.1','å†…ç½‘IP','{\"date\":[\"2021-07-07\"],\"workTime\":[\"22:41:38\"]}','{\"msg\":\"æ“ä½œæˆåŠŸ\",\"code\":0}',0,NULL,'2021-07-07 22:41:41'),(223,'è€ƒå‹¤',1,'com.ruoyi.project.business.work.controller.CheckWorkController.addSave()','POST',1,'admin','ç ”å‘éƒ¨é—¨','/salary/work/add','127.0.0.1','å†…ç½‘IP','{\"date\":[\"2021-07-07\"],\"workTime\":[\"22:41:42\"]}','{\"msg\":\"æ“ä½œæˆåŠŸ\",\"code\":0}',0,NULL,'2021-07-07 22:41:43'),(224,'è€ƒå‹¤',1,'com.ruoyi.project.business.work.controller.CheckWorkController.addSave()','POST',1,'admin','ç ”å‘éƒ¨é—¨','/salary/work/add','127.0.0.1','å†…ç½‘IP','{\"date\":[\"2021-07-07\"],\"workTime\":[\"22:44:48\"]}','{\"msg\":\"ä¸Šç­å·²æ‰“å¡ï¼Œä¸‹ç­æ‰“å¡è¯·æ‰§è¡Œä¸‹ç­æ‰“å¡\",\"code\":500}',0,NULL,'2021-07-07 22:44:51'),(225,'è€ƒå‹¤',1,'com.ruoyi.project.business.work.controller.CheckWorkController.addSave()','POST',1,'admin','ç ”å‘éƒ¨é—¨','/salary/work/add','127.0.0.1','å†…ç½‘IP','{\"date\":[\"2021-07-07\"],\"closeTime\":[\"22:44:53\"]}','{\"msg\":\"æ“ä½œæˆåŠŸ\",\"code\":0}',0,NULL,'2021-07-07 22:44:54'),(226,'è€ƒå‹¤',3,'com.ruoyi.project.business.work.controller.CheckWorkController.remove()','POST',1,'admin','ç ”å‘éƒ¨é—¨','/salary/work/remove','127.0.0.1','å†…ç½‘IP','{\"ids\":[\"11\"]}','{\"msg\":\"æ“ä½œæˆåŠŸ\",\"code\":0}',0,NULL,'2021-07-07 22:44:57'),(227,'è€ƒå‹¤',1,'com.ruoyi.project.business.work.controller.CheckWorkController.addSave()','POST',1,'admin','ç ”å‘éƒ¨é—¨','/salary/work/add','127.0.0.1','å†…ç½‘IP','{\"date\":[\"2021-07-07\"],\"closeTime\":[\"22:45:01\"]}','{\"msg\":\"è¯·å…ˆæ‰§è¡Œä¸Šç­æ‰“å¡\",\"code\":500}',0,NULL,'2021-07-07 22:45:02'),(228,'è€ƒå‹¤',1,'com.ruoyi.project.business.work.controller.CheckWorkController.addSave()','POST',1,'admin','ç ”å‘éƒ¨é—¨','/salary/work/add','127.0.0.1','å†…ç½‘IP','{\"date\":[\"2021-07-07\"],\"workTime\":[\"22:45:05\"]}','{\"msg\":\"æ“ä½œæˆåŠŸ\",\"code\":0}',0,NULL,'2021-07-07 22:45:06'),(229,'è€ƒå‹¤',1,'com.ruoyi.project.business.work.controller.CheckWorkController.addSave()','POST',1,'admin','ç ”å‘éƒ¨é—¨','/salary/work/add','127.0.0.1','å†…ç½‘IP','{\"date\":[\"2021-07-07\"],\"workTime\":[\"22:45:07\"]}','{\"msg\":\"ä¸Šç­å·²æ‰“å¡ï¼Œä¸‹ç­æ‰“å¡è¯·æ‰§è¡Œä¸‹ç­æ‰“å¡\",\"code\":500}',0,NULL,'2021-07-07 22:45:08'),(230,'è€ƒå‹¤',1,'com.ruoyi.project.business.work.controller.CheckWorkController.addSave()','POST',1,'admin','ç ”å‘éƒ¨é—¨','/salary/work/add','127.0.0.1','å†…ç½‘IP','{\"date\":[\"2021-07-07\"],\"closeTime\":[\"22:45:10\"]}','{\"msg\":\"æ“ä½œæˆåŠŸ\",\"code\":0}',0,NULL,'2021-07-07 22:45:11'),(231,'è€ƒå‹¤',1,'com.ruoyi.project.business.work.controller.CheckWorkController.addSave()','POST',1,'admin','ç ”å‘éƒ¨é—¨','/salary/work/add','127.0.0.1','å†…ç½‘IP','{\"date\":[\"2021-07-07\"],\"workTime\":[\"22:58:56\"]}','{\"msg\":\"ä¸Šç­å·²æ‰“å¡ï¼Œä¸‹ç­æ‰“å¡è¯·æ‰§è¡Œä¸‹ç­æ‰“å¡\",\"code\":500}',0,NULL,'2021-07-07 22:58:57'),(232,'è€ƒå‹¤',3,'com.ruoyi.project.business.work.controller.CheckWorkController.remove()','POST',1,'admin','ç ”å‘éƒ¨é—¨','/salary/work/remove','127.0.0.1','å†…ç½‘IP','{\"ids\":[\"12\"]}','{\"msg\":\"æ“ä½œæˆåŠŸ\",\"code\":0}',0,NULL,'2021-07-07 22:59:04'),(233,'è€ƒå‹¤',1,'com.ruoyi.project.business.work.controller.CheckWorkController.addSave()','POST',1,'admin','ç ”å‘éƒ¨é—¨','/salary/work/add','127.0.0.1','å†…ç½‘IP','{\"date\":[\"2021-07-07\"],\"workTime\":[\"22:59:04\"]}','{\"msg\":\"æ“ä½œæˆåŠŸ\",\"code\":0}',0,NULL,'2021-07-07 22:59:06'),(234,'è€ƒå‹¤',1,'com.ruoyi.project.business.work.controller.CheckWorkController.addSave()','POST',1,'admin','ç ”å‘éƒ¨é—¨','/salary/work/add','127.0.0.1','å†…ç½‘IP','{\"date\":[\"2021-07-07\"],\"closeTime\":[\"22:59:08\"]}',NULL,1,'Unparseable date: \"09:00:00\"','2021-07-07 22:59:09'),(235,'è€ƒå‹¤',1,'com.ruoyi.project.business.work.controller.CheckWorkController.addSave()','POST',1,'admin','ç ”å‘éƒ¨é—¨','/salary/work/add','127.0.0.1','å†…ç½‘IP','{\"date\":[\"2021-07-07\"],\"closeTime\":[\"22:59:08\"]}',NULL,1,'Unparseable date: \"09:00:00\"','2021-07-07 22:59:34'),(236,'è€ƒå‹¤',1,'com.ruoyi.project.business.work.controller.CheckWorkController.addSave()','POST',1,'admin','ç ”å‘éƒ¨é—¨','/salary/work/add','127.0.0.1','å†…ç½‘IP','{\"date\":[\"2021-07-07\"],\"workTime\":[\"23:00:51\"]}','{\"msg\":\"ä¸Šç­å·²æ‰“å¡ï¼Œä¸‹ç­æ‰“å¡è¯·æ‰§è¡Œä¸‹ç­æ‰“å¡\",\"code\":500}',0,NULL,'2021-07-07 23:00:52'),(237,'è€ƒå‹¤',1,'com.ruoyi.project.business.work.controller.CheckWorkController.addSave()','POST',1,'admin','ç ”å‘éƒ¨é—¨','/salary/work/add','127.0.0.1','å†…ç½‘IP','{\"date\":[\"2021-07-07\"],\"closeTime\":[\"23:00:56\"]}','{\"msg\":\"æ“ä½œæˆåŠŸ\",\"code\":0}',0,NULL,'2021-07-07 23:00:57'),(238,'è€ƒå‹¤',1,'com.ruoyi.project.business.work.controller.CheckWorkController.addSave()','POST',1,'admin','ç ”å‘éƒ¨é—¨','/salary/work/add','127.0.0.1','å†…ç½‘IP','{\"date\":[\"2021-07-07\"],\"closeTime\":[\"23:01:07\"]}','{\"msg\":\"æ“ä½œæˆåŠŸ\",\"code\":0}',0,NULL,'2021-07-07 23:02:26'),(239,'è€ƒå‹¤',1,'com.ruoyi.project.business.work.controller.CheckWorkController.addSave()','POST',1,'admin','ç ”å‘éƒ¨é—¨','/salary/work/add','127.0.0.1','å†…ç½‘IP','{\"date\":[\"2021-07-07\"],\"closeTime\":[\"23:02:59\"]}','{\"msg\":\"æ“ä½œæˆåŠŸ\",\"code\":0}',0,NULL,'2021-07-07 23:03:53'),(240,'è€ƒå‹¤',1,'com.ruoyi.project.business.work.controller.CheckWorkController.addSave()','POST',1,'admin','ç ”å‘éƒ¨é—¨','/salary/work/add','127.0.0.1','å†…ç½‘IP','{\"date\":[\"2021-07-07\"],\"closeTime\":[\"23:04:13\"]}','{\"msg\":\"æ“ä½œæˆåŠŸ\",\"code\":0}',0,NULL,'2021-07-07 23:04:45'),(241,'è€ƒå‹¤',1,'com.ruoyi.project.business.work.controller.CheckWorkController.addSave()','POST',1,'admin','ç ”å‘éƒ¨é—¨','/salary/work/add','127.0.0.1','å†…ç½‘IP','{\"date\":[\"2021-07-07\"],\"closeTime\":[\"23:04:57\"]}','{\"msg\":\"æ“ä½œæˆåŠŸ\",\"code\":0}',0,NULL,'2021-07-07 23:05:44'),(242,'è€ƒå‹¤',1,'com.ruoyi.project.business.work.controller.CheckWorkController.addSave()','POST',1,'admin','ç ”å‘éƒ¨é—¨','/salary/work/add','127.0.0.1','å†…ç½‘IP','{\"date\":[\"2021-07-07\"],\"closeTime\":[\"23:07:18\"]}','{\"msg\":\"æ“ä½œæˆåŠŸ\",\"code\":0}',0,NULL,'2021-07-07 23:07:29'),(243,'è€ƒå‹¤',1,'com.ruoyi.project.business.work.controller.CheckWorkController.addSave()','POST',1,'admin','ç ”å‘éƒ¨é—¨','/salary/work/add','127.0.0.1','å†…ç½‘IP','{\"date\":[\"2021-07-07\"],\"closeTime\":[\"23:09:37\"]}','{\"msg\":\"ä»Šæ—¥æ‰“å¡å·²å®Œæˆï¼Œè¯·å‹¿é‡å¤\",\"code\":500}',0,NULL,'2021-07-07 23:09:38'),(244,'è€ƒå‹¤',1,'com.ruoyi.project.business.work.controller.CheckWorkController.addSave()','POST',1,'admin','ç ”å‘éƒ¨é—¨','/salary/work/add','127.0.0.1','å†…ç½‘IP','{\"date\":[\"2021-07-08\"],\"workTime\":[\"19:34:30\"]}','{\"msg\":\"æ“ä½œæˆåŠŸ\",\"code\":0}',0,NULL,'2021-07-08 19:34:33'),(245,'è€ƒå‹¤',1,'com.ruoyi.project.business.work.controller.CheckWorkController.addSave()','POST',1,'admin','ç ”å‘éƒ¨é—¨','/salary/work/add','127.0.0.1','å†…ç½‘IP','{\"date\":[\"2021-07-08\"],\"workTime\":[\"19:34:36\"]}','{\"msg\":\"ä¸Šç­å·²æ‰“å¡ï¼Œä¸‹ç­æ‰“å¡è¯·æ‰§è¡Œä¸‹ç­æ‰“å¡\",\"code\":500}',0,NULL,'2021-07-08 19:34:37'),(246,'è€ƒå‹¤',1,'com.ruoyi.project.business.work.controller.CheckWorkController.addSave()','POST',1,'admin','ç ”å‘éƒ¨é—¨','/salary/work/add','127.0.0.1','å†…ç½‘IP','{\"date\":[\"2021-07-08\"],\"closeTime\":[\"19:34:40\"]}','{\"msg\":\"æ“ä½œæˆåŠŸ\",\"code\":0}',0,NULL,'2021-07-08 19:34:41'),(247,'è€ƒå‹¤',1,'com.ruoyi.project.business.work.controller.CheckWorkController.addSave()','POST',1,'admin','ç ”å‘éƒ¨é—¨','/salary/work/add','127.0.0.1','å†…ç½‘IP','{\"date\":[\"2021-07-08\"],\"closeTime\":[\"19:34:42\"]}','{\"msg\":\"ä»Šæ—¥æ‰“å¡å·²å®Œæˆï¼Œè¯·å‹¿é‡å¤\",\"code\":500}',0,NULL,'2021-07-08 19:34:43'),(248,'è€ƒå‹¤',1,'com.ruoyi.project.business.work.controller.CheckWorkController.addSave()','POST',1,'admin','ç ”å‘éƒ¨é—¨','/salary/work/add','127.0.0.1','å†…ç½‘IP','{\"date\":[\"2021-07-08\"],\"closeTime\":[\"19:35:26\"]}','{\"msg\":\"æ“ä½œæˆåŠŸ\",\"code\":0}',0,NULL,'2021-07-08 19:35:39'),(249,'è€ƒå‹¤',1,'com.ruoyi.project.business.work.controller.CheckWorkController.addSave()','POST',1,'admin','ç ”å‘éƒ¨é—¨','/salary/work/add','127.0.0.1','å†…ç½‘IP','{\"date\":[\"2021-07-08\"],\"closeTime\":[\"19:37:23\"]}','{\"msg\":\"æ“ä½œæˆåŠŸ\",\"code\":0}',0,NULL,'2021-07-08 19:37:26'),(250,'è€ƒå‹¤',1,'com.ruoyi.project.business.work.controller.CheckWorkController.addSave()','POST',1,'admin','ç ”å‘éƒ¨é—¨','/salary/work/add','127.0.0.1','å†…ç½‘IP','{\"date\":[\"2021-07-08\"],\"closeTime\":[\"19:38:34\"]}','{\"msg\":\"æ“ä½œæˆåŠŸ\",\"code\":0}',0,NULL,'2021-07-08 19:38:39'),(251,'è€ƒå‹¤',1,'com.ruoyi.project.business.work.controller.CheckWorkController.addSave()','POST',1,'admin','ç ”å‘éƒ¨é—¨','/salary/work/add','127.0.0.1','å†…ç½‘IP','{\"date\":[\"2021-07-08\"],\"closeTime\":[\"19:39:53\"]}','{\"msg\":\"æ“ä½œæˆåŠŸ\",\"code\":0}',0,NULL,'2021-07-08 19:39:59'),(252,'è€ƒå‹¤',1,'com.ruoyi.project.business.work.controller.CheckWorkController.addSave()','POST',1,'admin','ç ”å‘éƒ¨é—¨','/salary/work/add','127.0.0.1','å†…ç½‘IP','{\"date\":[\"2021-07-08\"],\"closeTime\":[\"19:53:29\"]}','{\"msg\":\"æ“ä½œæˆåŠŸ\",\"code\":0}',0,NULL,'2021-07-08 19:54:03'),(253,'è€ƒå‹¤',1,'com.ruoyi.project.business.work.controller.CheckWorkController.addSave()','POST',1,'admin','ç ”å‘éƒ¨é—¨','/salary/work/add','127.0.0.1','å†…ç½‘IP','{\"date\":[\"2021-07-08\"],\"closeTime\":[\"19:54:42\"]}','{\"msg\":\"æ“ä½œæˆåŠŸ\",\"code\":0}',0,NULL,'2021-07-08 19:54:52'),(254,'è€ƒå‹¤',1,'com.ruoyi.project.business.work.controller.CheckWorkController.addSave()','POST',1,'admin','ç ”å‘éƒ¨é—¨','/salary/work/add','127.0.0.1','å†…ç½‘IP','{\"date\":[\"2021-07-08\"],\"closeTime\":[\"19:57:03\"]}','{\"msg\":\"æ“ä½œæˆåŠŸ\",\"code\":0}',0,NULL,'2021-07-08 19:57:04'),(255,'è€ƒå‹¤',1,'com.ruoyi.project.business.work.controller.CheckWorkController.addSave()','POST',1,'admin','ç ”å‘éƒ¨é—¨','/salary/work/add','127.0.0.1','å†…ç½‘IP','{\"date\":[\"2021-07-08\"],\"closeTime\":[\"19:57:23\"]}','{\"msg\":\"æ“ä½œæˆåŠŸ\",\"code\":0}',0,NULL,'2021-07-08 19:57:52'),(256,'è€ƒå‹¤',1,'com.ruoyi.project.business.work.controller.CheckWorkController.addSave()','POST',1,'admin','ç ”å‘éƒ¨é—¨','/salary/work/add','127.0.0.1','å†…ç½‘IP','{\"date\":[\"2021-07-08\"],\"closeTime\":[\"19:59:22\"]}','{\"msg\":\"æ“ä½œæˆåŠŸ\",\"code\":0}',0,NULL,'2021-07-08 19:59:34'),(257,'è€ƒå‹¤',1,'com.ruoyi.project.business.work.controller.CheckWorkController.addSave()','POST',1,'admin','ç ”å‘éƒ¨é—¨','/salary/work/add','127.0.0.1','å†…ç½‘IP','{\"date\":[\"2021-07-08\"],\"closeTime\":[\"20:00:22\"]}',NULL,1,'Unparseable date: \"2021-07-08 \"','2021-07-08 20:00:31'),(258,'è€ƒå‹¤',1,'com.ruoyi.project.business.work.controller.CheckWorkController.addSave()','POST',1,'admin','ç ”å‘éƒ¨é—¨','/salary/work/add','127.0.0.1','å†…ç½‘IP','{\"date\":[\"2021-07-08\"],\"closeTime\":[\"20:01:29\"]}',NULL,1,'Unparseable date: \"2021-07-08 \"','2021-07-08 20:01:30'),(259,'è€ƒå‹¤',1,'com.ruoyi.project.business.work.controller.CheckWorkController.addSave()','POST',1,'admin','ç ”å‘éƒ¨é—¨','/salary/work/add','127.0.0.1','å†…ç½‘IP','{\"date\":[\"2021-07-08\"],\"closeTime\":[\"20:01:29\"]}',NULL,1,'Unparseable date: \"2021-07-08 \"','2021-07-08 20:01:37'),(260,'è€ƒå‹¤',1,'com.ruoyi.project.business.work.controller.CheckWorkController.addSave()','POST',1,'admin','ç ”å‘éƒ¨é—¨','/salary/work/add','127.0.0.1','å†…ç½‘IP','{\"date\":[\"2021-07-08\"],\"closeTime\":[\"20:01:29\"]}',NULL,1,'Unparseable date: \"2021-07-08 \"','2021-07-08 20:02:10'),(261,'è€ƒå‹¤',1,'com.ruoyi.project.business.work.controller.CheckWorkController.addSave()','POST',1,'admin','ç ”å‘éƒ¨é—¨','/salary/work/add','127.0.0.1','å†…ç½‘IP','{\"date\":[\"2021-07-08\"],\"closeTime\":[\"20:01:29\"]}',NULL,1,'Unparseable date: \"2021-07-08 \"','2021-07-08 20:03:01'),(262,'è€ƒå‹¤',1,'com.ruoyi.project.business.work.controller.CheckWorkController.addSave()','POST',1,'admin','ç ”å‘éƒ¨é—¨','/salary/work/add','127.0.0.1','å†…ç½‘IP','{\"date\":[\"2021-07-08\"],\"closeTime\":[\"20:01:29\"]}','{\"msg\":\"æ“ä½œæˆåŠŸ\",\"code\":0}',0,NULL,'2021-07-08 20:03:50'),(263,'è€ƒå‹¤',1,'com.ruoyi.project.business.work.controller.CheckWorkController.addSave()','POST',1,'admin','ç ”å‘éƒ¨é—¨','/salary/work/add','127.0.0.1','å†…ç½‘IP','{\"date\":[\"2021-07-08\"],\"closeTime\":[\"20:04:05\"]}','{\"msg\":\"æ“ä½œæˆåŠŸ\",\"code\":0}',0,NULL,'2021-07-08 20:04:29'),(264,'è€ƒå‹¤',1,'com.ruoyi.project.business.work.controller.CheckWorkController.addSave()','POST',1,'admin','ç ”å‘éƒ¨é—¨','/salary/work/add','127.0.0.1','å†…ç½‘IP','{\"date\":[\"2021-07-08\"],\"closeTime\":[\"20:05:44\"]}','{\"msg\":\"æ“ä½œæˆåŠŸ\",\"code\":0}',0,NULL,'2021-07-08 20:06:47'),(265,'è€ƒå‹¤',1,'com.ruoyi.project.business.work.controller.CheckWorkController.addSave()','POST',1,'admin','ç ”å‘éƒ¨é—¨','/salary/work/add','127.0.0.1','å†…ç½‘IP','{\"date\":[\"2021-07-08\"],\"closeTime\":[\"20:08:46\"]}','{\"msg\":\"æ“ä½œæˆåŠŸ\",\"code\":0}',0,NULL,'2021-07-08 20:09:02'),(266,'è€ƒå‹¤',1,'com.ruoyi.project.business.work.controller.CheckWorkController.addSave()','POST',1,'admin','ç ”å‘éƒ¨é—¨','/salary/work/add','127.0.0.1','å†…ç½‘IP','{\"date\":[\"2021-07-08\"],\"closeTime\":[\"20:13:12\"]}','{\"msg\":\"æ“ä½œæˆåŠŸ\",\"code\":0}',0,NULL,'2021-07-08 20:13:16'),(267,'è€ƒå‹¤',1,'com.ruoyi.project.business.work.controller.CheckWorkController.addSave()','POST',1,'admin','ç ”å‘éƒ¨é—¨','/salary/work/add','127.0.0.1','å†…ç½‘IP','{\"date\":[\"2021-07-08\"],\"closeTime\":[\"20:13:42\"]}','{\"msg\":\"æ“ä½œæˆåŠŸ\",\"code\":0}',0,NULL,'2021-07-08 20:13:48'),(268,'è€ƒå‹¤',1,'com.ruoyi.project.business.work.controller.CheckWorkController.addSave()','POST',1,'admin','ç ”å‘éƒ¨é—¨','/salary/work/add','127.0.0.1','å†…ç½‘IP','{\"date\":[\"2021-07-08\"],\"closeTime\":[\"20:16:54\"]}','{\"msg\":\"æ“ä½œæˆåŠŸ\",\"code\":0}',0,NULL,'2021-07-08 20:17:07'),(269,'è€ƒå‹¤',1,'com.ruoyi.project.business.work.controller.CheckWorkController.addSave()','POST',1,'admin','ç ”å‘éƒ¨é—¨','/salary/work/add','127.0.0.1','å†…ç½‘IP','{\"date\":[\"2021-07-08\"],\"closeTime\":[\"20:17:25\"]}','{\"msg\":\"æ“ä½œæˆåŠŸ\",\"code\":0}',0,NULL,'2021-07-08 20:17:29'),(270,'è€ƒå‹¤',1,'com.ruoyi.project.business.work.controller.CheckWorkController.addSave()','POST',1,'admin','ç ”å‘éƒ¨é—¨','/salary/work/add','127.0.0.1','å†…ç½‘IP','{\"date\":[\"2021-07-08\"],\"closeTime\":[\"20:17:32\"]}','{\"msg\":\"æ“ä½œæˆåŠŸ\",\"code\":0}',0,NULL,'2021-07-08 20:17:33'),(271,'è€ƒå‹¤',1,'com.ruoyi.project.business.work.controller.CheckWorkController.addSave()','POST',1,'admin','ç ”å‘éƒ¨é—¨','/salary/work/add','127.0.0.1','å†…ç½‘IP','{\"date\":[\"2021-07-08\"],\"closeTime\":[\"20:18:29\"]}','{\"msg\":\"æ“ä½œæˆåŠŸ\",\"code\":0}',0,NULL,'2021-07-08 20:18:30'),(272,'è€ƒå‹¤',1,'com.ruoyi.project.business.work.controller.CheckWorkController.addSave()','POST',1,'admin','ç ”å‘éƒ¨é—¨','/salary/work/add','127.0.0.1','å†…ç½‘IP','{\"date\":[\"2021-07-08\"],\"closeTime\":[\"20:19:07\"]}','{\"msg\":\"æ“ä½œæˆåŠŸ\",\"code\":0}',0,NULL,'2021-07-08 20:19:14'),(273,'è€ƒå‹¤',1,'com.ruoyi.project.business.work.controller.CheckWorkController.addSave()','POST',1,'admin','ç ”å‘éƒ¨é—¨','/salary/work/add','127.0.0.1','å†…ç½‘IP','{\"date\":[\"2021-07-08\"],\"closeTime\":[\"20:19:30\"]}','{\"msg\":\"æ“ä½œæˆåŠŸ\",\"code\":0}',0,NULL,'2021-07-08 20:19:31'),(274,'è€ƒå‹¤',1,'com.ruoyi.project.business.work.controller.CheckWorkController.addSave()','POST',1,'admin','ç ”å‘éƒ¨é—¨','/salary/work/add','127.0.0.1','å†…ç½‘IP','{\"date\":[\"2021-07-08\"],\"closeTime\":[\"20:19:38\"]}','{\"msg\":\"æ“ä½œæˆåŠŸ\",\"code\":0}',0,NULL,'2021-07-08 20:21:35'),(275,'è€ƒå‹¤',1,'com.ruoyi.project.business.work.controller.CheckWorkController.addSave()','POST',1,'admin','ç ”å‘éƒ¨é—¨','/salary/work/add','127.0.0.1','å†…ç½‘IP','{\"date\":[\"2021-07-08\"],\"closeTime\":[\"20:21:41\"]}','{\"msg\":\"æ“ä½œæˆåŠŸ\",\"code\":0}',0,NULL,'2021-07-08 20:27:05'),(276,'è€ƒå‹¤',1,'com.ruoyi.project.business.work.controller.CheckWorkController.addSave()','POST',1,'admin','ç ”å‘éƒ¨é—¨','/salary/work/add','127.0.0.1','å†…ç½‘IP','{\"date\":[\"2021-07-08\"],\"closeTime\":[\"20:28:16\"]}','{\"msg\":\"æ“ä½œæˆåŠŸ\",\"code\":0}',0,NULL,'2021-07-08 20:28:52'),(277,'è€ƒå‹¤',1,'com.ruoyi.project.business.work.controller.CheckWorkController.addSave()','POST',1,'admin','ç ”å‘éƒ¨é—¨','/salary/work/add','127.0.0.1','å†…ç½‘IP','{\"date\":[\"2021-07-08\"],\"closeTime\":[\"20:29:29\"]}',NULL,1,'Unparseable date: \"09:00:00\"','2021-07-08 20:29:30'),(278,'è€ƒå‹¤',1,'com.ruoyi.project.business.work.controller.CheckWorkController.addSave()','POST',1,'admin','ç ”å‘éƒ¨é—¨','/salary/work/add','127.0.0.1','å†…ç½‘IP','{\"date\":[\"2021-07-08\"],\"closeTime\":[\"20:29:29\"]}',NULL,1,'Unparseable date: \"09:00:00\"','2021-07-08 20:29:32'),(279,'è€ƒå‹¤',1,'com.ruoyi.project.business.work.controller.CheckWorkController.addSave()','POST',1,'admin','ç ”å‘éƒ¨é—¨','/salary/work/add','127.0.0.1','å†…ç½‘IP','{\"date\":[\"2021-07-08\"],\"closeTime\":[\"20:36:38\"]}','{\"msg\":\"æ“ä½œæˆåŠŸ\",\"code\":0}',0,NULL,'2021-07-08 20:36:39'),(280,'è€ƒå‹¤',1,'com.ruoyi.project.business.work.controller.CheckWorkController.addSave()','POST',1,'admin','ç ”å‘éƒ¨é—¨','/salary/work/add','127.0.0.1','å†…ç½‘IP','{\"date\":[\"2021-07-08\"],\"closeTime\":[\"20:36:44\"]}','{\"msg\":\"æ“ä½œæˆåŠŸ\",\"code\":0}',0,NULL,'2021-07-08 20:36:52'),(281,'è€ƒå‹¤',1,'com.ruoyi.project.business.work.controller.CheckWorkController.addSave()','POST',1,'admin','ç ”å‘éƒ¨é—¨','/salary/work/add','127.0.0.1','å†…ç½‘IP','{\"date\":[\"2021-07-08\"],\"closeTime\":[\"20:38:30\"]}','{\"msg\":\"æ“ä½œæˆåŠŸ\",\"code\":0}',0,NULL,'2021-07-08 20:38:42'),(282,'è€ƒå‹¤',1,'com.ruoyi.project.business.work.controller.CheckWorkController.addSave()','POST',1,'admin','ç ”å‘éƒ¨é—¨','/salary/work/add','127.0.0.1','å†…ç½‘IP','{\"date\":[\"2021-07-08\"],\"closeTime\":[\"20:38:54\"]}','{\"msg\":\"æ“ä½œæˆåŠŸ\",\"code\":0}',0,NULL,'2021-07-08 20:39:44'),(283,'è€ƒå‹¤',1,'com.ruoyi.project.business.work.controller.CheckWorkController.addSave()','POST',1,'admin','ç ”å‘éƒ¨é—¨','/salary/work/add','127.0.0.1','å†…ç½‘IP','{\"date\":[\"2021-07-08\"],\"closeTime\":[\"20:42:32\"]}','{\"msg\":\"æ“ä½œæˆåŠŸ\",\"code\":0}',0,NULL,'2021-07-08 20:42:59'),(284,'è€ƒå‹¤',1,'com.ruoyi.project.business.work.controller.CheckWorkController.addSave()','POST',1,'admin','ç ”å‘éƒ¨é—¨','/salary/work/add','127.0.0.1','å†…ç½‘IP','{\"date\":[\"2021-07-08\"],\"closeTime\":[\"20:44:05\"]}','{\"msg\":\"æ“ä½œæˆåŠŸ\",\"code\":0}',0,NULL,'2021-07-08 20:44:23'),(285,'è€ƒå‹¤',1,'com.ruoyi.project.business.work.controller.CheckWorkController.addSave()','POST',1,'admin','ç ”å‘éƒ¨é—¨','/salary/work/add','127.0.0.1','å†…ç½‘IP','{\"date\":[\"2021-07-08\"],\"closeTime\":[\"20:46:34\"]}','{\"msg\":\"æ“ä½œæˆåŠŸ\",\"code\":0}',0,NULL,'2021-07-08 20:47:18'),(286,'è€ƒå‹¤',1,'com.ruoyi.project.business.work.controller.CheckWorkController.addSave()','POST',1,'admin','ç ”å‘éƒ¨é—¨','/salary/work/add','127.0.0.1','å†…ç½‘IP','{\"date\":[\"2021-07-08\"],\"closeTime\":[\"20:47:41\"]}','{\"msg\":\"æ“ä½œæˆåŠŸ\",\"code\":0}',0,NULL,'2021-07-08 20:48:18'),(287,'è€ƒå‹¤',1,'com.ruoyi.project.business.work.controller.CheckWorkController.addSave()','POST',1,'admin','ç ”å‘éƒ¨é—¨','/salary/work/add','127.0.0.1','å†…ç½‘IP','{\"date\":[\"2021-07-08\"],\"closeTime\":[\"20:49:09\"]}','{\"msg\":\"æ“ä½œæˆåŠŸ\",\"code\":0}',0,NULL,'2021-07-08 20:49:18'),(288,'è€ƒå‹¤',1,'com.ruoyi.project.business.work.controller.CheckWorkController.addSave()','POST',1,'admin','ç ”å‘éƒ¨é—¨','/salary/work/add','127.0.0.1','å†…ç½‘IP','{\"date\":[\"2021-07-08\"],\"closeTime\":[\"20:49:53\"]}','{\"msg\":\"æ“ä½œæˆåŠŸ\",\"code\":0}',0,NULL,'2021-07-08 20:50:28'),(289,'è€ƒå‹¤',1,'com.ruoyi.project.business.work.controller.CheckWorkController.addSave()','POST',1,'admin','ç ”å‘éƒ¨é—¨','/salary/work/add','127.0.0.1','å†…ç½‘IP','{\"date\":[\"2021-07-08\"],\"closeTime\":[\"20:54:13\"]}','{\"msg\":\"æ“ä½œæˆåŠŸ\",\"code\":0}',0,NULL,'2021-07-08 20:54:29'),(290,'è€ƒå‹¤',1,'com.ruoyi.project.business.work.controller.CheckWorkController.addSave()','POST',1,'admin','ç ”å‘éƒ¨é—¨','/salary/work/add','127.0.0.1','å†…ç½‘IP','{\"date\":[\"2021-07-08\"],\"closeTime\":[\"20:54:53\"]}','{\"msg\":\"æ“ä½œæˆåŠŸ\",\"code\":0}',0,NULL,'2021-07-08 20:54:57'),(291,'è€ƒå‹¤',1,'com.ruoyi.project.business.work.controller.CheckWorkController.addSave()','POST',1,'admin','ç ”å‘éƒ¨é—¨','/salary/work/add','127.0.0.1','å†…ç½‘IP','{\"date\":[\"2021-07-08\"],\"closeTime\":[\"20:55:13\"]}','{\"msg\":\"æ“ä½œæˆåŠŸ\",\"code\":0}',0,NULL,'2021-07-08 20:55:17'),(292,'è€ƒå‹¤',1,'com.ruoyi.project.business.work.controller.CheckWorkController.addSave()','POST',1,'admin','ç ”å‘éƒ¨é—¨','/salary/work/add','127.0.0.1','å†…ç½‘IP','{\"date\":[\"2021-07-08\"],\"closeTime\":[\"20:55:29\"]}','{\"msg\":\"æ“ä½œæˆåŠŸ\",\"code\":0}',0,NULL,'2021-07-08 20:56:02'),(293,'è€ƒå‹¤',1,'com.ruoyi.project.business.work.controller.CheckWorkController.addSave()','POST',1,'admin','ç ”å‘éƒ¨é—¨','/salary/work/add','127.0.0.1','å†…ç½‘IP','{\"date\":[\"2021-07-08\"],\"closeTime\":[\"21:02:41\"]}','{\"msg\":\"æ“ä½œæˆåŠŸ\",\"code\":0}',0,NULL,'2021-07-08 21:03:15'),(294,'è€ƒå‹¤',1,'com.ruoyi.project.business.work.controller.CheckWorkController.addSave()','POST',1,'admin','ç ”å‘éƒ¨é—¨','/salary/work/add','127.0.0.1','å†…ç½‘IP','{\"date\":[\"2021-07-08\"],\"closeTime\":[\"21:04:55\"]}','{\"msg\":\"æ“ä½œæˆåŠŸ\",\"code\":0}',0,NULL,'2021-07-08 21:05:24'),(295,'è€ƒå‹¤',1,'com.ruoyi.project.business.work.controller.CheckWorkController.addSave()','POST',1,'admin','ç ”å‘éƒ¨é—¨','/salary/work/add','127.0.0.1','å†…ç½‘IP','{\"date\":[\"2021-07-08\"],\"closeTime\":[\"04:05:48\"]}','{\"msg\":\"æ“ä½œæˆåŠŸ\",\"code\":0}',0,NULL,'2021-07-08 04:05:58'),(296,'è€ƒå‹¤',3,'com.ruoyi.project.business.work.controller.CheckWorkController.remove()','POST',1,'admin','ç ”å‘éƒ¨é—¨','/salary/work/remove','127.0.0.1','å†…ç½‘IP','{\"ids\":[\"14\"]}','{\"msg\":\"æ“ä½œæˆåŠŸ\",\"code\":0}',0,NULL,'2021-07-08 04:06:05'),(297,'è€ƒå‹¤',1,'com.ruoyi.project.business.work.controller.CheckWorkController.addSave()','POST',1,'admin','ç ”å‘éƒ¨é—¨','/salary/work/add','127.0.0.1','å†…ç½‘IP','{\"date\":[\"2021-07-08\"],\"workTime\":[\"04:06:06\"]}','{\"msg\":\"æ“ä½œæˆåŠŸ\",\"code\":0}',0,NULL,'2021-07-08 04:06:07'),(298,'è€ƒå‹¤',1,'com.ruoyi.project.business.work.controller.CheckWorkController.addSave()','POST',1,'admin','ç ”å‘éƒ¨é—¨','/salary/work/add','127.0.0.1','å†…ç½‘IP','{\"date\":[\"2021-07-08\"],\"closeTime\":[\"04:08:10\"]}',NULL,1,'For input string: \"2021-07-08 09:00:00\"','2021-07-08 04:08:11'),(299,'è€ƒå‹¤',1,'com.ruoyi.project.business.work.controller.CheckWorkController.addSave()','POST',1,'admin','ç ”å‘éƒ¨é—¨','/salary/work/add','127.0.0.1','å†…ç½‘IP','{\"date\":[\"2021-07-08\"],\"closeTime\":[\"04:13:01\"]}','{\"msg\":\"æ“ä½œæˆåŠŸ\",\"code\":0}',0,NULL,'2021-07-08 04:13:16'),(300,'è€ƒå‹¤',1,'com.ruoyi.project.business.work.controller.CheckWorkController.addSave()','POST',1,'admin','ç ”å‘éƒ¨é—¨','/salary/work/add','127.0.0.1','å†…ç½‘IP','{\"date\":[\"2021-07-08\"],\"closeTime\":[\"04:15:57\"]}','{\"msg\":\"æ“ä½œæˆåŠŸ\",\"code\":0}',0,NULL,'2021-07-08 04:15:58'),(301,'è€ƒå‹¤',1,'com.ruoyi.project.business.work.controller.CheckWorkController.addSave()','POST',1,'admin','ç ”å‘éƒ¨é—¨','/salary/work/add','127.0.0.1','å†…ç½‘IP','{\"date\":[\"2021-07-08\"],\"closeTime\":[\"04:16:15\"]}','{\"msg\":\"æ“ä½œæˆåŠŸ\",\"code\":0}',0,NULL,'2021-07-08 04:16:16'),(302,'è€ƒå‹¤',1,'com.ruoyi.project.business.work.controller.CheckWorkController.addSave()','POST',1,'admin','ç ”å‘éƒ¨é—¨','/salary/work/add','127.0.0.1','å†…ç½‘IP','{\"date\":[\"2021-07-08\"],\"closeTime\":[\"04:16:36\"]}','{\"msg\":\"æ“ä½œæˆåŠŸ\",\"code\":0}',0,NULL,'2021-07-08 04:16:37'),(303,'è€ƒå‹¤',1,'com.ruoyi.project.business.work.controller.CheckWorkController.addSave()','POST',1,'admin','ç ”å‘éƒ¨é—¨','/salary/work/add','127.0.0.1','å†…ç½‘IP','{\"date\":[\"2021-07-08\"],\"closeTime\":[\"21:17:05\"]}','{\"msg\":\"æ“ä½œæˆåŠŸ\",\"code\":0}',0,NULL,'2021-07-08 21:17:06'),(304,'è€ƒå‹¤',1,'com.ruoyi.project.business.work.controller.CheckWorkController.addSave()','POST',1,'admin','ç ”å‘éƒ¨é—¨','/salary/work/add','127.0.0.1','å†…ç½‘IP','{\"date\":[\"2021-07-08\"],\"closeTime\":[\"21:17:22\"]}','{\"msg\":\"æ“ä½œæˆåŠŸ\",\"code\":0}',0,NULL,'2021-07-08 21:17:23'),(305,'è€ƒå‹¤',1,'com.ruoyi.project.business.work.controller.CheckWorkController.addSave()','POST',1,'admin','ç ”å‘éƒ¨é—¨','/salary/work/add','127.0.0.1','å†…ç½‘IP','{\"date\":[\"2021-07-08\"],\"closeTime\":[\"21:19:13\"]}','{\"msg\":\"æ“ä½œæˆåŠŸ\",\"code\":0}',0,NULL,'2021-07-08 21:19:14'),(306,'èœå•ç®¡ç†',1,'com.ruoyi.project.system.menu.controller.MenuController.addSave()','POST',1,'admin','ç ”å‘éƒ¨é—¨','/system/menu/add','127.0.0.1','å†…ç½‘IP','{\"parentId\":[\"2004\"],\"menuType\":[\"F\"],\"menuName\":[\"ä¸Šç­æ‰“å¡\"],\"url\":[\"\"],\"target\":[\"menuItem\"],\"perms\":[\"salary:work:add\"],\"orderNum\":[\"1\"],\"icon\":[\"\"],\"visible\":[\"0\"],\"isRefresh\":[\"1\"]}','{\"msg\":\"æ“ä½œæˆåŠŸ\",\"code\":0}',0,NULL,'2021-07-08 21:22:22'),(307,'èœå•ç®¡ç†',1,'com.ruoyi.project.system.menu.controller.MenuController.addSave()','POST',1,'admin','ç ”å‘éƒ¨é—¨','/system/menu/add','127.0.0.1','å†…ç½‘IP','{\"parentId\":[\"2004\"],\"menuType\":[\"F\"],\"menuName\":[\"ä¸‹ç­æ‰“å¡\"],\"url\":[\"\"],\"target\":[\"menuItem\"],\"perms\":[\"salary:work:add\"],\"orderNum\":[\"2\"],\"icon\":[\"\"],\"visible\":[\"0\"],\"isRefresh\":[\"1\"]}','{\"msg\":\"æ“ä½œæˆåŠŸ\",\"code\":0}',0,NULL,'2021-07-08 21:22:35'),(308,'èœå•ç®¡ç†',1,'com.ruoyi.project.system.menu.controller.MenuController.addSave()','POST',1,'admin','ç ”å‘éƒ¨é—¨','/system/menu/add','127.0.0.1','å†…ç½‘IP','{\"parentId\":[\"2004\"],\"menuType\":[\"F\"],\"menuName\":[\"å¯¼å‡º\"],\"url\":[\"\"],\"target\":[\"menuItem\"],\"perms\":[\"salary:work:export\"],\"orderNum\":[\"3\"],\"icon\":[\"\"],\"visible\":[\"0\"],\"isRefresh\":[\"1\"]}','{\"msg\":\"æ“ä½œæˆåŠŸ\",\"code\":0}',0,NULL,'2021-07-08 21:22:54'),(309,'è€ƒå‹¤',1,'com.ruoyi.project.business.work.controller.CheckWorkController.addSave()','POST',1,'admin','ç ”å‘éƒ¨é—¨','/salary/work/add','127.0.0.1','å†…ç½‘IP','{\"date\":[\"2021-07-08\"],\"workTime\":[\"21:23:49\"]}','{\"msg\":\"ä¸Šç­å·²æ‰“å¡ï¼Œä¸‹ç­æ‰“å¡è¯·æ‰§è¡Œä¸‹ç­æ‰“å¡\",\"code\":500}',0,NULL,'2021-07-08 21:23:50'),(310,'è€ƒå‹¤',1,'com.ruoyi.project.business.work.controller.CheckWorkController.addSave()','POST',1,'admin','ç ”å‘éƒ¨é—¨','/salary/work/add','127.0.0.1','å†…ç½‘IP','{\"date\":[\"2021-07-08\"],\"closeTime\":[\"21:23:52\"]}','{\"msg\":\"ä»Šæ—¥æ‰“å¡å·²å®Œæˆï¼Œè¯·å‹¿é‡å¤\",\"code\":500}',0,NULL,'2021-07-08 21:23:53'),(311,'è€ƒå‹¤',3,'com.ruoyi.project.business.work.controller.CheckWorkController.remove()','POST',1,'admin','ç ”å‘éƒ¨é—¨','/salary/work/remove','127.0.0.1','å†…ç½‘IP','{\"ids\":[\"15\"]}','{\"msg\":\"æ“ä½œæˆåŠŸ\",\"code\":0}',0,NULL,'2021-07-08 21:24:22'),(312,'è€ƒå‹¤',1,'com.ruoyi.project.business.work.controller.CheckWorkController.addSave()','POST',1,'admin','ç ”å‘éƒ¨é—¨','/salary/work/add','127.0.0.1','å†…ç½‘IP','{\"date\":[\"2021-07-08\"],\"closeTime\":[\"21:24:25\"]}','{\"msg\":\"è¯·å…ˆæ‰§è¡Œä¸Šç­æ‰“å¡\",\"code\":500}',0,NULL,'2021-07-08 21:24:26'),(313,'è€ƒå‹¤',1,'com.ruoyi.project.business.work.controller.CheckWorkController.addSave()','POST',1,'admin','ç ”å‘éƒ¨é—¨','/salary/work/add','127.0.0.1','å†…ç½‘IP','{\"date\":[\"2021-07-08\"],\"workTime\":[\"21:24:28\"]}','{\"msg\":\"æ“ä½œæˆåŠŸ\",\"code\":0}',0,NULL,'2021-07-08 21:24:29'),(314,'è€ƒå‹¤',1,'com.ruoyi.project.business.work.controller.CheckWorkController.addSave()','POST',1,'admin','ç ”å‘éƒ¨é—¨','/salary/work/add','127.0.0.1','å†…ç½‘IP','{\"date\":[\"2021-07-08\"],\"workTime\":[\"21:24:31\"]}','{\"msg\":\"ä¸Šç­å·²æ‰“å¡ï¼Œä¸‹ç­æ‰“å¡è¯·æ‰§è¡Œä¸‹ç­æ‰“å¡\",\"code\":500}',0,NULL,'2021-07-08 21:24:32'),(315,'è€ƒå‹¤',1,'com.ruoyi.project.business.work.controller.CheckWorkController.addSave()','POST',1,'admin','ç ”å‘éƒ¨é—¨','/salary/work/add','127.0.0.1','å†…ç½‘IP','{\"date\":[\"2021-07-08\"],\"closeTime\":[\"21:24:34\"]}','{\"msg\":\"æ“ä½œæˆåŠŸ\",\"code\":0}',0,NULL,'2021-07-08 21:24:35'),(316,'è€ƒå‹¤',5,'com.ruoyi.project.business.work.controller.CheckWorkController.export()','POST',1,'admin','ç ”å‘éƒ¨é—¨','/salary/work/export','127.0.0.1','å†…ç½‘IP','{\"userName\":[\"\"],\"date\":[\"\"],\"orderByColumn\":[\"\"],\"isAsc\":[\"asc\"]}','{\"msg\":\"63c33282-05e5-4ca9-964d-99cbcc6e48d8_è€ƒå‹¤æ•°æ®.xlsx\",\"code\":0}',0,NULL,'2021-07-08 21:25:11'),(317,'ä»£ç ç”Ÿæˆ',6,'com.ruoyi.project.tool.gen.controller.GenController.importTableSave()','POST',1,'admin','ç ”å‘éƒ¨é—¨','/tool/gen/importTable','127.0.0.1','å†…ç½‘IP','{\"tables\":[\"tbl_level\"]}','{\"msg\":\"æ“ä½œæˆåŠŸ\",\"code\":0}',0,NULL,'2021-07-08 21:42:48'),(318,'ä»£ç ç”Ÿæˆ',2,'com.ruoyi.project.tool.gen.controller.GenController.editSave()','POST',1,'admin','ç ”å‘éƒ¨é—¨','/tool/gen/edit','127.0.0.1','å†…ç½‘IP','{\"tableId\":[\"15\"],\"tableName\":[\"tbl_level\"],\"tableComment\":[\"è¯·å‡è¡¨\"],\"className\":[\"Level\"],\"functionAuthor\":[\"au\"],\"remark\":[\"\"],\"columns[0].columnId\":[\"52\"],\"columns[0].sort\":[\"1\"],\"columns[0].columnComment\":[\"ä¸»é”®\"],\"columns[0].javaType\":[\"Long\"],\"columns[0].javaField\":[\"id\"],\"columns[0].isInsert\":[\"1\"],\"columns[0].queryType\":[\"EQ\"],\"columns[0].htmlType\":[\"input\"],\"columns[0].dictType\":[\"\"],\"columns[1].columnId\":[\"53\"],\"columns[1].sort\":[\"2\"],\"columns[1].columnComment\":[\"å‘˜å·¥id\"],\"columns[1].javaType\":[\"Long\"],\"columns[1].javaField\":[\"userId\"],\"columns[1].isInsert\":[\"1\"],\"columns[1].isEdit\":[\"1\"],\"columns[1].isList\":[\"1\"],\"columns[1].isQuery\":[\"1\"],\"columns[1].queryType\":[\"EQ\"],\"columns[1].htmlType\":[\"input\"],\"columns[1].dictType\":[\"\"],\"columns[2].columnId\":[\"54\"],\"columns[2].sort\":[\"3\"],\"columns[2].columnComment\":[\"å‘˜å·¥å§“å\"],\"columns[2].javaType\":[\"String\"],\"columns[2].javaField\":[\"userName\"],\"columns[2].isInsert\":[\"1\"],\"columns[2].isEdit\":[\"1\"],\"columns[2].isList\":[\"1\"],\"columns[2].isQuery\":[\"1\"],\"columns[2].queryType\":[\"LIKE\"],\"columns[2].htmlType\":[\"input\"],\"columns[2].dictType\":[\"\"],\"columns[3].columnId\":[\"55\"],\"columns[3].sort\":[\"4\"],\"columns[3].columnComment\":[\"è¯·å‡å¼€å§‹æ—¥æœŸ\"],\"columns[3].javaType\":[\"String\"],\"columns[3].javaField\":[\"dateStart\"],\"columns[3].isInsert\":[\"1\"],\"columns[3].isEdit\":[\"1\"],\"columns[3].isList\":[\"1\"],\"columns[3].isQuery\":[\"1\"],\"columns[3].queryType\":[\"EQ\"],\"columns[3].htmlType\":[\"datetime\"],\"columns[3].dictType\":[\"\"],\"columns[4].columnId\":[\"56\"],\"columns[4].sort\":[\"5\"],\"columns[4].columnComment\":[\"è¯·å‡ç»“æŸæ—¥æœŸ\"],\"columns[4].javaType\":[\"String\"],\"columns[4].javaField\":[\"dateEnd\"],\"columns[4].isInsert\":[\"1\"],\"columns[4].isEdit\":[\"1\"],\"columns[4].isList\":[\"1\"],\"columns[4].isQuery\":[\"1\"],\"columns[4].queryType\":[\"EQ\"],\"columns[4].htmlType\":[\"datetime\"],\"columns[4].dictType\":[\"\"],\"columns[5].columnId\":[\"57\"],\"columns[5].sort\":[\"6\"],\"columns[5].columnComment\":[\"è¯·å‡åŸå› \"],\"columns[5].javaType\":[\"String\"],\"columns[5].javaField\":[\"reason\"],\"columns[5].isInsert\":[\"1\"],','{\"msg\":\"æ“ä½œæˆåŠŸ\",\"code\":0}',0,NULL,'2021-07-08 21:44:53'),(319,'ä»£ç ç”Ÿæˆ',8,'com.ruoyi.project.tool.gen.controller.GenController.download()','GET',1,'admin','ç ”å‘éƒ¨é—¨','/tool/gen/download/tbl_level','127.0.0.1','å†…ç½‘IP','\"tbl_level\"',NULL,0,NULL,'2021-07-08 21:44:57'),(320,'èœå•ç®¡ç†',1,'com.ruoyi.project.system.menu.controller.MenuController.addSave()','POST',1,'admin','ç ”å‘éƒ¨é—¨','/system/menu/add','127.0.0.1','å†…ç½‘IP','{\"parentId\":[\"2000\"],\"menuType\":[\"C\"],\"menuName\":[\"è¯·å‡ç®¡ç†\"],\"url\":[\"/business/level\"],\"target\":[\"menuItem\"],\"perms\":[\"business:level:view\"],\"orderNum\":[\"2\"],\"icon\":[\"\"],\"visible\":[\"0\"],\"isRefresh\":[\"1\"]}','{\"msg\":\"æ“ä½œæˆåŠŸ\",\"code\":0}',0,NULL,'2021-07-08 21:59:08'),(321,'è¯·å‡',1,'com.ruoyi.project.business.level.controller.LevelController.addSave()','POST',1,'admin','ç ”å‘éƒ¨é—¨','/business/level/add','127.0.0.1','å†…ç½‘IP','{\"dateStart\":[\"2021-07-10\"],\"dateEnd\":[\"2021-07-14\"],\"reason\":[\"åŠ³èµ„ä¸æƒ³å¹²äº†\"]}','{\"msg\":\"æ“ä½œæˆåŠŸ\",\"code\":0}',0,NULL,'2021-07-08 22:10:48'),(322,'è¯·å‡',2,'com.ruoyi.project.business.level.controller.LevelController.editSave()','POST',1,'admin','ç ”å‘éƒ¨é—¨','/business/level/edit','127.0.0.1','å†…ç½‘IP','{\"id\":[\"1\"],\"reason\":[\"åŠ³èµ„ä¸æƒ³å¹²äº†\"]}','{\"msg\":\"æ“ä½œæˆåŠŸ\",\"code\":0}',0,NULL,'2021-07-08 22:13:41'),(323,'è¯·å‡',2,'com.ruoyi.project.business.level.controller.LevelController.editSave()','POST',1,'admin','ç ”å‘éƒ¨é—¨','/business/level/edit','127.0.0.1','å†…ç½‘IP','{\"id\":[\"1\"],\"dateStart\":[\"2021-07-11\"],\"dateEnd\":[\"2021-07-14\"],\"reason\":[\"åŠ³èµ„ä¸æƒ³å¹²äº†ï¼Œå˜¿å˜¿\"]}','{\"msg\":\"æ“ä½œæˆåŠŸ\",\"code\":0}',0,NULL,'2021-07-08 22:16:59'),(324,'è¯·å‡',2,'com.ruoyi.project.business.level.controller.LevelController.editSave()','POST',1,'admin','ç ”å‘éƒ¨é—¨','/business/level/edit','127.0.0.1','å†…ç½‘IP','{\"id\":[\"1\"],\"dateStart\":[\"2021-07-11\"],\"dateEnd\":[\"2021-07-14\"],\"reason\":[\"åŠ³èµ„ä¸æƒ³å¹²äº†ï¼Œå˜¿å˜¿\"]}','{\"msg\":\"æ“ä½œæˆåŠŸ\",\"code\":0}',0,NULL,'2021-07-08 22:38:31'),(325,'å®¡æ‰¹',2,'com.ruoyi.project.business.level.controller.LevelController.shenpiSave()','POST',1,'admin','ç ”å‘éƒ¨é—¨','/business/level/shenpi','127.0.0.1','å†…ç½‘IP','{\"id\":[\"1\"],\"userName\":[\"è‹¥ä¾\"],\"reason\":[\"åŠ³èµ„ä¸æƒ³å¹²äº†ï¼Œå˜¿å˜¿\"],\"result\":[\"0\"],\"approvalReason\":[\"123123\"]}',NULL,0,NULL,'2021-07-08 23:03:53'),(326,'å®¡æ‰¹',2,'com.ruoyi.project.business.level.controller.LevelController.shenpiSave()','POST',1,'admin','ç ”å‘éƒ¨é—¨','/business/level/shenpi','127.0.0.1','å†…ç½‘IP','{\"id\":[\"1\"],\"userName\":[\"è‹¥ä¾\"],\"reason\":[\"åŠ³èµ„ä¸æƒ³å¹²äº†ï¼Œå˜¿å˜¿\"],\"result\":[\"1\"],\"approvalReason\":[\"123123\"]}',NULL,0,NULL,'2021-07-08 23:04:21'),(327,'å®¡æ‰¹',2,'com.ruoyi.project.business.level.controller.LevelController.shenpiSave()','POST',1,'admin','ç ”å‘éƒ¨é—¨','/business/level/shenpi','127.0.0.1','å†…ç½‘IP','{\"id\":[\"1\"],\"userName\":[\"è‹¥ä¾\"],\"reason\":[\"åŠ³èµ„ä¸æƒ³å¹²äº†ï¼Œå˜¿å˜¿\"],\"result\":[\"0\"],\"approvalReason\":[\"\"]}',NULL,0,NULL,'2021-07-09 21:02:38'),(328,'å®¡æ‰¹',2,'com.ruoyi.project.business.level.controller.LevelController.shenpiSave()','POST',1,'admin','ç ”å‘éƒ¨é—¨','/business/level/shenpi','127.0.0.1','å†…ç½‘IP','{\"id\":[\"1\"],\"userName\":[\"è‹¥ä¾\"],\"reason\":[\"åŠ³èµ„ä¸æƒ³å¹²äº†ï¼Œå˜¿å˜¿\"],\"result\":[\"0\"],\"approvalReason\":[\"\"]}',NULL,0,NULL,'2021-07-09 21:03:27'),(329,'å®¡æ‰¹',2,'com.ruoyi.project.business.level.controller.LevelController.shenpiSave()','POST',1,'admin','ç ”å‘éƒ¨é—¨','/business/level/shenpi','127.0.0.1','å†…ç½‘IP','{\"id\":[\"1\"],\"userName\":[\"è‹¥ä¾\"],\"reason\":[\"åŠ³èµ„ä¸æƒ³å¹²äº†ï¼Œå˜¿å˜¿\"],\"result\":[\"0\"],\"approvalReason\":[\"\"]}',NULL,0,NULL,'2021-07-09 21:07:44'),(330,'å®¡æ‰¹',2,'com.ruoyi.project.business.level.controller.LevelController.shenpiSave()','POST',1,'admin','ç ”å‘éƒ¨é—¨','/business/level/shenpi','127.0.0.1','å†…ç½‘IP','{\"id\":[\"1\"],\"userName\":[\"è‹¥ä¾\"],\"reason\":[\"åŠ³èµ„ä¸æƒ³å¹²äº†ï¼Œå˜¿å˜¿\"],\"result\":[\"0\"],\"approvalReason\":[\"\"]}',NULL,0,NULL,'2021-07-09 21:42:09'),(331,'è¯·å‡',1,'com.ruoyi.project.business.level.controller.LevelController.addSave()','POST',1,'admin','ç ”å‘éƒ¨é—¨','/business/level/add','127.0.0.1','å†…ç½‘IP','{\"dateStart\":[\"2021-06-30\"],\"dateEnd\":[\"2021-06-30\"],\"reason\":[\"\"]}','{\"msg\":\"æ“ä½œæˆåŠŸ\",\"code\":0}',0,NULL,'2021-07-09 22:17:25'),(332,'è¯·å‡',1,'com.ruoyi.project.business.level.controller.LevelController.addSave()','POST',1,'admin','ç ”å‘éƒ¨é—¨','/business/level/add','127.0.0.1','å†…ç½‘IP','{\"dateStart\":[\"2021-07-01\"],\"dateEnd\":[\"2021-07-16\"],\"reason\":[\"\"]}','{\"msg\":\"æ“ä½œæˆåŠŸ\",\"code\":0}',0,NULL,'2021-07-09 22:19:07'),(333,'è¯·å‡',1,'com.ruoyi.project.business.level.controller.LevelController.addSave()','POST',1,'admin','ç ”å‘éƒ¨é—¨','/business/level/add','127.0.0.1','å†…ç½‘IP','{\"dateStart\":[\"2021-07-08\"],\"dateEnd\":[\"2021-07-10\"],\"reason\":[\"\"]}','{\"msg\":\"æ“ä½œæˆåŠŸ\",\"code\":0}',0,NULL,'2021-07-09 22:23:46'),(334,'è¯·å‡',1,'com.ruoyi.project.business.level.controller.LevelController.addSave()','POST',1,'admin','ç ”å‘éƒ¨é—¨','/business/level/add','127.0.0.1','å†…ç½‘IP','{\"dateStart\":[\"2021-07-08\"],\"dateEnd\":[\"2021-07-14\"],\"reason\":[\"\"]}','{\"msg\":\"è¯·å‡å¼€å§‹æ—¶é—´ä¸å…è®¸è¶…è¿‡å½“å‰æ—¶é—´\",\"code\":500}',0,NULL,'2021-07-09 22:24:26'),(335,'è¯·å‡',1,'com.ruoyi.project.business.level.controller.LevelController.addSave()','POST',1,'admin','ç ”å‘éƒ¨é—¨','/business/level/add','127.0.0.1','å†…ç½‘IP','{\"dateStart\":[\"2021-07-08\"],\"dateEnd\":[\"2021-07-14\"],\"reason\":[\"\"]}','{\"msg\":\"è¯·å‡å¼€å§‹æ—¶é—´ä¸å…è®¸è¶…è¿‡å½“å‰æ—¶é—´\",\"code\":500}',0,NULL,'2021-07-09 22:24:28'),(336,'è¯·å‡',1,'com.ruoyi.project.business.level.controller.LevelController.addSave()','POST',1,'admin','ç ”å‘éƒ¨é—¨','/business/level/add','127.0.0.1','å†…ç½‘IP','{\"dateStart\":[\"2021-07-08\"],\"dateEnd\":[\"2021-07-16\"],\"reason\":[\"\"]}','{\"msg\":\"è¯·å‡å¼€å§‹æ—¶é—´ä¸å…è®¸å°äºå½“å‰æ—¶é—´\",\"code\":500}',0,NULL,'2021-07-09 22:25:04'),(337,'è¯·å‡',1,'com.ruoyi.project.business.level.controller.LevelController.addSave()','POST',1,'admin','ç ”å‘éƒ¨é—¨','/business/level/add','127.0.0.1','å†…ç½‘IP','{\"dateStart\":[\"2021-07-09\"],\"dateEnd\":[\"2021-07-16\"],\"reason\":[\"\"]}','{\"msg\":\"æ“ä½œæˆåŠŸ\",\"code\":0}',0,NULL,'2021-07-09 22:25:07'),(338,'è¯·å‡',2,'com.ruoyi.project.business.level.controller.LevelController.editSave()','POST',1,'admin','ç ”å‘éƒ¨é—¨','/business/level/edit','127.0.0.1','å†…ç½‘IP','{\"id\":[\"5\"],\"dateStart\":[\"2021-06-30\"],\"dateEnd\":[\"2021-07-16\"],\"reason\":[\"\"]}','{\"msg\":\"è¯·å‡å¼€å§‹æ—¶é—´ä¸å…è®¸å°äºå½“å‰æ—¶é—´\",\"code\":500}',0,NULL,'2021-07-09 22:25:14'),(339,'è¯·å‡',3,'com.ruoyi.project.business.level.controller.LevelController.remove()','POST',1,'admin','ç ”å‘éƒ¨é—¨','/business/level/remove','127.0.0.1','å†…ç½‘IP','{\"ids\":[\"5\"]}','{\"msg\":\"æ“ä½œæˆåŠŸ\",\"code\":0}',0,NULL,'2021-07-09 22:25:18'),(340,'è¯·å‡',3,'com.ruoyi.project.business.level.controller.LevelController.remove()','POST',1,'admin','ç ”å‘éƒ¨é—¨','/business/level/remove','127.0.0.1','å†…ç½‘IP','{\"ids\":[\"4\"]}','{\"msg\":\"æ“ä½œæˆåŠŸ\",\"code\":0}',0,NULL,'2021-07-09 22:25:20'),(341,'è¯·å‡',3,'com.ruoyi.project.business.level.controller.LevelController.remove()','POST',1,'admin','ç ”å‘éƒ¨é—¨','/business/level/remove','127.0.0.1','å†…ç½‘IP','{\"ids\":[\"3\"]}','{\"msg\":\"æ“ä½œæˆåŠŸ\",\"code\":0}',0,NULL,'2021-07-09 22:25:21'),(342,'è¯·å‡',3,'com.ruoyi.project.business.level.controller.LevelController.remove()','POST',1,'admin','ç ”å‘éƒ¨é—¨','/business/level/remove','127.0.0.1','å†…ç½‘IP','{\"ids\":[\"2\"]}','{\"msg\":\"æ“ä½œæˆåŠŸ\",\"code\":0}',0,NULL,'2021-07-09 22:25:22'),(343,'å®¡æ‰¹',2,'com.ruoyi.project.business.level.controller.LevelController.shenpiSave()','POST',1,'admin','ç ”å‘éƒ¨é—¨','/business/level/shenpi','127.0.0.1','å†…ç½‘IP','{\"id\":[\"1\"],\"userName\":[\"è‹¥ä¾\"],\"reason\":[\"åŠ³èµ„ä¸æƒ³å¹²äº†ï¼Œå˜¿å˜¿\"],\"result\":[\"1\"],\"approvalReason\":[\"å»å§å»å§ï¼Œå†åˆ«å›æ¥äº†\\r\\n\"]}','{\"msg\":\"æ“ä½œæˆåŠŸ\",\"code\":0}',0,NULL,'2021-07-09 22:25:35'),(344,'è€ƒå‹¤',1,'com.ruoyi.project.business.work.controller.CheckWorkController.addSave()','POST',1,'admin','ç ”å‘éƒ¨é—¨','/salary/work/add','127.0.0.1','å†…ç½‘IP','{\"date\":[\"2021-07-09\"],\"workTime\":[\"22:32:45\"]}','{\"msg\":\"æ‚¨ä»Šå¤©å·²è¯·å‡ï¼Œæ— éœ€æ‰“å¡ï¼Œè¯¦æƒ…è¯·çœ‹æ‚¨çš„è¯·å‡æ¡\",\"code\":500}',0,NULL,'2021-07-09 22:32:47'),(345,'è€ƒå‹¤',1,'com.ruoyi.project.business.work.controller.CheckWorkController.addSave()','POST',1,'admin','ç ”å‘éƒ¨é—¨','/salary/work/add','127.0.0.1','å†…ç½‘IP','{\"date\":[\"2021-07-09\"],\"workTime\":[\"22:33:38\"]}','{\"msg\":\"æ‚¨ä»Šå¤©å·²è¯·å‡ï¼Œæ— éœ€æ‰“å¡ï¼Œè¯¦æƒ…è¯·çœ‹æ‚¨çš„è¯·å‡æ¡\",\"code\":500}',0,NULL,'2021-07-09 22:33:44'),(346,'è¯·å‡',1,'com.ruoyi.project.business.level.controller.LevelController.addSave()','POST',1,'admin','ç ”å‘éƒ¨é—¨','/business/level/add','127.0.0.1','å†…ç½‘IP','{\"dateStart\":[\"2021-07-09\"],\"dateEnd\":[\"2021-07-10\"],\"reason\":[\"ä¸å¹²äº†\"]}','{\"msg\":\"æ“ä½œæˆåŠŸ\",\"code\":0}',0,NULL,'2021-07-09 22:34:35'),(347,'å®¡æ‰¹',2,'com.ruoyi.project.business.level.controller.LevelController.shenpiSave()','POST',1,'admin','ç ”å‘éƒ¨é—¨','/business/level/shenpi','127.0.0.1','å†…ç½‘IP','{\"id\":[\"6\"],\"userName\":[\"è‹¥ä¾\"],\"reason\":[\"ä¸å¹²äº†\"],\"result\":[\"1\"],\"approvalReason\":[\"æ»šå§\"]}','{\"msg\":\"æ“ä½œæˆåŠŸ\",\"code\":0}',0,NULL,'2021-07-09 22:34:42'),(348,'è€ƒå‹¤',1,'com.ruoyi.project.business.work.controller.CheckWorkController.addSave()','POST',1,'admin','ç ”å‘éƒ¨é—¨','/salary/work/add','127.0.0.1','å†…ç½‘IP','{\"date\":[\"2021-07-09\"],\"workTime\":[\"22:34:53\"]}','{\"msg\":\"æ‚¨ä»Šå¤©å·²è¯·å‡ï¼Œæ— éœ€æ‰“å¡ï¼Œè¯¦æƒ…è¯·çœ‹æ‚¨çš„è¯·å‡æ¡\",\"code\":500}',0,NULL,'2021-07-09 22:34:58'),(349,'è€ƒå‹¤',3,'com.ruoyi.project.business.work.controller.CheckWorkController.remove()','POST',1,'admin','ç ”å‘éƒ¨é—¨','/salary/work/remove','127.0.0.1','å†…ç½‘IP','{\"ids\":[\"21\"]}','{\"msg\":\"æ“ä½œæˆåŠŸ\",\"code\":0}',0,NULL,'2021-07-09 22:35:03'),(350,'è€ƒå‹¤',1,'com.ruoyi.project.business.work.controller.CheckWorkController.addSave()','POST',1,'admin','ç ”å‘éƒ¨é—¨','/salary/work/add','127.0.0.1','å†…ç½‘IP','{\"date\":[\"2021-07-09\"],\"workTime\":[\"22:35:04\"]}','{\"msg\":\"æ‚¨ä»Šå¤©å·²è¯·å‡ï¼Œæ— éœ€æ‰“å¡ï¼Œè¯¦æƒ…è¯·çœ‹æ‚¨çš„è¯·å‡æ¡\",\"code\":500}',0,NULL,'2021-07-09 22:35:05'),(351,'è€ƒå‹¤',1,'com.ruoyi.project.business.work.controller.CheckWorkController.addSave()','POST',1,'admin','ç ”å‘éƒ¨é—¨','/salary/work/add','127.0.0.1','å†…ç½‘IP','{\"date\":[\"2021-07-09\"],\"workTime\":[\"22:35:15\"]}','{\"msg\":\"æ‚¨ä»Šå¤©å·²è¯·å‡ï¼Œæ— éœ€æ‰“å¡ï¼Œè¯¦æƒ…è¯·çœ‹æ‚¨çš„è¯·å‡æ¡\",\"code\":500}',0,NULL,'2021-07-09 22:35:16'),(352,'è€ƒå‹¤',1,'com.ruoyi.project.business.work.controller.CheckWorkController.addSave()','POST',1,'admin','ç ”å‘éƒ¨é—¨','/salary/work/add','127.0.0.1','å†…ç½‘IP','{\"date\":[\"2021-07-09\"],\"workTime\":[\"22:35:15\"]}','{\"msg\":\"æ‚¨ä»Šå¤©å·²è¯·å‡ï¼Œæ— éœ€æ‰“å¡ï¼Œè¯¦æƒ…è¯·çœ‹æ‚¨çš„è¯·å‡æ¡\",\"code\":500}',0,NULL,'2021-07-09 22:35:43'),(353,'è€ƒå‹¤',1,'com.ruoyi.project.business.work.controller.CheckWorkController.addSave()','POST',1,'admin','ç ”å‘éƒ¨é—¨','/salary/work/add','127.0.0.1','å†…ç½‘IP','{\"date\":[\"2021-07-09\"],\"workTime\":[\"22:36:06\"]}','{\"msg\":\"æ‚¨ä»Šå¤©å·²è¯·å‡ï¼Œæ— éœ€æ‰“å¡ï¼Œè¯¦æƒ…è¯·çœ‹æ‚¨çš„è¯·å‡æ¡\",\"code\":500}',0,NULL,'2021-07-09 22:36:13'),(354,'è€ƒå‹¤',3,'com.ruoyi.project.business.work.controller.CheckWorkController.remove()','POST',1,'admin','ç ”å‘éƒ¨é—¨','/salary/work/remove','127.0.0.1','å†…ç½‘IP','{\"ids\":[\"21\"]}','{\"msg\":\"æ“ä½œæˆåŠŸ\",\"code\":0}',0,NULL,'2021-07-09 22:36:19'),(355,'è€ƒå‹¤',1,'com.ruoyi.project.business.work.controller.CheckWorkController.addSave()','POST',1,'admin','ç ”å‘éƒ¨é—¨','/salary/work/add','127.0.0.1','å†…ç½‘IP','{\"date\":[\"2021-07-09\"],\"workTime\":[\"22:36:22\"]}','{\"msg\":\"æ“ä½œæˆåŠŸ\",\"code\":0}',0,NULL,'2021-07-09 22:36:23'),(356,'è€ƒå‹¤',1,'com.ruoyi.project.business.work.controller.CheckWorkController.addSave()','POST',1,'admin','ç ”å‘éƒ¨é—¨','/salary/work/add','127.0.0.1','å†…ç½‘IP','{\"date\":[\"2021-07-09\"],\"closeTime\":[\"22:36:24\"]}','{\"msg\":\"æ“ä½œæˆåŠŸ\",\"code\":0}',0,NULL,'2021-07-09 22:36:25'),(357,'è¯·å‡',2,'com.ruoyi.project.business.level.controller.LevelController.editSave()','POST',1,'admin','ç ”å‘éƒ¨é—¨','/business/level/edit','127.0.0.1','å†…ç½‘IP','{\"id\":[\"6\"],\"dateStart\":[\"2021-07-09\"],\"dateEnd\":[\"2021-07-10\"],\"reason\":[\"ä¸å¹²äº†\"]}','{\"msg\":\"æ“ä½œæˆåŠŸ\",\"code\":0}',0,NULL,'2021-07-09 22:37:53'),(358,'è¯·å‡',3,'com.ruoyi.project.business.level.controller.LevelController.remove()','POST',1,'admin','ç ”å‘éƒ¨é—¨','/business/level/remove','127.0.0.1','å†…ç½‘IP','{\"ids\":[\"6\"]}','{\"msg\":\"è¯¥è¯·å‡å·²å®¡æ‰¹ï¼Œä¸å¯ä¿®æ”¹\",\"code\":500}',0,NULL,'2021-07-09 22:41:54'),(359,'è¯·å‡',2,'com.ruoyi.project.business.level.controller.LevelController.editSave()','POST',1,'admin','ç ”å‘éƒ¨é—¨','/business/level/edit','127.0.0.1','å†…ç½‘IP','{\"id\":[\"6\"],\"dateStart\":[\"2021-07-09\"],\"dateEnd\":[\"2021-07-10\"],\"reason\":[\"ä¸å¹²äº†\"]}','{\"msg\":\"æ“ä½œæˆåŠŸ\",\"code\":0}',0,NULL,'2021-07-09 22:41:57'),(360,'è¯·å‡',2,'com.ruoyi.project.business.level.controller.LevelController.editSave()','POST',1,'admin','ç ”å‘éƒ¨é—¨','/business/level/edit','127.0.0.1','å†…ç½‘IP','{\"id\":[\"6\"],\"dateStart\":[\"2021-07-09\"],\"dateEnd\":[\"2021-07-10\"],\"reason\":[\"ä¸å¹²äº†\"]}','{\"msg\":\"æ“ä½œæˆåŠŸ\",\"code\":0}',0,NULL,'2021-07-09 22:42:00'),(361,'è¯·å‡',2,'com.ruoyi.project.business.level.controller.LevelController.editSave()','POST',1,'admin','ç ”å‘éƒ¨é—¨','/business/level/edit','127.0.0.1','å†…ç½‘IP','{\"id\":[\"6\"],\"dateStart\":[\"2021-07-09\"],\"dateEnd\":[\"2021-07-10\"],\"reason\":[\"ä¸å¹²äº†\"]}','{\"msg\":\"æ“ä½œæˆåŠŸ\",\"code\":0}',0,NULL,'2021-07-09 22:42:27'),(362,'è¯·å‡',3,'com.ruoyi.project.business.level.controller.LevelController.remove()','POST',1,'admin','ç ”å‘éƒ¨é—¨','/business/level/remove','127.0.0.1','å†…ç½‘IP','{\"ids\":[\"6\"]}','{\"msg\":\"è¯¥è¯·å‡å·²å®¡æ‰¹ï¼Œä¸å¯ä¿®æ”¹\",\"code\":500}',0,NULL,'2021-07-09 22:45:42'),(363,'è¯·å‡',2,'com.ruoyi.project.business.level.controller.LevelController.editSave()','POST',1,'admin','ç ”å‘éƒ¨é—¨','/business/level/edit','127.0.0.1','å†…ç½‘IP','{\"id\":[\"6\"],\"dateStart\":[\"2021-07-09\"],\"dateEnd\":[\"2021-07-10\"],\"reason\":[\"ä¸å¹²äº†\"]}','{\"msg\":\"è¯¥è¯·å‡å·²å®¡æ‰¹ï¼Œä¸å¯ä¿®æ”¹\",\"code\":500}',0,NULL,'2021-07-09 22:45:45'),(364,'è¯·å‡',1,'com.ruoyi.project.business.level.controller.LevelController.addSave()','POST',1,'admin','ç ”å‘éƒ¨é—¨','/business/level/add','127.0.0.1','å†…ç½‘IP','{\"dateStart\":[\"\"],\"dateEnd\":[\"\"],\"reason\":[\"\"]}',NULL,1,'For input string: \"\"','2021-07-09 22:45:51'),(365,'è¯·å‡',1,'com.ruoyi.project.business.level.controller.LevelController.addSave()','POST',1,'admin','ç ”å‘éƒ¨é—¨','/business/level/add','127.0.0.1','å†…ç½‘IP','{\"dateStart\":[\"2021-07-01\"],\"dateEnd\":[\"2021-07-17\"],\"reason\":[\"\"]}','{\"msg\":\"è¯·å‡å¼€å§‹æ—¶é—´ä¸å…è®¸å°äºå½“å‰æ—¶é—´\",\"code\":500}',0,NULL,'2021-07-09 22:45:59'),(366,'è¯·å‡',1,'com.ruoyi.project.business.level.controller.LevelController.addSave()','POST',1,'admin','ç ”å‘éƒ¨é—¨','/business/level/add','127.0.0.1','å†…ç½‘IP','{\"dateStart\":[\"2021-07-14\"],\"dateEnd\":[\"2021-07-17\"],\"reason\":[\"\"]}','{\"msg\":\"æ“ä½œæˆåŠŸ\",\"code\":0}',0,NULL,'2021-07-09 22:46:03'),(367,'è¯·å‡',2,'com.ruoyi.project.business.level.controller.LevelController.editSave()','POST',1,'admin','ç ”å‘éƒ¨é—¨','/business/level/edit','127.0.0.1','å†…ç½‘IP','{\"id\":[\"7\"],\"dateStart\":[\"2021-07-14\"],\"dateEnd\":[\"2021-07-17\"],\"reason\":[\"\"]}','{\"msg\":\"æ“ä½œæˆåŠŸ\",\"code\":0}',0,NULL,'2021-07-09 22:46:07'),(368,'è¯·å‡',3,'com.ruoyi.project.business.level.controller.LevelController.remove()','POST',1,'admin','ç ”å‘éƒ¨é—¨','/business/level/remove','127.0.0.1','å†…ç½‘IP','{\"ids\":[\"7\"]}','{\"msg\":\"æ“ä½œæˆåŠŸ\",\"code\":0}',0,NULL,'2021-07-09 22:46:09'),(369,'å²—ä½ç®¡ç†',2,'com.ruoyi.project.system.post.controller.PostController.editSave()','POST',1,'admin','ç ”å‘éƒ¨é—¨','/system/post/edit','127.0.0.1','å†…ç½‘IP','{\"postId\":[\"4\"],\"postName\":[\"å²—ä½4\"],\"postCode\":[\"4\"],\"postSort\":[\"4\"],\"status\":[\"0\"],\"remark\":[\"\"]}','{\"msg\":\"æ“ä½œæˆåŠŸ\",\"code\":0}',0,NULL,'2021-07-10 13:49:20'),(370,'ä»£ç ç”Ÿæˆ',6,'com.ruoyi.project.tool.gen.controller.GenController.importTableSave()','POST',1,'admin','ç ”å‘éƒ¨é—¨','/tool/gen/importTable','127.0.0.1','å†…ç½‘IP','{\"tables\":[\"tbl_post_salaryallocation\"]}','{\"msg\":\"æ“ä½œæˆåŠŸ\",\"code\":0}',0,NULL,'2021-07-10 13:53:13'),(371,'ä»£ç ç”Ÿæˆ',2,'com.ruoyi.project.tool.gen.controller.GenController.editSave()','POST',1,'admin','ç ”å‘éƒ¨é—¨','/tool/gen/edit','127.0.0.1','å†…ç½‘IP','{\"tableId\":[\"16\"],\"tableName\":[\"tbl_post_salaryallocation\"],\"tableComment\":[\"å²—ä½-è–ªèµ„é…ç½®å…³è”è¡¨\"],\"className\":[\"PostSalaryallocation\"],\"functionAuthor\":[\"au\"],\"remark\":[\"\"],\"columns[0].columnId\":[\"64\"],\"columns[0].sort\":[\"1\"],\"columns[0].columnComment\":[\"ä¸»é”®\"],\"columns[0].javaType\":[\"Long\"],\"columns[0].javaField\":[\"id\"],\"columns[0].isInsert\":[\"1\"],\"columns[0].queryType\":[\"EQ\"],\"columns[0].htmlType\":[\"input\"],\"columns[0].dictType\":[\"\"],\"columns[1].columnId\":[\"65\"],\"columns[1].sort\":[\"2\"],\"columns[1].columnComment\":[\"å²—ä½ä¸»é”®\"],\"columns[1].javaType\":[\"Long\"],\"columns[1].javaField\":[\"postId\"],\"columns[1].isInsert\":[\"1\"],\"columns[1].isEdit\":[\"1\"],\"columns[1].isList\":[\"1\"],\"columns[1].isQuery\":[\"1\"],\"columns[1].queryType\":[\"EQ\"],\"columns[1].htmlType\":[\"select\"],\"columns[1].dictType\":[\"\"],\"columns[2].columnId\":[\"66\"],\"columns[2].sort\":[\"3\"],\"columns[2].columnComment\":[\"è–ªèµ„é…ç½®è¡¨id\"],\"columns[2].javaType\":[\"Long\"],\"columns[2].javaField\":[\"salaryAllocationId\"],\"columns[2].isInsert\":[\"1\"],\"columns[2].isEdit\":[\"1\"],\"columns[2].isList\":[\"1\"],\"columns[2].isQuery\":[\"1\"],\"columns[2].queryType\":[\"EQ\"],\"columns[2].htmlType\":[\"input\"],\"columns[2].dictType\":[\"\"],\"tplCategory\":[\"crud\"],\"packageName\":[\"com.ruoyi.project.business\"],\"moduleName\":[\"business\"],\"businessName\":[\"salaryallocation\"],\"functionName\":[\"å²—ä½-è–ªèµ„é…ç½®å…³è”\"],\"params[parentMenuId]\":[\"\"],\"params[parentMenuName]\":[\"\"],\"genType\":[\"0\"],\"genPath\":[\"/\"],\"subTableName\":[\"\"],\"params[treeCode]\":[\"\"],\"params[treeParentCode]\":[\"\"],\"params[treeName]\":[\"\"]}','{\"msg\":\"æ“ä½œæˆåŠŸ\",\"code\":0}',0,NULL,'2021-07-10 13:53:59'),(372,'ä»£ç ç”Ÿæˆ',2,'com.ruoyi.project.tool.gen.controller.GenController.editSave()','POST',1,'admin','ç ”å‘éƒ¨é—¨','/tool/gen/edit','127.0.0.1','å†…ç½‘IP','{\"tableId\":[\"16\"],\"tableName\":[\"tbl_post_salaryallocation\"],\"tableComment\":[\"å²—ä½-è–ªèµ„é…ç½®å…³è”è¡¨\"],\"className\":[\"PostSalaryallocation\"],\"functionAuthor\":[\"au\"],\"remark\":[\"\"],\"columns[0].columnId\":[\"64\"],\"columns[0].sort\":[\"1\"],\"columns[0].columnComment\":[\"ä¸»é”®\"],\"columns[0].javaType\":[\"Long\"],\"columns[0].javaField\":[\"id\"],\"columns[0].isInsert\":[\"1\"],\"columns[0].queryType\":[\"EQ\"],\"columns[0].htmlType\":[\"input\"],\"columns[0].dictType\":[\"\"],\"columns[1].columnId\":[\"65\"],\"columns[1].sort\":[\"2\"],\"columns[1].columnComment\":[\"å²—ä½ä¸»é”®\"],\"columns[1].javaType\":[\"Long\"],\"columns[1].javaField\":[\"postId\"],\"columns[1].isInsert\":[\"1\"],\"columns[1].isEdit\":[\"1\"],\"columns[1].isList\":[\"1\"],\"columns[1].isQuery\":[\"1\"],\"columns[1].queryType\":[\"EQ\"],\"columns[1].htmlType\":[\"select\"],\"columns[1].dictType\":[\"\"],\"columns[2].columnId\":[\"66\"],\"columns[2].sort\":[\"3\"],\"columns[2].columnComment\":[\"è–ªèµ„é…ç½®è¡¨id\"],\"columns[2].javaType\":[\"Long\"],\"columns[2].javaField\":[\"salaryAllocationId\"],\"columns[2].isInsert\":[\"1\"],\"columns[2].isEdit\":[\"1\"],\"columns[2].isList\":[\"1\"],\"columns[2].isQuery\":[\"1\"],\"columns[2].queryType\":[\"EQ\"],\"columns[2].htmlType\":[\"select\"],\"columns[2].dictType\":[\"\"],\"tplCategory\":[\"crud\"],\"packageName\":[\"com.ruoyi.project.business\"],\"moduleName\":[\"business\"],\"businessName\":[\"salaryallocation\"],\"functionName\":[\"å²—ä½-è–ªèµ„é…ç½®å…³è”\"],\"params[parentMenuId]\":[\"\"],\"params[parentMenuName]\":[\"\"],\"genType\":[\"0\"],\"genPath\":[\"/\"],\"subTableName\":[\"\"],\"params[treeCode]\":[\"\"],\"params[treeParentCode]\":[\"\"],\"params[treeName]\":[\"\"]}','{\"msg\":\"æ“ä½œæˆåŠŸ\",\"code\":0}',0,NULL,'2021-07-10 14:01:39'),(373,'ä»£ç ç”Ÿæˆ',8,'com.ruoyi.project.tool.gen.controller.GenController.download()','GET',1,'admin','ç ”å‘éƒ¨é—¨','/tool/gen/download/tbl_post_salaryallocation','127.0.0.1','å†…ç½‘IP','\"tbl_post_salaryallocation\"',NULL,0,NULL,'2021-07-10 14:02:03'),(374,'èœå•ç®¡ç†',1,'com.ruoyi.project.system.menu.controller.MenuController.addSave()','POST',1,'admin','ç ”å‘éƒ¨é—¨','/system/menu/add','127.0.0.1','å†…ç½‘IP','{\"parentId\":[\"2002\"],\"menuType\":[\"C\"],\"menuName\":[\"å²—ä½è–ªèµ„é…ç½®\"],\"url\":[\"\"],\"target\":[\"menuItem\"],\"perms\":[\"\"],\"orderNum\":[\"2\"],\"icon\":[\"\"],\"visible\":[\"0\"],\"isRefresh\":[\"1\"]}','{\"msg\":\"æ“ä½œæˆåŠŸ\",\"code\":0}',0,NULL,'2021-07-10 14:11:56'),(375,'èœå•ç®¡ç†',3,'com.ruoyi.project.system.menu.controller.MenuController.remove()','GET',1,'admin','ç ”å‘éƒ¨é—¨','/system/menu/remove/2009','127.0.0.1','å†…ç½‘IP','2009','{\"msg\":\"æ“ä½œæˆåŠŸ\",\"code\":0}',0,NULL,'2021-07-10 14:12:20'),(376,'èœå•ç®¡ç†',1,'com.ruoyi.project.system.menu.controller.MenuController.addSave()','POST',1,'admin','ç ”å‘éƒ¨é—¨','/system/menu/add','127.0.0.1','å†…ç½‘IP','{\"parentId\":[\"2001\"],\"menuType\":[\"C\"],\"menuName\":[\"å²—ä½è–ªèµ„é…ç½®\"],\"url\":[\"\"],\"target\":[\"menuItem\"],\"perms\":[\"\"],\"orderNum\":[\"2\"],\"icon\":[\"\"],\"visible\":[\"0\"],\"isRefresh\":[\"1\"]}','{\"msg\":\"æ“ä½œæˆåŠŸ\",\"code\":0}',0,NULL,'2021-07-10 14:12:36'),(377,'èœå•ç®¡ç†',2,'com.ruoyi.project.system.menu.controller.MenuController.editSave()','POST',1,'admin','ç ”å‘éƒ¨é—¨','/system/menu/edit','127.0.0.1','å†…ç½‘IP','{\"menuId\":[\"2010\"],\"parentId\":[\"2001\"],\"menuType\":[\"C\"],\"menuName\":[\"å²—ä½è–ªèµ„é…ç½®\"],\"url\":[\"business/salaryallocation\"],\"target\":[\"menuItem\"],\"perms\":[\"business:postList:view\"],\"orderNum\":[\"2\"],\"icon\":[\"#\"],\"visible\":[\"0\"],\"isRefresh\":[\"1\"]}','{\"msg\":\"æ“ä½œæˆåŠŸ\",\"code\":0}',0,NULL,'2021-07-10 14:20:55'),(378,'å²—ä½-è–ªèµ„é…ç½®å…³è”',3,'com.ruoyi.project.business.salaryallocation.controller.PostSalaryallocationController.remove()','POST',1,'admin','ç ”å‘éƒ¨é—¨','/business/salaryallocation/remove','127.0.0.1','å†…ç½‘IP','{\"ids\":[\"4\"]}','{\"msg\":\"æ“ä½œå¤±è´¥\",\"code\":500}',0,NULL,'2021-07-10 14:22:58'),(379,'å­—å…¸ç±»å‹',9,'com.ruoyi.project.system.dict.controller.DictTypeController.refreshCache()','GET',1,'admin','ç ”å‘éƒ¨é—¨','/system/dict/refreshCache','127.0.0.1','å†…ç½‘IP','','{\"msg\":\"æ“ä½œæˆåŠŸ\",\"code\":0}',0,NULL,'2021-07-10 14:25:13'),(380,'å­—å…¸ç±»å‹',9,'com.ruoyi.project.system.dict.controller.DictTypeController.refreshCache()','GET',1,'admin','ç ”å‘éƒ¨é—¨','/system/dict/refreshCache','127.0.0.1','å†…ç½‘IP','','{\"msg\":\"æ“ä½œæˆåŠŸ\",\"code\":0}',0,NULL,'2021-07-10 14:25:14'),(381,'è–ªèµ„é…ç½®',5,'com.ruoyi.project.salary.controller.SalaryAllocationController.export()','POST',1,'admin','ç ”å‘éƒ¨é—¨','/salary/allocation/export','127.0.0.1','å†…ç½‘IP','{\"name\":[\"\"],\"postId\":[\"1\"],\"type\":[\"\"],\"rule\":[\"\"],\"state\":[\"\"],\"grade\":[\"\"],\"orderByColumn\":[\"\"],\"isAsc\":[\"asc\"]}','{\"msg\":\"06fc9a0b-cecd-49d2-9681-4e186782dacf_è–ªèµ„é…ç½®æ•°æ®.xlsx\",\"code\":0}',0,NULL,'2021-07-10 17:32:56'),(382,'å²—ä½-è–ªèµ„é…ç½®å…³è”',1,'com.ruoyi.project.business.salaryallocation.controller.PostSalaryallocationController.addSave()','POST',1,'admin','ç ”å‘éƒ¨é—¨','/business/salaryallocation/add','127.0.0.1','å†…ç½‘IP','{\"jobName\":[\"å²—ä½1\"],\"salaryAllocationId\":[\"1\",\"2\",\"3\"]}','{\"msg\":\"æ“ä½œæˆåŠŸ\",\"code\":0}',0,NULL,'2021-07-10 21:01:49'),(383,'å²—ä½-è–ªèµ„é…ç½®å…³è”',1,'com.ruoyi.project.business.salaryallocation.controller.PostSalaryallocationController.addSave()','POST',1,'admin','ç ”å‘éƒ¨é—¨','/business/salaryallocation/add','127.0.0.1','å†…ç½‘IP','{\"jobName\":[\"å²—ä½1\"],\"salaryAllocationId\":[\"9\",\"13\",\"14\"]}','{\"msg\":\"æ“ä½œæˆåŠŸ\",\"code\":0}',0,NULL,'2021-07-10 21:02:38'),(384,'ç”¨æˆ·ç®¡ç†',2,'com.ruoyi.project.system.user.controller.UserController.editSave()','POST',1,'admin','ç ”å‘éƒ¨é—¨','/system/user/edit','127.0.0.1','å†…ç½‘IP','{\"userId\":[\"2\"],\"deptId\":[\"105\"],\"userName\":[\"è‹¥ä¾\"],\"dept.deptName\":[\"æµ‹è¯•éƒ¨é—¨\"],\"phonenumber\":[\"15666666666\"],\"email\":[\"ry@qq.com\"],\"loginName\":[\"ry\"],\"sex\":[\"1\"],\"role\":[\"2\"],\"remark\":[\"æµ‹è¯•å‘˜\"],\"status\":[\"0\"],\"roleIds\":[\"2\"],\"postIds\":[\"1,2\"]}','{\"msg\":\"æ“ä½œæˆåŠŸ\",\"code\":0}',0,NULL,'2021-07-10 21:07:06'),(385,'å²—ä½-è–ªèµ„é…ç½®å…³è”',1,'com.ruoyi.project.business.salaryallocation.controller.PostSalaryallocationController.addSave()','POST',1,'admin','ç ”å‘éƒ¨é—¨','/business/salaryallocation/add','127.0.0.1','å†…ç½‘IP','{\"jobName\":[\"å²—ä½1\"],\"salaryAllocationId\":[\"\"]}',NULL,1,'\r\n### Error updating database.  Cause: java.sql.SQLSyntaxErrorException: You have an error in your SQL syntax; check the manual that corresponds to your MySQL server version for the right syntax to use near \'\' at line 1\r\n### The error may exist in file [E:\\æ¯•è®¾\\è–ªèµ„ç®¡ç†ç³»ç»Ÿ\\salary-management-system\\target\\classes\\mybatis\\business\\PostSalaryallocationMapper.xml]\r\n### The error may involve com.ruoyi.project.business.salaryallocation.mapper.PostSalaryallocationMapper.insertPostSalaryallocation-Inline\r\n### The error occurred while setting parameters\r\n### SQL: insert into tbl_post_salaryallocation\r\n### Cause: java.sql.SQLSyntaxErrorException: You have an error in your SQL syntax; check the manual that corresponds to your MySQL server version for the right syntax to use near \'\' at line 1\n; bad SQL grammar []; nested exception is java.sql.SQLSyntaxErrorException: You have an error in your SQL syntax; check the manual that corresponds to your MySQL server version for the right syntax to use near \'\' at line 1','2021-07-10 21:10:24'),(386,'ç”¨æˆ·ç®¡ç†',2,'com.ruoyi.project.system.user.controller.UserController.editSave()','POST',1,'admin','ç ”å‘éƒ¨é—¨','/system/user/edit','127.0.0.1','å†…ç½‘IP','{\"userId\":[\"2\"],\"deptId\":[\"105\"],\"userName\":[\"è‹¥ä¾\"],\"dept.deptName\":[\"æµ‹è¯•éƒ¨é—¨\"],\"phonenumber\":[\"15666666666\"],\"email\":[\"ry@qq.com\"],\"loginName\":[\"ry\"],\"sex\":[\"1\"],\"role\":[\"2\"],\"remark\":[\"æµ‹è¯•å‘˜\"],\"status\":[\"0\"],\"roleIds\":[\"2\"],\"postIds\":[\"1,2\"]}','{\"msg\":\"æ“ä½œæˆåŠŸ\",\"code\":0}',0,NULL,'2021-07-10 21:11:28'),(387,'ç”¨æˆ·ç®¡ç†',2,'com.ruoyi.project.system.user.controller.UserController.editSave()','POST',1,'admin','ç ”å‘éƒ¨é—¨','/system/user/edit','127.0.0.1','å†…ç½‘IP','{\"userId\":[\"2\"],\"deptId\":[\"105\"],\"userName\":[\"è‹¥ä¾\"],\"dept.deptName\":[\"æµ‹è¯•éƒ¨é—¨\"],\"phonenumber\":[\"15666666666\"],\"email\":[\"ry@qq.com\"],\"loginName\":[\"ry\"],\"sex\":[\"1\"],\"role\":[\"2\"],\"remark\":[\"æµ‹è¯•å‘˜\"],\"status\":[\"0\"],\"roleIds\":[\"2\"],\"postIds\":[\"1,2\"]}','{\"msg\":\"æ“ä½œæˆåŠŸ\",\"code\":0}',0,NULL,'2021-07-10 21:12:15'),(388,'ç”¨æˆ·ç®¡ç†',1,'com.ruoyi.project.system.user.controller.UserController.addSave()','POST',1,'admin','ç ”å‘éƒ¨é—¨','/system/user/add','127.0.0.1','å†…ç½‘IP','{\"deptId\":[\"100\"],\"userName\":[\"æ±ªç»ç†\"],\"deptName\":[\"è‹¥ä¾ç§‘æŠ€\"],\"phonenumber\":[\"18892012212\"],\"email\":[\"14067194@qq.com\"],\"loginName\":[\"rst_zr\"],\"sex\":[\"0\"],\"role\":[\"2\",\"100\",\"101\"],\"remark\":[\"\"],\"status\":[\"0\"],\"roleIds\":[\"2,100,101\"],\"postIds\":[\"1,2\"]}','{\"msg\":\"æ“ä½œæˆåŠŸ\",\"code\":0}',0,NULL,'2021-07-10 21:13:10'),(389,'å²—ä½-è–ªèµ„é…ç½®å…³è”',1,'com.ruoyi.project.business.salaryallocation.controller.PostSalaryallocationController.addSave()','POST',1,'admin','ç ”å‘éƒ¨é—¨','/business/salaryallocation/add','127.0.0.1','å†…ç½‘IP','{\"salaryAllocationIds\":[\"1,2\"]}',NULL,1,'\r\n### Error updating database.  Cause: java.sql.SQLSyntaxErrorException: You have an error in your SQL syntax; check the manual that corresponds to your MySQL server version for the right syntax to use near \'\' at line 1\r\n### The error may exist in file [E:\\æ¯•è®¾\\è–ªèµ„ç®¡ç†ç³»ç»Ÿ\\salary-management-system\\target\\classes\\mybatis\\business\\PostSalaryallocationMapper.xml]\r\n### The error may involve com.ruoyi.project.business.salaryallocation.mapper.PostSalaryallocationMapper.insertPostSalaryallocation-Inline\r\n### The error occurred while setting parameters\r\n### SQL: insert into tbl_post_salaryallocation\r\n### Cause: java.sql.SQLSyntaxErrorException: You have an error in your SQL syntax; check the manual that corresponds to your MySQL server version for the right syntax to use near \'\' at line 1\n; bad SQL grammar []; nested exception is java.sql.SQLSyntaxErrorException: You have an error in your SQL syntax; check the manual that corresponds to your MySQL server version for the right syntax to use near \'\' at line 1','2021-07-10 21:15:41'),(390,'å²—ä½-è–ªèµ„é…ç½®å…³è”',1,'com.ruoyi.project.business.salaryallocation.controller.PostSalaryallocationController.addSave()','POST',1,'admin','ç ”å‘éƒ¨é—¨','/business/salaryallocation/add','127.0.0.1','å†…ç½‘IP','{\"salaryAllocations\":[\"2,3,6,7\"]}',NULL,1,'\r\n### Error updating database.  Cause: java.sql.SQLSyntaxErrorException: You have an error in your SQL syntax; check the manual that corresponds to your MySQL server version for the right syntax to use near \'\' at line 1\r\n### The error may exist in file [E:\\æ¯•è®¾\\è–ªèµ„ç®¡ç†ç³»ç»Ÿ\\salary-management-system\\target\\classes\\mybatis\\business\\PostSalaryallocationMapper.xml]\r\n### The error may involve com.ruoyi.project.business.salaryallocation.mapper.PostSalaryallocationMapper.insertPostSalaryallocation-Inline\r\n### The error occurred while setting parameters\r\n### SQL: insert into tbl_post_salaryallocation\r\n### Cause: java.sql.SQLSyntaxErrorException: You have an error in your SQL syntax; check the manual that corresponds to your MySQL server version for the right syntax to use near \'\' at line 1\n; bad SQL grammar []; nested exception is java.sql.SQLSyntaxErrorException: You have an error in your SQL syntax; check the manual that corresponds to your MySQL server version for the right syntax to use near \'\' at line 1','2021-07-10 21:19:08'),(391,'å²—ä½-è–ªèµ„é…ç½®å…³è”',1,'com.ruoyi.project.business.salaryallocation.controller.PostSalaryallocationController.addSave()','POST',1,'admin','ç ”å‘éƒ¨é—¨','/business/salaryallocation/add','127.0.0.1','å†…ç½‘IP','{\"salaryAllocationIds\":[\"17,19\"]}',NULL,1,'\r\n### Error updating database.  Cause: java.sql.SQLSyntaxErrorException: You have an error in your SQL syntax; check the manual that corresponds to your MySQL server version for the right syntax to use near \'\' at line 1\r\n### The error may exist in file [E:\\æ¯•è®¾\\è–ªèµ„ç®¡ç†ç³»ç»Ÿ\\salary-management-system\\target\\classes\\mybatis\\business\\PostSalaryallocationMapper.xml]\r\n### The error may involve com.ruoyi.project.business.salaryallocation.mapper.PostSalaryallocationMapper.insertPostSalaryallocation-Inline\r\n### The error occurred while setting parameters\r\n### SQL: insert into tbl_post_salaryallocation\r\n### Cause: java.sql.SQLSyntaxErrorException: You have an error in your SQL syntax; check the manual that corresponds to your MySQL server version for the right syntax to use near \'\' at line 1\n; bad SQL grammar []; nested exception is java.sql.SQLSyntaxErrorException: You have an error in your SQL syntax; check the manual that corresponds to your MySQL server version for the right syntax to use near \'\' at line 1','2021-07-10 21:43:02'),(392,'å²—ä½-è–ªèµ„é…ç½®å…³è”',1,'com.ruoyi.project.business.salaryallocation.controller.PostSalaryallocationController.addSave()','POST',1,'admin','ç ”å‘éƒ¨é—¨','/business/salaryallocation/add','127.0.0.1','å†…ç½‘IP','{\"salaryAllocationIds\":[\"9,10,11\"]}',NULL,1,'\r\n### Error updating database.  Cause: java.sql.SQLSyntaxErrorException: You have an error in your SQL syntax; check the manual that corresponds to your MySQL server version for the right syntax to use near \'\' at line 1\r\n### The error may exist in file [E:\\æ¯•è®¾\\è–ªèµ„ç®¡ç†ç³»ç»Ÿ\\salary-management-system\\target\\classes\\mybatis\\business\\PostSalaryallocationMapper.xml]\r\n### The error may involve com.ruoyi.project.business.salaryallocation.mapper.PostSalaryallocationMapper.insertPostSalaryallocation-Inline\r\n### The error occurred while setting parameters\r\n### SQL: insert into tbl_post_salaryallocation\r\n### Cause: java.sql.SQLSyntaxErrorException: You have an error in your SQL syntax; check the manual that corresponds to your MySQL server version for the right syntax to use near \'\' at line 1\n; bad SQL grammar []; nested exception is java.sql.SQLSyntaxErrorException: You have an error in your SQL syntax; check the manual that corresponds to your MySQL server version for the right syntax to use near \'\' at line 1','2021-07-10 21:45:41'),(393,'å²—ä½-è–ªèµ„é…ç½®å…³è”',1,'com.ruoyi.project.business.salaryallocation.controller.PostSalaryallocationController.addSave()','POST',1,'admin','ç ”å‘éƒ¨é—¨','/business/salaryallocation/add','127.0.0.1','å†…ç½‘IP','{\"salaryAllocationIds\":[\"9,10,13,14,18,19\"]}',NULL,1,'\r\n### Error updating database.  Cause: java.sql.SQLSyntaxErrorException: You have an error in your SQL syntax; check the manual that corresponds to your MySQL server version for the right syntax to use near \'\' at line 1\r\n### The error may exist in file [E:\\æ¯•è®¾\\è–ªèµ„ç®¡ç†ç³»ç»Ÿ\\salary-management-system\\target\\classes\\mybatis\\business\\PostSalaryallocationMapper.xml]\r\n### The error may involve com.ruoyi.project.business.salaryallocation.mapper.PostSalaryallocationMapper.insertPostSalaryallocation-Inline\r\n### The error occurred while setting parameters\r\n### SQL: insert into tbl_post_salaryallocation\r\n### Cause: java.sql.SQLSyntaxErrorException: You have an error in your SQL syntax; check the manual that corresponds to your MySQL server version for the right syntax to use near \'\' at line 1\n; bad SQL grammar []; nested exception is java.sql.SQLSyntaxErrorException: You have an error in your SQL syntax; check the manual that corresponds to your MySQL server version for the right syntax to use near \'\' at line 1','2021-07-10 21:47:47'),(394,'å²—ä½-è–ªèµ„é…ç½®å…³è”',1,'com.ruoyi.project.business.salaryallocation.controller.PostSalaryallocationController.addSave()','POST',1,'admin','ç ”å‘éƒ¨é—¨','/business/salaryallocation/add','127.0.0.1','å†…ç½‘IP','{\"salaryAllocationIds\":[\"3,9,13\"]}',NULL,1,'\r\n### Error updating database.  Cause: java.sql.SQLSyntaxErrorException: You have an error in your SQL syntax; check the manual that corresponds to your MySQL server version for the right syntax to use near \'\' at line 1\r\n### The error may exist in file [E:\\æ¯•è®¾\\è–ªèµ„ç®¡ç†ç³»ç»Ÿ\\salary-management-system\\target\\classes\\mybatis\\business\\PostSalaryallocationMapper.xml]\r\n### The error may involve com.ruoyi.project.business.salaryallocation.mapper.PostSalaryallocationMapper.insertPostSalaryallocation-Inline\r\n### The error occurred while setting parameters\r\n### SQL: insert into tbl_post_salaryallocation\r\n### Cause: java.sql.SQLSyntaxErrorException: You have an error in your SQL syntax; check the manual that corresponds to your MySQL server version for the right syntax to use near \'\' at line 1\n; bad SQL grammar []; nested exception is java.sql.SQLSyntaxErrorException: You have an error in your SQL syntax; check the manual that corresponds to your MySQL server version for the right syntax to use near \'\' at line 1','2021-07-10 21:50:56'),(395,'å²—ä½-è–ªèµ„é…ç½®å…³è”',1,'com.ruoyi.project.business.salaryallocation.controller.PostSalaryallocationController.addSave()','POST',1,'admin','ç ”å‘éƒ¨é—¨','/business/salaryallocation/add','127.0.0.1','å†…ç½‘IP','{\"salaryAllocationIds\":[\"9,10,13\"]}',NULL,1,'\r\n### Error updating database.  Cause: java.sql.SQLSyntaxErrorException: You have an error in your SQL syntax; check the manual that corresponds to your MySQL server version for the right syntax to use near \'\' at line 1\r\n### The error may exist in file [E:\\æ¯•è®¾\\è–ªèµ„ç®¡ç†ç³»ç»Ÿ\\salary-management-system\\target\\classes\\mybatis\\business\\PostSalaryallocationMapper.xml]\r\n### The error may involve com.ruoyi.project.business.salaryallocation.mapper.PostSalaryallocationMapper.insertPostSalaryallocation-Inline\r\n### The error occurred while setting parameters\r\n### SQL: insert into tbl_post_salaryallocation\r\n### Cause: java.sql.SQLSyntaxErrorException: You have an error in your SQL syntax; check the manual that corresponds to your MySQL server version for the right syntax to use near \'\' at line 1\n; bad SQL grammar []; nested exception is java.sql.SQLSyntaxErrorException: You have an error in your SQL syntax; check the manual that corresponds to your MySQL server version for the right syntax to use near \'\' at line 1','2021-07-10 21:51:11'),(396,'å²—ä½-è–ªèµ„é…ç½®å…³è”',1,'com.ruoyi.project.business.salaryallocation.controller.PostSalaryallocationController.addSave()','POST',1,'admin','ç ”å‘éƒ¨é—¨','/business/salaryallocation/add','127.0.0.1','å†…ç½‘IP','{\"salaryAllocationIds\":[\"1,8\"],\"postId\":[\"\"]}',NULL,1,'\r\n### Error updating database.  Cause: java.sql.SQLSyntaxErrorException: You have an error in your SQL syntax; check the manual that corresponds to your MySQL server version for the right syntax to use near \'\' at line 1\r\n### The error may exist in file [E:\\æ¯•è®¾\\è–ªèµ„ç®¡ç†ç³»ç»Ÿ\\salary-management-system\\target\\classes\\mybatis\\business\\PostSalaryallocationMapper.xml]\r\n### The error may involve com.ruoyi.project.business.salaryallocation.mapper.PostSalaryallocationMapper.insertPostSalaryallocation-Inline\r\n### The error occurred while setting parameters\r\n### SQL: insert into tbl_post_salaryallocation\r\n### Cause: java.sql.SQLSyntaxErrorException: You have an error in your SQL syntax; check the manual that corresponds to your MySQL server version for the right syntax to use near \'\' at line 1\n; bad SQL grammar []; nested exception is java.sql.SQLSyntaxErrorException: You have an error in your SQL syntax; check the manual that corresponds to your MySQL server version for the right syntax to use near \'\' at line 1','2021-07-10 21:53:12'),(397,'å²—ä½-è–ªèµ„é…ç½®å…³è”',1,'com.ruoyi.project.business.salaryallocation.controller.PostSalaryallocationController.addSave()','POST',1,'admin','ç ”å‘éƒ¨é—¨','/business/salaryallocation/add','127.0.0.1','å†…ç½‘IP','{\"salaryAllocationIds\":[\"19\"],\"postId\":[\"1\"]}','{\"msg\":\"æ“ä½œæˆåŠŸ\",\"code\":0}',0,NULL,'2021-07-10 21:54:07'),(398,'ç”¨æˆ·ç®¡ç†',2,'com.ruoyi.project.system.user.controller.UserController.editSave()','POST',1,'admin','ç ”å‘éƒ¨é—¨','/system/user/edit','127.0.0.1','å†…ç½‘IP','{\"userId\":[\"100\"],\"deptId\":[\"100\"],\"userName\":[\"æ±ªç»ç†\"],\"dept.deptName\":[\"è‹¥ä¾ç§‘æŠ€\"],\"phonenumber\":[\"18892012212\"],\"email\":[\"14067194@qq.com\"],\"loginName\":[\"rst_zr\"],\"sex\":[\"0\"],\"role\":[\"2\"],\"remark\":[\"\"],\"status\":[\"0\"],\"roleIds\":[\"2\"],\"postIds\":[\"1,2\"]}','{\"msg\":\"æ“ä½œæˆåŠŸ\",\"code\":0}',0,NULL,'2021-07-10 22:05:14'),(399,'å²—ä½-è–ªèµ„é…ç½®å…³è”',1,'com.ruoyi.project.business.salaryallocation.controller.PostSalaryallocationController.addSave()','POST',1,'admin','ç ”å‘éƒ¨é—¨','/business/salaryallocation/add','127.0.0.1','å†…ç½‘IP','{\"salaryAllocationIds\":[\"1,2,10,14\"],\"postId\":[\"1\"]}','{\"msg\":\"æ“ä½œæˆåŠŸ\",\"code\":0}',0,NULL,'2021-07-10 22:41:57'),(400,'å²—ä½-è–ªèµ„é…ç½®å…³è”',1,'com.ruoyi.project.business.salaryallocation.controller.PostSalaryallocationController.addSave()','POST',1,'admin','ç ”å‘éƒ¨é—¨','/business/salaryallocation/add','127.0.0.1','å†…ç½‘IP','{\"salaryAllocationIds\":[\"1,2,3,6\"],\"postId\":[\"1\"]}','{\"msg\":\"æ“ä½œæˆåŠŸ\",\"code\":0}',0,NULL,'2021-07-10 22:42:56'),(401,'å²—ä½-è–ªèµ„é…ç½®å…³è”',1,'com.ruoyi.project.business.salaryallocation.controller.PostSalaryallocationController.addSave()','POST',1,'admin','ç ”å‘éƒ¨é—¨','/business/salaryallocation/add','127.0.0.1','å†…ç½‘IP','{\"salaryAllocationIds\":[\"1,2,3,6\"],\"postId\":[\"1\"]}','{\"msg\":\"æ“ä½œæˆåŠŸ\",\"code\":0}',0,NULL,'2021-07-11 11:21:58'),(402,'å²—ä½-è–ªèµ„é…ç½®å…³è”',1,'com.ruoyi.project.business.salaryallocation.controller.PostSalaryallocationController.addSave()','POST',1,'admin','ç ”å‘éƒ¨é—¨','/business/salaryallocation/add','127.0.0.1','å†…ç½‘IP','{\"salaryAllocationIds\":[\"1,2,18,19\"],\"postId\":[\"1\"]}','{\"msg\":\"æ“ä½œæˆåŠŸ\",\"code\":0}',0,NULL,'2021-07-11 11:23:31'),(403,'å²—ä½-è–ªèµ„é…ç½®å…³è”',1,'com.ruoyi.project.business.salaryallocation.controller.PostSalaryallocationController.addSave()','POST',1,'admin','ç ”å‘éƒ¨é—¨','/business/salaryallocation/add','127.0.0.1','å†…ç½‘IP','{\"salaryAllocationIds\":[\"1,2,3,6\"],\"postId\":[\"1\"]}','{\"msg\":\"æ“ä½œå¤±è´¥\",\"code\":500}',0,NULL,'2021-07-11 11:24:31'),(404,'å²—ä½-è–ªèµ„é…ç½®å…³è”',1,'com.ruoyi.project.business.salaryallocation.controller.PostSalaryallocationController.addSave()','POST',1,'admin','ç ”å‘éƒ¨é—¨','/business/salaryallocation/add','127.0.0.1','å†…ç½‘IP','{\"salaryAllocationIds\":[\"1,2,9,13,14,18\"],\"postId\":[\"1\"]}','{\"msg\":\"æ“ä½œå¤±è´¥\",\"code\":500}',0,NULL,'2021-07-11 11:27:23'),(405,'å²—ä½-è–ªèµ„é…ç½®å…³è”',1,'com.ruoyi.project.business.salaryallocation.controller.PostSalaryallocationController.addSave()','POST',1,'admin','ç ”å‘éƒ¨é—¨','/business/salaryallocation/add','127.0.0.1','å†…ç½‘IP','{\"salaryAllocationIds\":[\"1,2,3,6,7,8,10,12,14,15,16,17,18,19\"],\"postId\":[\"1\"]}','{\"msg\":\"æ“ä½œæˆåŠŸ\",\"code\":0}',0,NULL,'2021-07-11 16:00:42'),(406,'å²—ä½-è–ªèµ„é…ç½®å…³è”',1,'com.ruoyi.project.business.salaryallocation.controller.PostSalaryallocationController.addSave()','POST',1,'admin','ç ”å‘éƒ¨é—¨','/business/salaryallocation/add','127.0.0.1','å†…ç½‘IP','{\"salaryAllocationIds\":[\"1,2,3,8\"],\"postId\":[\"1\"]}','{\"msg\":\"æ“ä½œæˆåŠŸ\",\"code\":0}',0,NULL,'2021-07-11 16:01:53'),(407,'å²—ä½-è–ªèµ„é…ç½®å…³è”',1,'com.ruoyi.project.business.salaryallocation.controller.PostSalaryallocationController.addSave()','POST',1,'admin','ç ”å‘éƒ¨é—¨','/business/salaryallocation/add','127.0.0.1','å†…ç½‘IP','{\"salaryAllocationIds\":[\"1,2,3\"],\"postId\":[\"1\"]}','{\"msg\":\"æ“ä½œæˆåŠŸ\",\"code\":0}',0,NULL,'2021-07-11 16:05:04'),(408,'å²—ä½-è–ªèµ„é…ç½®å…³è”',1,'com.ruoyi.project.business.salaryallocation.controller.PostSalaryallocationController.addSave()','POST',1,'admin','ç ”å‘éƒ¨é—¨','/business/salaryallocation/add','127.0.0.1','å†…ç½‘IP','{\"salaryAllocationIds\":[\"1,2,3,19\"],\"postId\":[\"1\"]}','{\"msg\":\"æ“ä½œæˆåŠŸ\",\"code\":0}',0,NULL,'2021-07-11 16:06:32'),(409,'å²—ä½-è–ªèµ„é…ç½®å…³è”',1,'com.ruoyi.project.business.salaryallocation.controller.PostSalaryallocationController.addSave()','POST',1,'admin','ç ”å‘éƒ¨é—¨','/business/salaryallocation/add','127.0.0.1','å†…ç½‘IP','{\"salaryAllocationIds\":[\"1,2,3,8,19\"],\"postId\":[\"1\"]}','{\"msg\":\"æ“ä½œæˆåŠŸ\",\"code\":0}',0,NULL,'2021-07-11 16:07:50'),(410,'å²—ä½-è–ªèµ„é…ç½®å…³è”',1,'com.ruoyi.project.business.salaryallocation.controller.PostSalaryallocationController.addSave()','POST',1,'admin','ç ”å‘éƒ¨é—¨','/business/salaryallocation/add','127.0.0.1','å†…ç½‘IP','{\"salaryAllocationIds\":[\"1,2,3,8,12,19\"],\"postId\":[\"1\"]}','{\"msg\":\"æ“ä½œæˆåŠŸ\",\"code\":0}',0,NULL,'2021-07-11 16:08:07'),(411,'å²—ä½-è–ªèµ„é…ç½®å…³è”',1,'com.ruoyi.project.business.salaryallocation.controller.PostSalaryallocationController.addSave()','POST',1,'admin','ç ”å‘éƒ¨é—¨','/business/salaryallocation/add','127.0.0.1','å†…ç½‘IP','{\"salaryAllocationIds\":[\"1,2,3\"],\"postId\":[\"1\"]}','{\"msg\":\"æ“ä½œæˆåŠŸ\",\"code\":0}',0,NULL,'2021-07-11 16:08:45'),(412,'å²—ä½-è–ªèµ„é…ç½®å…³è”',1,'com.ruoyi.project.business.salaryallocation.controller.PostSalaryallocationController.addSave()','POST',1,'admin','ç ”å‘éƒ¨é—¨','/business/salaryallocation/add','127.0.0.1','å†…ç½‘IP','{\"salaryAllocationIds\":[\"1,2,3,8\"],\"postId\":[\"1\"]}','{\"msg\":\"æ“ä½œæˆåŠŸ\",\"code\":0}',0,NULL,'2021-07-11 16:16:02'),(413,'è–ªèµ„é…ç½®',1,'com.ruoyi.project.salary.controller.SalaryAllocationController.addSave()','POST',1,'admin','ç ”å‘éƒ¨é—¨','/salary/allocation/add','127.0.0.1','å†…ç½‘IP','{\"name\":[\"æµ‹è¯•\"],\"type\":[\"1\"],\"rule\":[\"1\"],\"money\":[\"1\"],\"state\":[\"1\"],\"grade\":[\"0\"]}','{\"msg\":\"æ“ä½œæˆåŠŸ\",\"code\":0}',0,NULL,'2021-07-11 16:17:59'),(414,'è–ªèµ„é…ç½®',1,'com.ruoyi.project.salary.controller.SalaryAllocationController.addSave()','POST',1,'admin','ç ”å‘éƒ¨é—¨','/salary/allocation/add','127.0.0.1','å†…ç½‘IP','{\"name\":[\"æµ‹è¯•2\"],\"type\":[\"0\"],\"rule\":[\"2\"],\"money\":[\"1\"],\"state\":[\"1\"],\"grade\":[\"0\"]}','{\"msg\":\"æ“ä½œæˆåŠŸ\",\"code\":0}',0,NULL,'2021-07-11 16:18:37'),(415,'å²—ä½-è–ªèµ„é…ç½®å…³è”',1,'com.ruoyi.project.business.salaryallocation.controller.PostSalaryallocationController.addSave()','POST',1,'admin','ç ”å‘éƒ¨é—¨','/business/salaryallocation/add','127.0.0.1','å†…ç½‘IP','{\"salaryAllocationIds\":[\"1,2,3,8,10\"],\"postId\":[\"1\"]}','{\"msg\":\"æ“ä½œæˆåŠŸ\",\"code\":0}',0,NULL,'2021-07-11 16:18:47'),(416,'å²—ä½-è–ªèµ„é…ç½®å…³è”',1,'com.ruoyi.project.business.salaryallocation.controller.PostSalaryallocationController.addSave()','POST',1,'admin','ç ”å‘éƒ¨é—¨','/business/salaryallocation/add','127.0.0.1','å†…ç½‘IP','{\"salaryAllocationIds\":[\"1,2,3,8,10,12\"],\"postId\":[\"1\"]}','{\"msg\":\"æ“ä½œæˆåŠŸ\",\"code\":0}',0,NULL,'2021-07-11 16:20:48'),(417,'å²—ä½-è–ªèµ„é…ç½®å…³è”',1,'com.ruoyi.project.business.salaryallocation.controller.PostSalaryallocationController.addSave()','POST',1,'admin','ç ”å‘éƒ¨é—¨','/business/salaryallocation/add','127.0.0.1','å†…ç½‘IP','{\"salaryAllocationIds\":[\"1,2,3,8,10,12,14\"],\"postId\":[\"1\"]}',NULL,1,'\r\n### Error updating database.  Cause: java.sql.SQLSyntaxErrorException: You have an error in your SQL syntax; check the manual that corresponds to your MySQL server version for the right syntax to use near \'\' at line 1\r\n### The error may exist in file [E:\\æ¯•è®¾\\è–ªèµ„ç®¡ç†ç³»ç»Ÿ\\salary-management-system\\target\\classes\\mybatis\\business\\PostSalaryallocationMapper.xml]\r\n### The error may involve com.ruoyi.project.business.salaryallocation.mapper.PostSalaryallocationMapper.insertPostSalaryallocation-Inline\r\n### The error occurred while setting parameters\r\n### SQL: insert into tbl_post_salaryallocation\r\n### Cause: java.sql.SQLSyntaxErrorException: You have an error in your SQL syntax; check the manual that corresponds to your MySQL server version for the right syntax to use near \'\' at line 1\n; bad SQL grammar []; nested exception is java.sql.SQLSyntaxErrorException: You have an error in your SQL syntax; check the manual that corresponds to your MySQL server version for the right syntax to use near \'\' at line 1','2021-07-11 16:22:05'),(418,'å²—ä½-è–ªèµ„é…ç½®å…³è”',1,'com.ruoyi.project.business.salaryallocation.controller.PostSalaryallocationController.addSave()','POST',1,'admin','ç ”å‘éƒ¨é—¨','/business/salaryallocation/add','127.0.0.1','å†…ç½‘IP','{\"salaryAllocationIds\":[\"1,2,3,8,10,12,14,16,17,18,19,20,21\"],\"postId\":[\"1\"]}','{\"msg\":\"æ“ä½œæˆåŠŸ\",\"code\":0}',0,NULL,'2021-07-11 16:23:19'),(419,'å²—ä½-è–ªèµ„é…ç½®å…³è”',1,'com.ruoyi.project.business.salaryallocation.controller.PostSalaryallocationController.addSave()','POST',1,'admin','ç ”å‘éƒ¨é—¨','/business/salaryallocation/add','127.0.0.1','å†…ç½‘IP','{\"salaryAllocationIds\":[\"1,2,3\"],\"postId\":[\"1\"]}','{\"msg\":\"æ“ä½œæˆåŠŸ\",\"code\":0}',0,NULL,'2021-07-11 16:29:55'),(420,'å²—ä½-è–ªèµ„é…ç½®å…³è”',1,'com.ruoyi.project.business.salaryallocation.controller.PostSalaryallocationController.addSave()','POST',1,'admin','ç ”å‘éƒ¨é—¨','/business/salaryallocation/add','127.0.0.1','å†…ç½‘IP','{\"salaryAllocationIds\":[\"1,2,3,8\"],\"postId\":[\"1\"]}','{\"msg\":\"æ“ä½œæˆåŠŸ\",\"code\":0}',0,NULL,'2021-07-11 16:30:30'),(421,'å²—ä½-è–ªèµ„é…ç½®å…³è”',1,'com.ruoyi.project.business.salaryallocation.controller.PostSalaryallocationController.addSave()','POST',1,'admin','ç ”å‘éƒ¨é—¨','/business/salaryallocation/add','127.0.0.1','å†…ç½‘IP','{\"salaryAllocationIds\":[\"1,2,3,8,10\"],\"postId\":[\"1\"]}','{\"msg\":\"æ“ä½œæˆåŠŸ\",\"code\":0}',0,NULL,'2021-07-11 16:31:47'),(422,'å²—ä½-è–ªèµ„é…ç½®å…³è”',1,'com.ruoyi.project.business.salaryallocation.controller.PostSalaryallocationController.addSave()','POST',1,'admin','ç ”å‘éƒ¨é—¨','/business/salaryallocation/add','127.0.0.1','å†…ç½‘IP','{\"salaryAllocationIds\":[\"1,2,3,8,10,12\"],\"postId\":[\"1\"]}','{\"msg\":\"æ“ä½œæˆåŠŸ\",\"code\":0}',0,NULL,'2021-07-11 16:32:06'),(423,'å²—ä½-è–ªèµ„é…ç½®å…³è”',1,'com.ruoyi.project.business.salaryallocation.controller.PostSalaryallocationController.addSave()','POST',1,'admin','ç ”å‘éƒ¨é—¨','/business/salaryallocation/add','127.0.0.1','å†…ç½‘IP','{\"salaryAllocationIds\":[\"1,2,3,8,10,12,20,21\"],\"postId\":[\"1\"]}','{\"msg\":\"æ“ä½œæˆåŠŸ\",\"code\":0}',0,NULL,'2021-07-11 16:32:27'),(424,'å²—ä½-è–ªèµ„é…ç½®å…³è”',3,'com.ruoyi.project.business.salaryallocation.controller.PostSalaryallocationController.remove()','POST',1,'admin','ç ”å‘éƒ¨é—¨','/business/salaryallocation/remove','127.0.0.1','å†…ç½‘IP','{\"ids\":[\"21\"]}','{\"msg\":\"æ“ä½œæˆåŠŸ\",\"code\":0}',0,NULL,'2021-07-11 16:32:36'),(425,'å²—ä½-è–ªèµ„é…ç½®å…³è”',3,'com.ruoyi.project.business.salaryallocation.controller.PostSalaryallocationController.remove()','POST',1,'admin','ç ”å‘éƒ¨é—¨','/business/salaryallocation/remove','127.0.0.1','å†…ç½‘IP','{\"ids\":[\"21\"]}','{\"msg\":\"æ“ä½œå¤±è´¥\",\"code\":500}',0,NULL,'2021-07-11 16:33:14'),(426,'å²—ä½-è–ªèµ„é…ç½®å…³è”',3,'com.ruoyi.project.business.salaryallocation.controller.PostSalaryallocationController.remove()','POST',1,'admin','ç ”å‘éƒ¨é—¨','/business/salaryallocation/remove','127.0.0.1','å†…ç½‘IP','{\"ids\":[\"21\"]}','{\"msg\":\"æ“ä½œå¤±è´¥\",\"code\":500}',0,NULL,'2021-07-11 16:51:53'),(427,'å²—ä½-è–ªèµ„é…ç½®å…³è”',1,'com.ruoyi.project.business.salaryallocation.controller.PostSalaryallocationController.addSave()','POST',1,'admin','ç ”å‘éƒ¨é—¨','/business/salaryallocation/add','127.0.0.1','å†…ç½‘IP','{\"salaryAllocationIds\":[\"1\"],\"postId\":[\"4\"]}','{\"msg\":\"æ“ä½œæˆåŠŸ\",\"code\":0}',0,NULL,'2021-07-11 16:52:41'),(428,'ä¸ªäººä¿¡æ¯',2,'com.ruoyi.project.system.user.controller.ProfileController.updateAvatar()','POST',1,'admin','ç ”å‘éƒ¨é—¨','/system/user/profile/updateAvatar','127.0.0.1','å†…ç½‘IP','','{\"msg\":\"æ“ä½œæˆåŠŸ\",\"code\":0}',0,NULL,'2021-07-11 17:27:43'),(429,'å²—ä½-è–ªèµ„é…ç½®å…³è”',3,'com.ruoyi.project.business.salaryallocation.controller.PostSalaryallocationController.remove()','POST',1,'admin','ç ”å‘éƒ¨é—¨','/business/salaryallocation/remove','127.0.0.1','å†…ç½‘IP','{\"ids\":[\"26\"]}','{\"msg\":\"æ“ä½œæˆåŠŸ\",\"code\":0}',0,NULL,'2021-07-11 17:46:35'),(430,'å²—ä½-è–ªèµ„é…ç½®å…³è”',3,'com.ruoyi.project.business.salaryallocation.controller.PostSalaryallocationController.remove()','POST',1,'admin','ç ”å‘éƒ¨é—¨','/business/salaryallocation/remove','127.0.0.1','å†…ç½‘IP','{\"ids\":[\"25\"]}','{\"msg\":\"æ“ä½œæˆåŠŸ\",\"code\":0}',0,NULL,'2021-07-11 17:46:38'),(431,'å²—ä½-è–ªèµ„é…ç½®å…³è”',1,'com.ruoyi.project.business.salaryallocation.controller.PostSalaryallocationController.addSave()','POST',1,'admin','ç ”å‘éƒ¨é—¨','/business/salaryallocation/add','127.0.0.1','å†…ç½‘IP','{\"salaryAllocationIds\":[\"1,2,8,10,12,14\"],\"postId\":[\"1\"]}','{\"msg\":\"æ“ä½œæˆåŠŸ\",\"code\":0}',0,NULL,'2021-07-11 17:46:56'),(432,'å²—ä½-è–ªèµ„é…ç½®å…³è”',1,'com.ruoyi.project.business.salaryallocation.controller.PostSalaryallocationController.addSave()','POST',1,'admin','ç ”å‘éƒ¨é—¨','/business/salaryallocation/add','127.0.0.1','å†…ç½‘IP','{\"salaryAllocationIds\":[\"1,2,8,10,12,14,16\"],\"postId\":[\"1\"]}','{\"msg\":\"æ“ä½œæˆåŠŸ\",\"code\":0}',0,NULL,'2021-07-11 18:29:55'),(433,'å²—ä½-è–ªèµ„é…ç½®å…³è”',1,'com.ruoyi.project.business.salaryallocation.controller.PostSalaryallocationController.addSave()','POST',1,'admin','ç ”å‘éƒ¨é—¨','/business/salaryallocation/add','127.0.0.1','å†…ç½‘IP','{\"salaryAllocationIds\":[\"1,2,8,10,12,14,16\"],\"postId\":[\"1\"]}','{\"msg\":\"æ“ä½œæˆåŠŸ\",\"code\":0}',0,NULL,'2021-07-11 18:29:57'),(434,'å²—ä½-è–ªèµ„é…ç½®å…³è”',1,'com.ruoyi.project.business.salaryallocation.controller.PostSalaryallocationController.addSave()','POST',1,'admin','ç ”å‘éƒ¨é—¨','/business/salaryallocation/add','127.0.0.1','å†…ç½‘IP','{\"salaryAllocationIds\":[\"1,2,8,10,12,14,16,17\"],\"postId\":[\"1\"]}','{\"msg\":\"æ“ä½œæˆåŠŸ\",\"code\":0}',0,NULL,'2021-07-11 19:18:48'),(435,'å²—ä½-è–ªèµ„é…ç½®å…³è”',1,'com.ruoyi.project.business.salaryallocation.controller.PostSalaryallocationController.addSave()','POST',1,'admin','ç ”å‘éƒ¨é—¨','/business/salaryallocation/add','127.0.0.1','å†…ç½‘IP','{\"salaryAllocationIds\":[\"1,2,8,10,12,14,16,17,18\"],\"postId\":[\"1\"]}','{\"msg\":\"æ“ä½œæˆåŠŸ\",\"code\":0}',0,NULL,'2021-07-11 19:20:03'),(436,'è–ªèµ„é…ç½®',1,'com.ruoyi.project.salary.controller.SalaryAllocationController.addSave()','POST',1,'admin','ç ”å‘éƒ¨é—¨','/salary/allocation/add','127.0.0.1','å†…ç½‘IP','{\"name\":[\"æµ‹è¯•3\"],\"type\":[\"0\"],\"rule\":[\"2\"],\"money\":[\"1\"],\"state\":[\"1\"],\"grade\":[\"0\"]}','{\"msg\":\"æ“ä½œæˆåŠŸ\",\"code\":0}',0,NULL,'2021-07-11 19:20:51'),(437,'è–ªèµ„é…ç½®',1,'com.ruoyi.project.salary.controller.SalaryAllocationController.addSave()','POST',1,'admin','ç ”å‘éƒ¨é—¨','/salary/allocation/add','127.0.0.1','å†…ç½‘IP','{\"name\":[\"1231\"],\"type\":[\"1\"],\"rule\":[\"1\"],\"money\":[\"1231\"],\"state\":[\"1\"],\"grade\":[\"0\"]}','{\"msg\":\"æ“ä½œæˆåŠŸ\",\"code\":0}',0,NULL,'2021-07-11 19:21:08'),(438,'ç”¨æˆ·ç®¡ç†',2,'com.ruoyi.project.system.user.controller.UserController.editSave()','POST',1,'admin','ç ”å‘éƒ¨é—¨','/system/user/edit','127.0.0.1','å†…ç½‘IP','{\"userId\":[\"100\"],\"deptId\":[\"100\"],\"userName\":[\"æ±ªç»ç†\"],\"dept.deptName\":[\"è‹¥ä¾ç§‘æŠ€\"],\"phonenumber\":[\"18892012212\"],\"email\":[\"14067194@qq.com\"],\"loginName\":[\"rst_zr\"],\"sex\":[\"0\"],\"role\":[\"2\"],\"remark\":[\"\"],\"status\":[\"0\"],\"roleIds\":[\"2\"],\"postIds\":[\"1,2\"]}','{\"msg\":\"æ“ä½œæˆåŠŸ\",\"code\":0}',0,NULL,'2021-07-11 19:23:23'),(439,'ç”¨æˆ·ç®¡ç†',2,'com.ruoyi.project.system.user.controller.UserController.editSave()','POST',1,'admin','ç ”å‘éƒ¨é—¨','/system/user/edit','127.0.0.1','å†…ç½‘IP','{\"userId\":[\"100\"],\"deptId\":[\"100\"],\"userName\":[\"æ±ªç»ç†\"],\"dept.deptName\":[\"è‹¥ä¾ç§‘æŠ€\"],\"phonenumber\":[\"18892012212\"],\"email\":[\"14067194@qq.com\"],\"loginName\":[\"rst_zr\"],\"sex\":[\"0\"],\"role\":[\"2\"],\"remark\":[\"\"],\"status\":[\"0\"],\"roleIds\":[\"2\"],\"postIds\":[\"1,2\"]}','{\"msg\":\"æ“ä½œæˆåŠŸ\",\"code\":0}',0,NULL,'2021-07-11 19:23:47'),(440,'å²—ä½-è–ªèµ„é…ç½®å…³è”',1,'com.ruoyi.project.business.salaryallocation.controller.PostSalaryallocationController.addSave()','POST',1,'admin','ç ”å‘éƒ¨é—¨','/business/salaryallocation/add','127.0.0.1','å†…ç½‘IP','{\"salaryAllocationIds\":[\"1,23\"],\"postId\":[\"4\"]}','{\"msg\":\"æ“ä½œå¤±è´¥\",\"code\":500}',0,NULL,'2021-07-11 19:26:40'),(441,'å²—ä½-è–ªèµ„é…ç½®å…³è”',1,'com.ruoyi.project.business.salaryallocation.controller.PostSalaryallocationController.addSave()','POST',1,'admin','ç ”å‘éƒ¨é—¨','/business/salaryallocation/add','127.0.0.1','å†…ç½‘IP','{\"salaryAllocationIds\":[\"1,23\"],\"postId\":[\"4\"]}','{\"msg\":\"æ“ä½œå¤±è´¥\",\"code\":500}',0,NULL,'2021-07-11 19:26:43'),(442,'å²—ä½-è–ªèµ„é…ç½®å…³è”',1,'com.ruoyi.project.business.salaryallocation.controller.PostSalaryallocationController.addSave()','POST',1,'admin','ç ”å‘éƒ¨é—¨','/business/salaryallocation/add','127.0.0.1','å†…ç½‘IP','{\"salaryAllocationIds\":[\"1,22,23\"],\"postId\":[\"4\"]}','{\"msg\":\"æ“ä½œæˆåŠŸ\",\"code\":0}',0,NULL,'2021-07-11 19:27:13'),(443,'è€ƒå‹¤',1,'com.ruoyi.project.business.work.controller.CheckWorkController.addSave()','POST',1,'admin','ç ”å‘éƒ¨é—¨','/salary/work/add','127.0.0.1','å†…ç½‘IP','{\"date\":[\"2021-07-11\"],\"workTime\":[\"19:27:35\"]}','{\"msg\":\"æ“ä½œæˆåŠŸ\",\"code\":0}',0,NULL,'2021-07-11 19:27:39'),(444,'è€ƒå‹¤',1,'com.ruoyi.project.business.work.controller.CheckWorkController.addSave()','POST',1,'admin','ç ”å‘éƒ¨é—¨','/salary/work/add','127.0.0.1','å†…ç½‘IP','{\"date\":[\"2021-07-11\"],\"closeTime\":[\"19:27:45\"]}','{\"msg\":\"æ“ä½œæˆåŠŸ\",\"code\":0}',0,NULL,'2021-07-11 19:27:46'),(445,'è¯·å‡',2,'com.ruoyi.project.business.level.controller.LevelController.editSave()','POST',1,'admin','ç ”å‘éƒ¨é—¨','/business/level/edit','127.0.0.1','å†…ç½‘IP','{\"id\":[\"6\"],\"dateStart\":[\"2021-07-09\"],\"dateEnd\":[\"2021-07-10\"],\"reason\":[\"ä¸å¹²äº†\"]}','{\"msg\":\"è¯¥è¯·å‡å·²å®¡æ‰¹ï¼Œä¸å¯ä¿®æ”¹\",\"code\":500}',0,NULL,'2021-07-11 19:27:57'),(446,'è¯·å‡',1,'com.ruoyi.project.business.level.controller.LevelController.addSave()','POST',1,'admin','ç ”å‘éƒ¨é—¨','/business/level/add','127.0.0.1','å†…ç½‘IP','{\"dateStart\":[\"2021-07-12\"],\"dateEnd\":[\"2021-07-15\"],\"reason\":[\"123\"]}','{\"msg\":\"æ“ä½œæˆåŠŸ\",\"code\":0}',0,NULL,'2021-07-11 19:28:09'),(447,'å²—ä½-è–ªèµ„é…ç½®å…³è”',1,'com.ruoyi.project.business.salaryallocation.controller.PostSalaryallocationController.addSave()','POST',1,'admin','ç ”å‘éƒ¨é—¨','/business/salaryallocation/add','127.0.0.1','å†…ç½‘IP','{\"salaryAllocationIds\":[\"1,21,22,23\"],\"postId\":[\"4\"]}','{\"msg\":\"æ“ä½œæˆåŠŸ\",\"code\":0}',0,NULL,'2021-07-11 19:30:36'),(448,'ç”¨æˆ·ç®¡ç†',2,'com.ruoyi.project.system.user.controller.UserController.editSave()','POST',1,'admin','ç ”å‘éƒ¨é—¨','/system/user/edit','127.0.0.1','å†…ç½‘IP','{\"userId\":[\"100\"],\"deptId\":[\"100\"],\"userName\":[\"æ±ªç»ç†\"],\"dept.deptName\":[\"è‹¥ä¾ç§‘æŠ€\"],\"phonenumber\":[\"18892012212\"],\"email\":[\"14067194@qq.com\"],\"loginName\":[\"rst_zr\"],\"sex\":[\"0\"],\"role\":[\"2\"],\"remark\":[\"\"],\"status\":[\"0\"],\"roleIds\":[\"2\"],\"postIds\":[\"1,2\"]}','{\"msg\":\"æ“ä½œæˆåŠŸ\",\"code\":0}',0,NULL,'2021-07-11 19:32:34'),(449,'å²—ä½-è–ªèµ„é…ç½®å…³è”',1,'com.ruoyi.project.business.salaryallocation.controller.PostSalaryallocationController.addSave()','POST',1,'admin','ç ”å‘éƒ¨é—¨','/business/salaryallocation/add','127.0.0.1','å†…ç½‘IP','{\"salaryAllocationIds\":[\"1,20,21,22,23\"],\"postId\":[\"4\"]}','{\"msg\":\"æ“ä½œæˆåŠŸ\",\"code\":0}',0,NULL,'2021-07-11 19:33:07'),(450,'å²—ä½-è–ªèµ„é…ç½®å…³è”',1,'com.ruoyi.project.business.salaryallocation.controller.PostSalaryallocationController.addSave()','POST',1,'admin','ç ”å‘éƒ¨é—¨','/business/salaryallocation/add','127.0.0.1','å†…ç½‘IP','{\"salaryAllocationIds\":[\"1,19,20,21,22,23\"],\"postId\":[\"4\"]}','{\"msg\":\"æ“ä½œæˆåŠŸ\",\"code\":0}',0,NULL,'2021-07-11 19:33:29'),(451,'å²—ä½-è–ªèµ„é…ç½®å…³è”',1,'com.ruoyi.project.business.salaryallocation.controller.PostSalaryallocationController.addSave()','POST',1,'admin','ç ”å‘éƒ¨é—¨','/business/salaryallocation/add','127.0.0.1','å†…ç½‘IP','{\"salaryAllocationIds\":[\"1,18,19,20,21,22,23\"],\"postId\":[\"4\"]}','{\"msg\":\"æ“ä½œæˆåŠŸ\",\"code\":0}',0,NULL,'2021-07-11 19:34:58'),(452,'ç”¨æˆ·ç®¡ç†',2,'com.ruoyi.project.system.user.controller.UserController.editSave()','POST',1,'admin','ç ”å‘éƒ¨é—¨','/system/user/edit','127.0.0.1','å†…ç½‘IP','{\"userId\":[\"100\"],\"deptId\":[\"100\"],\"userName\":[\"æ±ªç»ç†\"],\"dept.deptName\":[\"è‹¥ä¾ç§‘æŠ€\"],\"phonenumber\":[\"18892012212\"],\"email\":[\"14067194@qq.com\"],\"loginName\":[\"rst_zr\"],\"sex\":[\"0\"],\"role\":[\"2\"],\"remark\":[\"\"],\"status\":[\"0\"],\"roleIds\":[\"2\"],\"postIds\":[\"1,2\"]}','{\"msg\":\"æ“ä½œæˆåŠŸ\",\"code\":0}',0,NULL,'2021-07-11 19:35:20'),(453,'å²—ä½-è–ªèµ„é…ç½®å…³è”',1,'com.ruoyi.project.business.salaryallocation.controller.PostSalaryallocationController.addSave()','POST',1,'admin','ç ”å‘éƒ¨é—¨','/business/salaryallocation/add','127.0.0.1','å†…ç½‘IP','{\"salaryAllocationIds\":[\"1,2,8,10,12,14,16,17,18,19\"],\"postId\":[\"1\"]}','{\"msg\":\"æ“ä½œæˆåŠŸ\",\"code\":0}',0,NULL,'2021-07-11 19:37:14'),(454,'ç”¨æˆ·ç®¡ç†',1,'com.ruoyi.project.system.user.controller.UserController.addSave()','POST',1,'admin','ç ”å‘éƒ¨é—¨','/system/user/add','127.0.0.1','å†…ç½‘IP','{\"deptId\":[\"\"],\"userName\":[\"adminq\"],\"deptName\":[\"\"],\"phonenumber\":[\"\"],\"email\":[\"\"],\"loginName\":[\"adminq\"],\"sex\":[\"0\"],\"remark\":[\"\"],\"status\":[\"0\"],\"roleIds\":[\"\"],\"postIds\":[\"\"]}','{\"msg\":\"æ“ä½œæˆåŠŸ\",\"code\":0}',0,NULL,'2021-07-11 19:39:57'),(455,'å²—ä½-è–ªèµ„é…ç½®å…³è”',1,'com.ruoyi.project.business.salaryallocation.controller.PostSalaryallocationController.addSave()','POST',1,'admin','ç ”å‘éƒ¨é—¨','/business/salaryallocation/add','127.0.0.1','å†…ç½‘IP','{\"salaryAllocationIds\":[\"1,2,8,10,12,14,16,17,18,19\"],\"postId\":[\"1\"]}','{\"msg\":\"æ“ä½œæˆåŠŸ\",\"code\":0}',0,NULL,'2021-07-11 19:45:44'),(456,'å²—ä½-è–ªèµ„é…ç½®å…³è”',1,'com.ruoyi.project.business.salaryallocation.controller.PostSalaryallocationController.addSave()','POST',1,'admin','ç ”å‘éƒ¨é—¨','/business/salaryallocation/add','127.0.0.1','å†…ç½‘IP','{\"salaryAllocationIds\":[\"1,2,8,10,12,14,16,17,18,19\"],\"postId\":[\"1\"]}','{\"msg\":\"æ“ä½œæˆåŠŸ\",\"code\":0}',0,NULL,'2021-07-11 19:47:32'),(457,'å²—ä½-è–ªèµ„é…ç½®å…³è”',1,'com.ruoyi.project.business.salaryallocation.controller.PostSalaryallocationController.addSave()','POST',1,'admin','ç ”å‘éƒ¨é—¨','/business/salaryallocation/add','127.0.0.1','å†…ç½‘IP','{\"salaryAllocationIds\":[\"1,2,8,9,10,12,13,14,16,17,18,19\"],\"postId\":[\"1\"]}','{\"msg\":\"æ“ä½œæˆåŠŸ\",\"code\":0}',0,NULL,'2021-07-11 19:47:40'),(458,'å²—ä½-è–ªèµ„é…ç½®å…³è”',1,'com.ruoyi.project.business.salaryallocation.controller.PostSalaryallocationController.addSave()','POST',1,'admin','ç ”å‘éƒ¨é—¨','/business/salaryallocation/add','127.0.0.1','å†…ç½‘IP','{\"salaryAllocationIds\":[\"8\"],\"postId\":[\"3\"]}','{\"msg\":\"æ“ä½œæˆåŠŸ\",\"code\":0}',0,NULL,'2021-07-11 19:48:10'),(459,'å²—ä½-è–ªèµ„é…ç½®å…³è”',1,'com.ruoyi.project.business.salaryallocation.controller.PostSalaryallocationController.addSave()','POST',1,'admin','ç ”å‘éƒ¨é—¨','/business/salaryallocation/add','127.0.0.1','å†…ç½‘IP','{\"salaryAllocationIds\":[\"8,13\"],\"postId\":[\"3\"]}','{\"msg\":\"æ“ä½œæˆåŠŸ\",\"code\":0}',0,NULL,'2021-07-11 21:07:45'),(460,'å²—ä½-è–ªèµ„é…ç½®å…³è”',1,'com.ruoyi.project.business.salaryallocation.controller.PostSalaryallocationController.addSave()','POST',1,'admin','ç ”å‘éƒ¨é—¨','/business/salaryallocation/add','127.0.0.1','å†…ç½‘IP','{\"salaryAllocationIds\":[\"1,17,18,19,20,21,22,23\"],\"postId\":[\"4\"]}','{\"msg\":\"æ“ä½œæˆåŠŸ\",\"code\":0}',0,NULL,'2021-07-12 20:09:29'),(461,'å²—ä½-è–ªèµ„é…ç½®å…³è”',1,'com.ruoyi.project.business.salaryallocation.controller.PostSalaryallocationController.addSave()','POST',1,'admin','ç ”å‘éƒ¨é—¨','/business/salaryallocation/add','127.0.0.1','å†…ç½‘IP','{\"salaryAllocationIds\":[\"1,2,8,9,10,12,13,14,16,17,18,19,20\"],\"postId\":[\"1\"]}','{\"msg\":\"æ“ä½œæˆåŠŸ\",\"code\":0}',0,NULL,'2021-07-12 20:12:15'),(462,'å²—ä½-è–ªèµ„é…ç½®å…³è”',1,'com.ruoyi.project.business.salaryallocation.controller.PostSalaryallocationController.addSave()','POST',1,'admin','ç ”å‘éƒ¨é—¨','/business/salaryallocation/add','127.0.0.1','å†…ç½‘IP','{\"salaryAllocationIds\":[\"1,2,8,9,10,12,13,14,16,17,18,19,20,21\"],\"postId\":[\"1\"]}','{\"msg\":\"æ“ä½œæˆåŠŸ\",\"code\":0}',0,NULL,'2021-07-12 20:12:28'),(463,'ä»£ç ç”Ÿæˆ',6,'com.ruoyi.project.tool.gen.controller.GenController.importTableSave()','POST',1,'admin','ç ”å‘éƒ¨é—¨','/tool/gen/importTable','127.0.0.1','å†…ç½‘IP','{\"tables\":[\"tbl_account_detail,tbl_account\"]}','{\"msg\":\"æ“ä½œæˆåŠŸ\",\"code\":0}',0,NULL,'2021-07-12 20:26:05'),(464,'ä»£ç ç”Ÿæˆ',2,'com.ruoyi.project.tool.gen.controller.GenController.editSave()','POST',1,'admin','ç ”å‘éƒ¨é—¨','/tool/gen/edit','127.0.0.1','å†…ç½‘IP','{\"tableId\":[\"18\"],\"tableName\":[\"tbl_account_detail\"],\"tableComment\":[\"å·¥èµ„æ ¸ç®—è¡¨-è¯¦æƒ…\"],\"className\":[\"AccountDetail\"],\"functionAuthor\":[\"au\"],\"remark\":[\"\"],\"columns[0].columnId\":[\"77\"],\"columns[0].sort\":[\"1\"],\"columns[0].columnComment\":[\"ä¸»é”®\"],\"columns[0].javaType\":[\"Long\"],\"columns[0].javaField\":[\"id\"],\"columns[0].isInsert\":[\"1\"],\"columns[0].queryType\":[\"EQ\"],\"columns[0].htmlType\":[\"input\"],\"columns[0].dictType\":[\"\"],\"columns[1].columnId\":[\"78\"],\"columns[1].sort\":[\"2\"],\"columns[1].columnComment\":[\"å…³è”è¡¨id\"],\"columns[1].javaType\":[\"Long\"],\"columns[1].javaField\":[\"accountId\"],\"columns[1].isInsert\":[\"1\"],\"columns[1].isEdit\":[\"1\"],\"columns[1].isList\":[\"1\"],\"columns[1].isQuery\":[\"1\"],\"columns[1].queryType\":[\"EQ\"],\"columns[1].htmlType\":[\"input\"],\"columns[1].dictType\":[\"\"],\"columns[2].columnId\":[\"79\"],\"columns[2].sort\":[\"3\"],\"columns[2].columnComment\":[\"é¡¹ç›®id\"],\"columns[2].javaType\":[\"Long\"],\"columns[2].javaField\":[\"allocationId\"],\"columns[2].isInsert\":[\"1\"],\"columns[2].isEdit\":[\"1\"],\"columns[2].isList\":[\"1\"],\"columns[2].isQuery\":[\"1\"],\"columns[2].queryType\":[\"EQ\"],\"columns[2].htmlType\":[\"input\"],\"columns[2].dictType\":[\"\"],\"columns[3].columnId\":[\"80\"],\"columns[3].sort\":[\"4\"],\"columns[3].columnComment\":[\"é¡¹ç›®åç§°\"],\"columns[3].javaType\":[\"String\"],\"columns[3].javaField\":[\"allocationName\"],\"columns[3].isInsert\":[\"1\"],\"columns[3].isEdit\":[\"1\"],\"columns[3].isList\":[\"1\"],\"columns[3].isQuery\":[\"1\"],\"columns[3].queryType\":[\"LIKE\"],\"columns[3].htmlType\":[\"input\"],\"columns[3].dictType\":[\"\"],\"columns[4].columnId\":[\"81\"],\"columns[4].sort\":[\"5\"],\"columns[4].columnComment\":[\"è®¡ç®—è§„åˆ™\"],\"columns[4].javaType\":[\"String\"],\"columns[4].javaField\":[\"type\"],\"columns[4].isInsert\":[\"1\"],\"columns[4].isEdit\":[\"1\"],\"columns[4].isList\":[\"1\"],\"columns[4].isQuery\":[\"1\"],\"columns[4].queryType\":[\"EQ\"],\"columns[4].htmlType\":[\"select\"],\"columns[4].dictType\":[\"\"],\"columns[5].columnId\":[\"82\"],\"columns[5].sort\":[\"6\"],\"columns[5].columnComment\":[\"æ¶‰åŠé‡‘é¢\"],\"columns[5].javaType\":[\"Long\"],\"columns[5].javaField\":[\"money\"],\"columns[5','{\"msg\":\"æ“ä½œæˆåŠŸ\",\"code\":0}',0,NULL,'2021-07-12 20:26:51'),(465,'ä»£ç ç”Ÿæˆ',2,'com.ruoyi.project.tool.gen.controller.GenController.editSave()','POST',1,'admin','ç ”å‘éƒ¨é—¨','/tool/gen/edit','127.0.0.1','å†…ç½‘IP','{\"tableId\":[\"17\"],\"tableName\":[\"tbl_account\"],\"tableComment\":[\"å·¥èµ„æ ¸ç®—è¡¨\"],\"className\":[\"Account\"],\"functionAuthor\":[\"au\"],\"remark\":[\"\"],\"columns[0].columnId\":[\"67\"],\"columns[0].sort\":[\"1\"],\"columns[0].columnComment\":[\"ä¸»é”®\"],\"columns[0].javaType\":[\"Long\"],\"columns[0].javaField\":[\"id\"],\"columns[0].isInsert\":[\"1\"],\"columns[0].queryType\":[\"EQ\"],\"columns[0].htmlType\":[\"input\"],\"columns[0].dictType\":[\"\"],\"columns[1].columnId\":[\"68\"],\"columns[1].sort\":[\"2\"],\"columns[1].columnComment\":[\"å‘˜å·¥id\"],\"columns[1].javaType\":[\"Long\"],\"columns[1].javaField\":[\"userId\"],\"columns[1].isInsert\":[\"1\"],\"columns[1].isEdit\":[\"1\"],\"columns[1].isList\":[\"1\"],\"columns[1].isQuery\":[\"1\"],\"columns[1].queryType\":[\"EQ\"],\"columns[1].htmlType\":[\"input\"],\"columns[1].dictType\":[\"\"],\"columns[2].columnId\":[\"69\"],\"columns[2].sort\":[\"3\"],\"columns[2].columnComment\":[\"å‘˜å·¥å§“å\"],\"columns[2].javaType\":[\"String\"],\"columns[2].javaField\":[\"userName\"],\"columns[2].isInsert\":[\"1\"],\"columns[2].isEdit\":[\"1\"],\"columns[2].isList\":[\"1\"],\"columns[2].isQuery\":[\"1\"],\"columns[2].queryType\":[\"LIKE\"],\"columns[2].htmlType\":[\"input\"],\"columns[2].dictType\":[\"\"],\"columns[3].columnId\":[\"70\"],\"columns[3].sort\":[\"4\"],\"columns[3].columnComment\":[\"å²—ä½id\"],\"columns[3].javaType\":[\"Long\"],\"columns[3].javaField\":[\"portId\"],\"columns[3].isInsert\":[\"1\"],\"columns[3].isEdit\":[\"1\"],\"columns[3].isList\":[\"1\"],\"columns[3].isQuery\":[\"1\"],\"columns[3].queryType\":[\"EQ\"],\"columns[3].htmlType\":[\"input\"],\"columns[3].dictType\":[\"\"],\"columns[4].columnId\":[\"71\"],\"columns[4].sort\":[\"5\"],\"columns[4].columnComment\":[\"å²—ä½åç§°\"],\"columns[4].javaType\":[\"String\"],\"columns[4].javaField\":[\"portName\"],\"columns[4].isInsert\":[\"1\"],\"columns[4].isEdit\":[\"1\"],\"columns[4].isList\":[\"1\"],\"columns[4].isQuery\":[\"1\"],\"columns[4].queryType\":[\"LIKE\"],\"columns[4].htmlType\":[\"input\"],\"columns[4].dictType\":[\"\"],\"columns[5].columnId\":[\"72\"],\"columns[5].sort\":[\"6\"],\"columns[5].columnComment\":[\"æ ¸ç®—æœˆä»½\"],\"columns[5].javaType\":[\"String\"],\"columns[5].javaField\":[\"date\"],\"columns[5].isInsert\":[\"1\"],\"columns','{\"msg\":\"æ“ä½œæˆåŠŸ\",\"code\":0}',0,NULL,'2021-07-12 20:27:49'),(466,'ä»£ç ç”Ÿæˆ',8,'com.ruoyi.project.tool.gen.controller.GenController.download()','GET',1,'admin','ç ”å‘éƒ¨é—¨','/tool/gen/download/tbl_account','127.0.0.1','å†…ç½‘IP','\"tbl_account\"',NULL,0,NULL,'2021-07-12 20:27:56'),(467,'ä»£ç ç”Ÿæˆ',8,'com.ruoyi.project.tool.gen.controller.GenController.download()','GET',1,'admin','ç ”å‘éƒ¨é—¨','/tool/gen/download/tbl_account_detail','127.0.0.1','å†…ç½‘IP','\"tbl_account_detail\"',NULL,0,NULL,'2021-07-12 20:28:10'),(468,'èœå•ç®¡ç†',1,'com.ruoyi.project.system.menu.controller.MenuController.addSave()','POST',1,'admin','ç ”å‘éƒ¨é—¨','/system/menu/add','127.0.0.1','å†…ç½‘IP','{\"parentId\":[\"2001\"],\"menuType\":[\"C\"],\"menuName\":[\"è–ªèµ„æ ¸ç®—\"],\"url\":[\"/business/account\"],\"target\":[\"menuItem\"],\"perms\":[\"business:account:view\"],\"orderNum\":[\"3\"],\"icon\":[\"\"],\"visible\":[\"0\"],\"isRefresh\":[\"1\"]}','{\"msg\":\"æ“ä½œæˆåŠŸ\",\"code\":0}',0,NULL,'2021-07-12 20:32:00'),(469,'ä»£ç ç”Ÿæˆ',2,'com.ruoyi.project.tool.gen.controller.GenController.editSave()','POST',1,'admin','ç ”å‘éƒ¨é—¨','/tool/gen/edit','127.0.0.1','å†…ç½‘IP','{\"tableId\":[\"17\"],\"tableName\":[\"tbl_account\"],\"tableComment\":[\"å·¥èµ„æ ¸ç®—è¡¨\"],\"className\":[\"Account\"],\"functionAuthor\":[\"au\"],\"remark\":[\"\"],\"columns[0].columnId\":[\"67\"],\"columns[0].sort\":[\"1\"],\"columns[0].columnComment\":[\"ä¸»é”®\"],\"columns[0].javaType\":[\"Long\"],\"columns[0].javaField\":[\"id\"],\"columns[0].isInsert\":[\"1\"],\"columns[0].queryType\":[\"EQ\"],\"columns[0].htmlType\":[\"input\"],\"columns[0].dictType\":[\"\"],\"columns[1].columnId\":[\"68\"],\"columns[1].sort\":[\"2\"],\"columns[1].columnComment\":[\"å‘˜å·¥id\"],\"columns[1].javaType\":[\"Long\"],\"columns[1].javaField\":[\"userId\"],\"columns[1].isInsert\":[\"1\"],\"columns[1].isEdit\":[\"1\"],\"columns[1].isList\":[\"1\"],\"columns[1].isQuery\":[\"1\"],\"columns[1].queryType\":[\"EQ\"],\"columns[1].htmlType\":[\"input\"],\"columns[1].dictType\":[\"\"],\"columns[2].columnId\":[\"69\"],\"columns[2].sort\":[\"3\"],\"columns[2].columnComment\":[\"å‘˜å·¥å§“å\"],\"columns[2].javaType\":[\"String\"],\"columns[2].javaField\":[\"userName\"],\"columns[2].isInsert\":[\"1\"],\"columns[2].isEdit\":[\"1\"],\"columns[2].isList\":[\"1\"],\"columns[2].isQuery\":[\"1\"],\"columns[2].queryType\":[\"LIKE\"],\"columns[2].htmlType\":[\"input\"],\"columns[2].dictType\":[\"\"],\"columns[3].columnId\":[\"70\"],\"columns[3].sort\":[\"4\"],\"columns[3].columnComment\":[\"å²—ä½id\"],\"columns[3].javaType\":[\"Long\"],\"columns[3].javaField\":[\"portId\"],\"columns[3].isInsert\":[\"1\"],\"columns[3].isEdit\":[\"1\"],\"columns[3].isList\":[\"1\"],\"columns[3].isQuery\":[\"1\"],\"columns[3].queryType\":[\"EQ\"],\"columns[3].htmlType\":[\"input\"],\"columns[3].dictType\":[\"\"],\"columns[4].columnId\":[\"71\"],\"columns[4].sort\":[\"5\"],\"columns[4].columnComment\":[\"å²—ä½åç§°\"],\"columns[4].javaType\":[\"String\"],\"columns[4].javaField\":[\"portName\"],\"columns[4].isInsert\":[\"1\"],\"columns[4].isEdit\":[\"1\"],\"columns[4].isList\":[\"1\"],\"columns[4].isQuery\":[\"1\"],\"columns[4].queryType\":[\"LIKE\"],\"columns[4].htmlType\":[\"input\"],\"columns[4].dictType\":[\"\"],\"columns[5].columnId\":[\"72\"],\"columns[5].sort\":[\"6\"],\"columns[5].columnComment\":[\"æ ¸ç®—æœˆä»½\"],\"columns[5].javaType\":[\"String\"],\"columns[5].javaField\":[\"date\"],\"columns[5].isInsert\":[\"1\"],\"columns','{\"msg\":\"æ“ä½œæˆåŠŸ\",\"code\":0}',0,NULL,'2021-07-12 20:39:30'),(470,'ä»£ç ç”Ÿæˆ',8,'com.ruoyi.project.tool.gen.controller.GenController.download()','GET',1,'admin','ç ”å‘éƒ¨é—¨','/tool/gen/download/tbl_account','127.0.0.1','å†…ç½‘IP','\"tbl_account\"',NULL,0,NULL,'2021-07-12 20:39:32'),(471,'å·¥èµ„æ ¸ç®—',1,'com.ruoyi.project.business.account.controller.AccountController.addSave()','POST',1,'admin','ç ”å‘éƒ¨é—¨','/business/account/add','127.0.0.1','å†…ç½‘IP','{\"date\":[\"2021-07-12\"]}',NULL,1,'\r\n### Error updating database.  Cause: java.sql.SQLException: Field \'id\' doesn\'t have a default value\r\n### The error may exist in file [E:\\æ¯•è®¾\\è–ªèµ„ç®¡ç†ç³»ç»Ÿ\\salary-management-system\\target\\classes\\mybatis\\business\\AccountMapper.xml]\r\n### The error may involve com.ruoyi.project.business.account.mapper.AccountMapper.insertAccount-Inline\r\n### The error occurred while setting parameters\r\n### SQL: insert into tbl_account          ( date,                                                    create_time )           values ( ?,                                                    ? )\r\n### Cause: java.sql.SQLException: Field \'id\' doesn\'t have a default value\n; Field \'id\' doesn\'t have a default value; nested exception is java.sql.SQLException: Field \'id\' doesn\'t have a default value','2021-07-12 20:42:26'),(472,'å·¥èµ„æ ¸ç®—',1,'com.ruoyi.project.business.account.controller.AccountController.addSave()','POST',1,'admin','ç ”å‘éƒ¨é—¨','/business/account/add','127.0.0.1','å†…ç½‘IP','{\"date\":[\"2021-07-12\"]}',NULL,1,'\r\n### Error updating database.  Cause: java.sql.SQLException: Field \'id\' doesn\'t have a default value\r\n### The error may exist in file [E:\\æ¯•è®¾\\è–ªèµ„ç®¡ç†ç³»ç»Ÿ\\salary-management-system\\target\\classes\\mybatis\\business\\AccountMapper.xml]\r\n### The error may involve com.ruoyi.project.business.account.mapper.AccountMapper.insertAccount-Inline\r\n### The error occurred while setting parameters\r\n### SQL: insert into tbl_account          ( date,                                                    create_time )           values ( ?,                                                    ? )\r\n### Cause: java.sql.SQLException: Field \'id\' doesn\'t have a default value\n; Field \'id\' doesn\'t have a default value; nested exception is java.sql.SQLException: Field \'id\' doesn\'t have a default value','2021-07-12 20:42:29'),(473,'å·¥èµ„æ ¸ç®—',1,'com.ruoyi.project.business.account.controller.AccountController.addSave()','POST',1,'admin','ç ”å‘éƒ¨é—¨','/business/account/add','127.0.0.1','å†…ç½‘IP','{\"date\":[\"2021-07-12\"]}',NULL,1,'\r\n### Error updating database.  Cause: java.sql.SQLException: Field \'id\' doesn\'t have a default value\r\n### The error may exist in file [E:\\æ¯•è®¾\\è–ªèµ„ç®¡ç†ç³»ç»Ÿ\\salary-management-system\\target\\classes\\mybatis\\business\\AccountMapper.xml]\r\n### The error may involve com.ruoyi.project.business.account.mapper.AccountMapper.insertAccount-Inline\r\n### The error occurred while setting parameters\r\n### SQL: insert into tbl_account          ( date,                                                    create_time )           values ( ?,                                                    ? )\r\n### Cause: java.sql.SQLException: Field \'id\' doesn\'t have a default value\n; Field \'id\' doesn\'t have a default value; nested exception is java.sql.SQLException: Field \'id\' doesn\'t have a default value','2021-07-12 20:42:45'),(474,'å·¥èµ„æ ¸ç®—',1,'com.ruoyi.project.business.account.controller.AccountController.addSave()','POST',1,'admin','ç ”å‘éƒ¨é—¨','/business/account/add','127.0.0.1','å†…ç½‘IP','{\"date\":[\"2021-07-12\"]}','{\"msg\":\"æ“ä½œæˆåŠŸ\",\"code\":0}',0,NULL,'2021-07-12 20:43:12'),(475,'å·¥èµ„æ ¸ç®—',1,'com.ruoyi.project.business.account.controller.AccountController.addSave()','POST',1,'admin','ç ”å‘éƒ¨é—¨','/business/account/add','127.0.0.1','å†…ç½‘IP','{\"date\":[\"\"]}','{\"msg\":\"æœ¬æœˆè–ªèµ„å·²æ ¸ç®—ï¼Œé‡æ–°æ ¸ç®—è¯·å…ˆåˆ é™¤æ‰€æœ‰æ ¸ç®—æ•°æ®\",\"code\":500}',0,NULL,'2021-07-12 20:48:16'),(476,'å·¥èµ„æ ¸ç®—',1,'com.ruoyi.project.business.account.controller.AccountController.addSave()','POST',1,'admin','ç ”å‘éƒ¨é—¨','/business/account/add','127.0.0.1','å†…ç½‘IP','{\"date\":[\"\"]}','{\"msg\":\"æœ¬æœˆè–ªèµ„å·²æ ¸ç®—ï¼Œé‡æ–°æ ¸ç®—è¯·å…ˆåˆ é™¤æ‰€æœ‰æ ¸ç®—æ•°æ®\",\"code\":500}',0,NULL,'2021-07-12 20:48:18'),(477,'å·¥èµ„æ ¸ç®—',1,'com.ruoyi.project.business.account.controller.AccountController.addSave()','POST',1,'admin','ç ”å‘éƒ¨é—¨','/business/account/add','127.0.0.1','å†…ç½‘IP','{\"date\":[\"2021-07-12\"]}','{\"msg\":\"æœ¬æœˆè–ªèµ„å·²æ ¸ç®—ï¼Œé‡æ–°æ ¸ç®—è¯·å…ˆåˆ é™¤æ‰€æœ‰æ ¸ç®—æ•°æ®\",\"code\":500}',0,NULL,'2021-07-12 20:48:24'),(478,'å·¥èµ„æ ¸ç®—',3,'com.ruoyi.project.business.account.controller.AccountController.remove()','POST',1,'admin','ç ”å‘éƒ¨é—¨','/business/account/remove','127.0.0.1','å†…ç½‘IP','{\"ids\":[\"1\"]}','{\"msg\":\"æ“ä½œæˆåŠŸ\",\"code\":0}',0,NULL,'2021-07-12 20:48:29'),(479,'å·¥èµ„æ ¸ç®—',1,'com.ruoyi.project.business.account.controller.AccountController.addSave()','POST',1,'admin','ç ”å‘éƒ¨é—¨','/business/account/add','127.0.0.1','å†…ç½‘IP','{\"date\":[\"2021-07-12\"]}','{\"msg\":\"æ“ä½œæˆåŠŸ\",\"code\":0}',0,NULL,'2021-07-12 20:48:33'),(480,'å·¥èµ„æ ¸ç®—',3,'com.ruoyi.project.business.account.controller.AccountController.remove()','POST',1,'admin','ç ”å‘éƒ¨é—¨','/business/account/remove','127.0.0.1','å†…ç½‘IP','{\"ids\":[\"2\"]}','{\"msg\":\"æ“ä½œæˆåŠŸ\",\"code\":0}',0,NULL,'2021-07-12 20:48:35'),(481,'ç”¨æˆ·ç®¡ç†',2,'com.ruoyi.project.system.user.controller.UserController.editSave()','POST',1,'admin','ç ”å‘éƒ¨é—¨','/system/user/edit','127.0.0.1','å†…ç½‘IP','{\"userId\":[\"101\"],\"deptId\":[\"\"],\"userName\":[\"adminq\"],\"dept.deptName\":[\"\"],\"phonenumber\":[\"\"],\"email\":[\"\"],\"loginName\":[\"adminq\"],\"sex\":[\"0\"],\"role\":[\"2\"],\"remark\":[\"\"],\"status\":[\"0\"],\"roleIds\":[\"2\"],\"postIds\":[\"1\"]}','{\"msg\":\"æ“ä½œæˆåŠŸ\",\"code\":0}',0,NULL,'2021-07-12 20:49:48'),(482,'ç”¨æˆ·ç®¡ç†',2,'com.ruoyi.project.system.user.controller.UserController.editSave()','POST',1,'admin','ç ”å‘éƒ¨é—¨','/system/user/edit','127.0.0.1','å†…ç½‘IP','{\"userId\":[\"2\"],\"deptId\":[\"105\"],\"userName\":[\"è‹¥ä¾\"],\"dept.deptName\":[\"æµ‹è¯•éƒ¨é—¨\"],\"phonenumber\":[\"15666666666\"],\"email\":[\"ry@qq.com\"],\"loginName\":[\"ry\"],\"sex\":[\"1\"],\"role\":[\"2\"],\"remark\":[\"æµ‹è¯•å‘˜\"],\"status\":[\"0\"],\"roleIds\":[\"2\"],\"postIds\":[\"2\"]}','{\"msg\":\"æ“ä½œæˆåŠŸ\",\"code\":0}',0,NULL,'2021-07-12 20:50:07'),(483,'ç”¨æˆ·ç®¡ç†',2,'com.ruoyi.project.system.user.controller.UserController.editSave()','POST',1,'admin','ç ”å‘éƒ¨é—¨','/system/user/edit','127.0.0.1','å†…ç½‘IP','{\"userId\":[\"100\"],\"deptId\":[\"100\"],\"userName\":[\"æ±ªç»ç†\"],\"dept.deptName\":[\"è‹¥ä¾ç§‘æŠ€\"],\"phonenumber\":[\"18892012212\"],\"email\":[\"14067194@qq.com\"],\"loginName\":[\"rst_zr\"],\"sex\":[\"0\"],\"role\":[\"2\"],\"remark\":[\"\"],\"status\":[\"0\"],\"roleIds\":[\"2\"],\"postIds\":[\"4\"]}','{\"msg\":\"æ“ä½œæˆåŠŸ\",\"code\":0}',0,NULL,'2021-07-12 20:50:14'),(484,'å·¥èµ„æ ¸ç®—',1,'com.ruoyi.project.business.account.controller.AccountController.addSave()','POST',1,'admin','ç ”å‘éƒ¨é—¨','/business/account/add','127.0.0.1','å†…ç½‘IP','{\"date\":[\"2021-07-12\"]}',NULL,1,'nested exception is org.apache.ibatis.exceptions.PersistenceException: \r\n### Error querying database.  Cause: java.lang.IllegalArgumentException: invalid comparison: java.util.Date and java.lang.String\r\n### Cause: java.lang.IllegalArgumentException: invalid comparison: java.util.Date and java.lang.String','2021-07-12 21:42:40'),(485,'å·¥èµ„æ ¸ç®—',1,'com.ruoyi.project.business.account.controller.AccountController.addSave()','POST',1,'admin','ç ”å‘éƒ¨é—¨','/business/account/add','127.0.0.1','å†…ç½‘IP','{\"date\":[\"2021-07-12\"]}','{\"msg\":\"æœ¬æœˆè–ªèµ„å·²æ ¸ç®—ï¼Œé‡æ–°æ ¸ç®—è¯·å…ˆåˆ é™¤æ‰€æœ‰æ ¸ç®—æ•°æ®\",\"code\":500}',0,NULL,'2021-07-12 21:43:32'),(486,'å·¥èµ„æ ¸ç®—',3,'com.ruoyi.project.business.account.controller.AccountController.remove()','POST',1,'admin','ç ”å‘éƒ¨é—¨','/business/account/remove','127.0.0.1','å†…ç½‘IP','{\"ids\":[\"3\"]}','{\"msg\":\"æ“ä½œæˆåŠŸ\",\"code\":0}',0,NULL,'2021-07-12 21:55:08'),(487,'å·¥èµ„æ ¸ç®—',1,'com.ruoyi.project.business.account.controller.AccountController.addSave()','POST',1,'admin','ç ”å‘éƒ¨é—¨','/business/account/add','127.0.0.1','å†…ç½‘IP','{\"date\":[\"2021-07-12\"]}',NULL,1,'nested exception is org.apache.ibatis.exceptions.PersistenceException: \r\n### Error querying database.  Cause: java.lang.IllegalArgumentException: invalid comparison: java.util.Date and java.lang.String\r\n### Cause: java.lang.IllegalArgumentException: invalid comparison: java.util.Date and java.lang.String','2021-07-12 21:55:33'),(488,'å·¥èµ„æ ¸ç®—',3,'com.ruoyi.project.business.account.controller.AccountController.remove()','POST',1,'admin','ç ”å‘éƒ¨é—¨','/business/account/remove','127.0.0.1','å†…ç½‘IP','{\"ids\":[\"1\"]}','{\"msg\":\"æ“ä½œæˆåŠŸ\",\"code\":0}',0,NULL,'2021-07-12 21:56:32'),(489,'å·¥èµ„æ ¸ç®—',3,'com.ruoyi.project.business.account.controller.AccountController.remove()','POST',1,'admin','ç ”å‘éƒ¨é—¨','/business/account/remove','127.0.0.1','å†…ç½‘IP','{\"ids\":[\"5\"]}','{\"msg\":\"æ“ä½œæˆåŠŸ\",\"code\":0}',0,NULL,'2021-07-12 21:57:10'),(490,'å·¥èµ„æ ¸ç®—',1,'com.ruoyi.project.business.account.controller.AccountController.addSave()','POST',1,'admin','ç ”å‘éƒ¨é—¨','/business/account/add','127.0.0.1','å†…ç½‘IP','{\"date\":[\"2021-07-12\"]}',NULL,1,'nested exception is org.apache.ibatis.exceptions.PersistenceException: \r\n### Error querying database.  Cause: java.lang.IllegalArgumentException: invalid comparison: java.util.Date and java.lang.String\r\n### Cause: java.lang.IllegalArgumentException: invalid comparison: java.util.Date and java.lang.String','2021-07-12 21:57:29'),(491,'å·¥èµ„æ ¸ç®—',1,'com.ruoyi.project.business.account.controller.AccountController.addSave()','POST',1,'admin','ç ”å‘éƒ¨é—¨','/business/account/add','127.0.0.1','å†…ç½‘IP','{\"date\":[\"2021-07-12\"]}',NULL,1,'nested exception is org.apache.ibatis.exceptions.PersistenceException: \r\n### Error querying database.  Cause: java.lang.IllegalArgumentException: invalid comparison: java.util.Date and java.lang.String\r\n### Cause: java.lang.IllegalArgumentException: invalid comparison: java.util.Date and java.lang.String','2021-07-12 22:01:21'),(492,'å·¥èµ„æ ¸ç®—',1,'com.ruoyi.project.business.account.controller.AccountController.addSave()','POST',1,'admin','ç ”å‘éƒ¨é—¨','/business/account/add','127.0.0.1','å†…ç½‘IP','{\"date\":[\"2021-07-12\"]}','{\"msg\":\"æ“ä½œæˆåŠŸ\",\"code\":0}',0,NULL,'2021-07-12 22:02:20'),(493,'å·¥èµ„æ ¸ç®—',3,'com.ruoyi.project.business.account.controller.AccountController.remove()','POST',1,'admin','ç ”å‘éƒ¨é—¨','/business/account/remove','127.0.0.1','å†…ç½‘IP','{\"ids\":[\"8\"]}','{\"msg\":\"æ“ä½œæˆåŠŸ\",\"code\":0}',0,NULL,'2021-07-12 22:02:59'),(494,'å·¥èµ„æ ¸ç®—',3,'com.ruoyi.project.business.account.controller.AccountController.remove()','POST',1,'admin','ç ”å‘éƒ¨é—¨','/business/account/remove','127.0.0.1','å†…ç½‘IP','{\"ids\":[\"9\"]}','{\"msg\":\"æ“ä½œæˆåŠŸ\",\"code\":0}',0,NULL,'2021-07-12 22:03:02'),(495,'å·¥èµ„æ ¸ç®—',3,'com.ruoyi.project.business.account.controller.AccountController.remove()','POST',1,'admin','ç ”å‘éƒ¨é—¨','/business/account/remove','127.0.0.1','å†…ç½‘IP','{\"ids\":[\"10\"]}','{\"msg\":\"æ“ä½œæˆåŠŸ\",\"code\":0}',0,NULL,'2021-07-12 22:03:04'),(496,'å·¥èµ„æ ¸ç®—',3,'com.ruoyi.project.business.account.controller.AccountController.remove()','POST',1,'admin','ç ”å‘éƒ¨é—¨','/business/account/remove','127.0.0.1','å†…ç½‘IP','{\"ids\":[\"11\"]}','{\"msg\":\"æ“ä½œæˆåŠŸ\",\"code\":0}',0,NULL,'2021-07-12 22:03:06'),(497,'å·¥èµ„æ ¸ç®—',1,'com.ruoyi.project.business.account.controller.AccountController.addSave()','POST',1,'admin','ç ”å‘éƒ¨é—¨','/business/account/add','127.0.0.1','å†…ç½‘IP','{\"date\":[\"\"]}','{\"msg\":\"æ“ä½œæˆåŠŸ\",\"code\":0}',0,NULL,'2021-07-12 22:03:32'),(498,'å·¥èµ„æ ¸ç®—',3,'com.ruoyi.project.business.account.controller.AccountController.remove()','POST',1,'admin','ç ”å‘éƒ¨é—¨','/business/account/remove','127.0.0.1','å†…ç½‘IP','{\"ids\":[\"12\"]}','{\"msg\":\"æ“ä½œæˆåŠŸ\",\"code\":0}',0,NULL,'2021-07-12 22:03:36'),(499,'å·¥èµ„æ ¸ç®—',3,'com.ruoyi.project.business.account.controller.AccountController.remove()','POST',1,'admin','ç ”å‘éƒ¨é—¨','/business/account/remove','127.0.0.1','å†…ç½‘IP','{\"ids\":[\"13\"]}','{\"msg\":\"æ“ä½œæˆåŠŸ\",\"code\":0}',0,NULL,'2021-07-12 22:03:38'),(500,'å·¥èµ„æ ¸ç®—',3,'com.ruoyi.project.business.account.controller.AccountController.remove()','POST',1,'admin','ç ”å‘éƒ¨é—¨','/business/account/remove','127.0.0.1','å†…ç½‘IP','{\"ids\":[\"14\"]}','{\"msg\":\"æ“ä½œæˆåŠŸ\",\"code\":0}',0,NULL,'2021-07-12 22:03:39'),(501,'å·¥èµ„æ ¸ç®—',3,'com.ruoyi.project.business.account.controller.AccountController.remove()','POST',1,'admin','ç ”å‘éƒ¨é—¨','/business/account/remove','127.0.0.1','å†…ç½‘IP','{\"ids\":[\"15\"]}','{\"msg\":\"æ“ä½œæˆåŠŸ\",\"code\":0}',0,NULL,'2021-07-12 22:03:40'),(502,'å·¥èµ„æ ¸ç®—',1,'com.ruoyi.project.business.account.controller.AccountController.addSave()','POST',1,'admin','ç ”å‘éƒ¨é—¨','/business/account/add','127.0.0.1','å†…ç½‘IP','{\"date\":[\"2021-07-12\"]}','{\"msg\":\"æ“ä½œæˆåŠŸ\",\"code\":0}',0,NULL,'2021-07-12 22:11:58'),(503,'å·¥èµ„æ ¸ç®—',3,'com.ruoyi.project.business.account.controller.AccountController.remove()','POST',1,'admin','ç ”å‘éƒ¨é—¨','/business/account/remove','127.0.0.1','å†…ç½‘IP','{\"ids\":[\"16\"]}','{\"msg\":\"æ“ä½œæˆåŠŸ\",\"code\":0}',0,NULL,'2021-07-12 22:13:40'),(504,'å·¥èµ„æ ¸ç®—',3,'com.ruoyi.project.business.account.controller.AccountController.remove()','POST',1,'admin','ç ”å‘éƒ¨é—¨','/business/account/remove','127.0.0.1','å†…ç½‘IP','{\"ids\":[\"17\"]}','{\"msg\":\"æ“ä½œæˆåŠŸ\",\"code\":0}',0,NULL,'2021-07-12 22:13:41'),(505,'å·¥èµ„æ ¸ç®—',3,'com.ruoyi.project.business.account.controller.AccountController.remove()','POST',1,'admin','ç ”å‘éƒ¨é—¨','/business/account/remove','127.0.0.1','å†…ç½‘IP','{\"ids\":[\"18\"]}','{\"msg\":\"æ“ä½œæˆåŠŸ\",\"code\":0}',0,NULL,'2021-07-12 22:13:44'),(506,'å·¥èµ„æ ¸ç®—',3,'com.ruoyi.project.business.account.controller.AccountController.remove()','POST',1,'admin','ç ”å‘éƒ¨é—¨','/business/account/remove','127.0.0.1','å†…ç½‘IP','{\"ids\":[\"19\"]}','{\"msg\":\"æ“ä½œæˆåŠŸ\",\"code\":0}',0,NULL,'2021-07-12 22:13:46'),(507,'å·¥èµ„æ ¸ç®—',1,'com.ruoyi.project.business.account.controller.AccountController.addSave()','POST',1,'admin','ç ”å‘éƒ¨é—¨','/business/account/add','127.0.0.1','å†…ç½‘IP','{\"date\":[\"2021-07-12\"]}','{\"msg\":\"æ“ä½œæˆåŠŸ\",\"code\":0}',0,NULL,'2021-07-12 22:13:56'),(508,'å·¥èµ„æ ¸ç®—',1,'com.ruoyi.project.business.account.controller.AccountController.addSave()','POST',1,'admin','ç ”å‘éƒ¨é—¨','/business/account/add','127.0.0.1','å†…ç½‘IP','{\"date\":[\"2021-07-14\"]}',NULL,1,'nested exception is org.apache.ibatis.exceptions.PersistenceException: \r\n### Error querying database.  Cause: java.lang.IllegalArgumentException: invalid comparison: java.util.Date and java.lang.String\r\n### Cause: java.lang.IllegalArgumentException: invalid comparison: java.util.Date and java.lang.String','2021-07-12 22:14:39'),(509,'å·¥èµ„æ ¸ç®—',1,'com.ruoyi.project.business.account.controller.AccountController.addSave()','POST',1,'admin','ç ”å‘éƒ¨é—¨','/business/account/add','127.0.0.1','å†…ç½‘IP','{\"date\":[\"2021-07-12\"]}','{\"msg\":\"æœ¬æœˆè–ªèµ„å·²æ ¸ç®—ï¼Œé‡æ–°æ ¸ç®—è¯·å…ˆåˆ é™¤æ‰€æœ‰æ ¸ç®—æ•°æ®\",\"code\":500}',0,NULL,'2021-07-12 22:18:44'),(510,'å·¥èµ„æ ¸ç®—',3,'com.ruoyi.project.business.account.controller.AccountController.remove()','POST',1,'admin','ç ”å‘éƒ¨é—¨','/business/account/remove','127.0.0.1','å†…ç½‘IP','{\"ids\":[\"20\"]}','{\"msg\":\"æ“ä½œæˆåŠŸ\",\"code\":0}',0,NULL,'2021-07-12 22:18:47'),(511,'å·¥èµ„æ ¸ç®—',3,'com.ruoyi.project.business.account.controller.AccountController.remove()','POST',1,'admin','ç ”å‘éƒ¨é—¨','/business/account/remove','127.0.0.1','å†…ç½‘IP','{\"ids\":[\"21\"]}','{\"msg\":\"æ“ä½œæˆåŠŸ\",\"code\":0}',0,NULL,'2021-07-12 22:18:49'),(512,'å·¥èµ„æ ¸ç®—',3,'com.ruoyi.project.business.account.controller.AccountController.remove()','POST',1,'admin','ç ”å‘éƒ¨é—¨','/business/account/remove','127.0.0.1','å†…ç½‘IP','{\"ids\":[\"22\"]}','{\"msg\":\"æ“ä½œæˆåŠŸ\",\"code\":0}',0,NULL,'2021-07-12 22:18:53'),(513,'å·¥èµ„æ ¸ç®—',3,'com.ruoyi.project.business.account.controller.AccountController.remove()','POST',1,'admin','ç ”å‘éƒ¨é—¨','/business/account/remove','127.0.0.1','å†…ç½‘IP','{\"ids\":[\"23\"]}','{\"msg\":\"æ“ä½œæˆåŠŸ\",\"code\":0}',0,NULL,'2021-07-12 22:18:57'),(514,'å·¥èµ„æ ¸ç®—',1,'com.ruoyi.project.business.account.controller.AccountController.addSave()','POST',1,'admin','ç ”å‘éƒ¨é—¨','/business/account/add','127.0.0.1','å†…ç½‘IP','{\"date\":[\"2021-07-13\"]}',NULL,1,'nested exception is org.apache.ibatis.exceptions.PersistenceException: \r\n### Error querying database.  Cause: java.lang.IllegalArgumentException: invalid comparison: java.util.Date and java.lang.String\r\n### Cause: java.lang.IllegalArgumentException: invalid comparison: java.util.Date and java.lang.String','2021-07-12 22:19:03'),(515,'å·¥èµ„æ ¸ç®—',1,'com.ruoyi.project.business.account.controller.AccountController.addSave()','POST',1,'admin','ç ”å‘éƒ¨é—¨','/business/account/add','127.0.0.1','å†…ç½‘IP','{\"date\":[\"2021-07-13\"]}',NULL,1,'nested exception is org.apache.ibatis.exceptions.PersistenceException: \r\n### Error querying database.  Cause: java.lang.IllegalArgumentException: invalid comparison: java.util.Date and java.lang.String\r\n### Cause: java.lang.IllegalArgumentException: invalid comparison: java.util.Date and java.lang.String','2021-07-12 22:19:54'),(516,'å·¥èµ„æ ¸ç®—',1,'com.ruoyi.project.business.account.controller.AccountController.addSave()','POST',1,'admin','ç ”å‘éƒ¨é—¨','/business/account/add','127.0.0.1','å†…ç½‘IP','{\"date\":[\"2021-07-12\"]}',NULL,1,'nested exception is org.apache.ibatis.exceptions.PersistenceException: \r\n### Error querying database.  Cause: java.lang.IllegalArgumentException: invalid comparison: java.util.Date and java.lang.String\r\n### Cause: java.lang.IllegalArgumentException: invalid comparison: java.util.Date and java.lang.String','2021-07-12 22:20:18'),(517,'å·¥èµ„æ ¸ç®—',1,'com.ruoyi.project.business.account.controller.AccountController.addSave()','POST',1,'admin','ç ”å‘éƒ¨é—¨','/business/account/add','127.0.0.1','å†…ç½‘IP','{\"date\":[\"2021-07-12\"]}',NULL,1,'nested exception is org.apache.ibatis.exceptions.PersistenceException: \r\n### Error querying database.  Cause: java.lang.IllegalArgumentException: invalid comparison: java.util.Date and java.lang.String\r\n### Cause: java.lang.IllegalArgumentException: invalid comparison: java.util.Date and java.lang.String','2021-07-12 22:21:09'),(518,'å·¥èµ„æ ¸ç®—',1,'com.ruoyi.project.business.account.controller.AccountController.addSave()','POST',1,'admin','ç ”å‘éƒ¨é—¨','/business/account/add','127.0.0.1','å†…ç½‘IP','{\"date\":[\"2021-07-12\"]}',NULL,1,'nested exception is org.apache.ibatis.exceptions.PersistenceException: \r\n### Error querying database.  Cause: java.lang.IllegalArgumentException: invalid comparison: java.util.Date and java.lang.String\r\n### Cause: java.lang.IllegalArgumentException: invalid comparison: java.util.Date and java.lang.String','2021-07-12 22:53:51'),(519,'å·¥èµ„æ ¸ç®—',1,'com.ruoyi.project.business.account.controller.AccountController.addSave()','POST',1,'admin','ç ”å‘éƒ¨é—¨','/business/account/add','127.0.0.1','å†…ç½‘IP','{\"date\":[\"2021-07-12\"]}',NULL,1,'nested exception is org.apache.ibatis.exceptions.PersistenceException: \r\n### Error querying database.  Cause: java.lang.IllegalArgumentException: invalid comparison: java.util.Date and java.lang.String\r\n### Cause: java.lang.IllegalArgumentException: invalid comparison: java.util.Date and java.lang.String','2021-07-12 22:54:27'),(520,'å·¥èµ„æ ¸ç®—',1,'com.ruoyi.project.business.account.controller.AccountController.addSave()','POST',1,'admin','ç ”å‘éƒ¨é—¨','/business/account/add','127.0.0.1','å†…ç½‘IP','{\"date\":[\"2021-07-12\"]}',NULL,1,'nested exception is org.apache.ibatis.exceptions.PersistenceException: \r\n### Error querying database.  Cause: java.lang.IllegalArgumentException: invalid comparison: java.util.Date and java.lang.String\r\n### Cause: java.lang.IllegalArgumentException: invalid comparison: java.util.Date and java.lang.String','2021-07-12 22:56:26'),(521,'å·¥èµ„æ ¸ç®—',1,'com.ruoyi.project.business.account.controller.AccountController.addSave()','POST',1,'admin','ç ”å‘éƒ¨é—¨','/business/account/add','127.0.0.1','å†…ç½‘IP','{\"date\":[\"2021-07-12\"]}','{\"msg\":\"æ“ä½œæˆåŠŸ\",\"code\":0}',0,NULL,'2021-07-12 23:04:03'),(522,'å·¥èµ„æ ¸ç®—',1,'com.ruoyi.project.business.account.controller.AccountController.addSave()','POST',1,'admin','ç ”å‘éƒ¨é—¨','/business/account/add','127.0.0.1','å†…ç½‘IP','{\"date\":[\"2021-07\"]}','{\"msg\":\"æœ¬æœˆè–ªèµ„å·²æ ¸ç®—ï¼Œé‡æ–°æ ¸ç®—è¯·å…ˆåˆ é™¤æ‰€æœ‰æ ¸ç®—æ•°æ®\",\"code\":500}',0,NULL,'2021-07-12 23:04:21'),(523,'å·¥èµ„æ ¸ç®—',1,'com.ruoyi.project.business.account.controller.AccountController.addSave()','POST',1,'admin','ç ”å‘éƒ¨é—¨','/business/account/add','127.0.0.1','å†…ç½‘IP','{\"date\":[\"2021-07\"]}','{\"msg\":\"æœ¬æœˆè–ªèµ„å·²æ ¸ç®—ï¼Œé‡æ–°æ ¸ç®—è¯·å…ˆåˆ é™¤æ‰€æœ‰æ ¸ç®—æ•°æ®\",\"code\":500}',0,NULL,'2021-07-13 19:10:07'),(524,'å·¥èµ„æ ¸ç®—',3,'com.ruoyi.project.business.account.controller.AccountController.remove()','POST',1,'admin','ç ”å‘éƒ¨é—¨','/business/account/remove','127.0.0.1','å†…ç½‘IP','{\"ids\":[\"32\"]}','{\"msg\":\"æ“ä½œæˆåŠŸ\",\"code\":0}',0,NULL,'2021-07-13 19:10:12'),(525,'å·¥èµ„æ ¸ç®—',3,'com.ruoyi.project.business.account.controller.AccountController.remove()','POST',1,'admin','ç ”å‘éƒ¨é—¨','/business/account/remove','127.0.0.1','å†…ç½‘IP','{\"ids\":[\"33\"]}','{\"msg\":\"æ“ä½œæˆåŠŸ\",\"code\":0}',0,NULL,'2021-07-13 19:10:14'),(526,'å·¥èµ„æ ¸ç®—',3,'com.ruoyi.project.business.account.controller.AccountController.remove()','POST',1,'admin','ç ”å‘éƒ¨é—¨','/business/account/remove','127.0.0.1','å†…ç½‘IP','{\"ids\":[\"34\"]}','{\"msg\":\"æ“ä½œæˆåŠŸ\",\"code\":0}',0,NULL,'2021-07-13 19:10:15'),(527,'å·¥èµ„æ ¸ç®—',3,'com.ruoyi.project.business.account.controller.AccountController.remove()','POST',1,'admin','ç ”å‘éƒ¨é—¨','/business/account/remove','127.0.0.1','å†…ç½‘IP','{\"ids\":[\"35\"]}','{\"msg\":\"æ“ä½œæˆåŠŸ\",\"code\":0}',0,NULL,'2021-07-13 19:10:17'),(528,'å·¥èµ„æ ¸ç®—',1,'com.ruoyi.project.business.account.controller.AccountController.addSave()','POST',1,'admin','ç ”å‘éƒ¨é—¨','/business/account/add','127.0.0.1','å†…ç½‘IP','{\"date\":[\"2021-07\"]}',NULL,1,'For input string: \"4000.00\"','2021-07-13 21:08:39'),(529,'å·¥èµ„æ ¸ç®—',1,'com.ruoyi.project.business.account.controller.AccountController.addSave()','POST',1,'admin','ç ”å‘éƒ¨é—¨','/business/account/add','127.0.0.1','å†…ç½‘IP','{\"date\":[\"2021-07\"]}',NULL,1,'For input string: \"4000.00\"','2021-07-13 21:24:14'),(530,'å·¥èµ„æ ¸ç®—',1,'com.ruoyi.project.business.account.controller.AccountController.addSave()','POST',1,'admin','ç ”å‘éƒ¨é—¨','/business/account/add','127.0.0.1','å†…ç½‘IP','{\"date\":[\"2021-07\"]}',NULL,1,'','2021-07-13 21:26:17'),(531,'å·¥èµ„æ ¸ç®—',1,'com.ruoyi.project.business.account.controller.AccountController.addSave()','POST',1,'admin','ç ”å‘éƒ¨é—¨','/business/account/add','127.0.0.1','å†…ç½‘IP','{\"date\":[\"2021-07\"]}','{\"msg\":\"æ“ä½œæˆåŠŸ\",\"code\":0}',0,NULL,'2021-07-13 21:26:50'),(532,'å·¥èµ„æ ¸ç®—',3,'com.ruoyi.project.business.account.controller.AccountController.remove()','POST',1,'admin','ç ”å‘éƒ¨é—¨','/business/account/remove','127.0.0.1','å†…ç½‘IP','{\"ids\":[\"39\"]}','{\"msg\":\"æ“ä½œæˆåŠŸ\",\"code\":0}',0,NULL,'2021-07-13 21:27:01'),(533,'å·¥èµ„æ ¸ç®—',3,'com.ruoyi.project.business.account.controller.AccountController.remove()','POST',1,'admin','ç ”å‘éƒ¨é—¨','/business/account/remove','127.0.0.1','å†…ç½‘IP','{\"ids\":[\"40\"]}','{\"msg\":\"æ“ä½œæˆåŠŸ\",\"code\":0}',0,NULL,'2021-07-13 21:27:03'),(534,'å·¥èµ„æ ¸ç®—',3,'com.ruoyi.project.business.account.controller.AccountController.remove()','POST',1,'admin','ç ”å‘éƒ¨é—¨','/business/account/remove','127.0.0.1','å†…ç½‘IP','{\"ids\":[\"41\"]}','{\"msg\":\"æ“ä½œæˆåŠŸ\",\"code\":0}',0,NULL,'2021-07-13 21:27:05'),(535,'å·¥èµ„æ ¸ç®—',3,'com.ruoyi.project.business.account.controller.AccountController.remove()','POST',1,'admin','ç ”å‘éƒ¨é—¨','/business/account/remove','127.0.0.1','å†…ç½‘IP','{\"ids\":[\"42\"]}','{\"msg\":\"æ“ä½œæˆåŠŸ\",\"code\":0}',0,NULL,'2021-07-13 21:27:07'),(536,'å·¥èµ„æ ¸ç®—',1,'com.ruoyi.project.business.account.controller.AccountController.addSave()','POST',1,'admin','ç ”å‘éƒ¨é—¨','/business/account/add','127.0.0.1','å†…ç½‘IP','{\"date\":[\"2021-07\"]}','{\"msg\":\"æ“ä½œæˆåŠŸ\",\"code\":0}',0,NULL,'2021-07-13 21:28:07'),(537,'å·¥èµ„æ ¸ç®—',1,'com.ruoyi.project.business.account.controller.AccountController.addSave()','POST',1,'admin','ç ”å‘éƒ¨é—¨','/business/account/add','127.0.0.1','å†…ç½‘IP','{\"date\":[\"2021-07\"]}','{\"msg\":\"æ“ä½œæˆåŠŸ\",\"code\":0}',0,NULL,'2021-07-13 21:43:41'),(538,'å·¥èµ„æ ¸ç®—',3,'com.ruoyi.project.business.account.controller.AccountController.remove()','POST',1,'admin','ç ”å‘éƒ¨é—¨','/business/account/remove','127.0.0.1','å†…ç½‘IP','{\"ids\":[\"47\"]}','{\"msg\":\"æ“ä½œæˆåŠŸ\",\"code\":0}',0,NULL,'2021-07-13 21:45:27'),(539,'å·¥èµ„æ ¸ç®—',3,'com.ruoyi.project.business.account.controller.AccountController.remove()','POST',1,'admin','ç ”å‘éƒ¨é—¨','/business/account/remove','127.0.0.1','å†…ç½‘IP','{\"ids\":[\"48\"]}','{\"msg\":\"æ“ä½œæˆåŠŸ\",\"code\":0}',0,NULL,'2021-07-13 21:45:29'),(540,'å·¥èµ„æ ¸ç®—',3,'com.ruoyi.project.business.account.controller.AccountController.remove()','POST',1,'admin','ç ”å‘éƒ¨é—¨','/business/account/remove','127.0.0.1','å†…ç½‘IP','{\"ids\":[\"49\"]}','{\"msg\":\"æ“ä½œæˆåŠŸ\",\"code\":0}',0,NULL,'2021-07-13 21:45:30'),(541,'å·¥èµ„æ ¸ç®—',3,'com.ruoyi.project.business.account.controller.AccountController.remove()','POST',1,'admin','ç ”å‘éƒ¨é—¨','/business/account/remove','127.0.0.1','å†…ç½‘IP','{\"ids\":[\"50\"]}','{\"msg\":\"æ“ä½œæˆåŠŸ\",\"code\":0}',0,NULL,'2021-07-13 21:45:33'),(542,'å·¥èµ„æ ¸ç®—',1,'com.ruoyi.project.business.account.controller.AccountController.addSave()','POST',1,'admin','ç ”å‘éƒ¨é—¨','/business/account/add','127.0.0.1','å†…ç½‘IP','{\"date\":[\"2021-07\"]}','{\"msg\":\"æ“ä½œæˆåŠŸ\",\"code\":0}',0,NULL,'2021-07-13 21:46:00'),(543,'å·¥èµ„æ ¸ç®—',3,'com.ruoyi.project.business.account.controller.AccountController.remove()','POST',1,'admin','ç ”å‘éƒ¨é—¨','/business/account/remove','127.0.0.1','å†…ç½‘IP','{\"ids\":[\"51\"]}','{\"msg\":\"æ“ä½œæˆåŠŸ\",\"code\":0}',0,NULL,'2021-07-13 21:46:07'),(544,'å·¥èµ„æ ¸ç®—',3,'com.ruoyi.project.business.account.controller.AccountController.remove()','POST',1,'admin','ç ”å‘éƒ¨é—¨','/business/account/remove','127.0.0.1','å†…ç½‘IP','{\"ids\":[\"52\"]}','{\"msg\":\"æ“ä½œæˆåŠŸ\",\"code\":0}',0,NULL,'2021-07-13 21:46:08'),(545,'å·¥èµ„æ ¸ç®—',3,'com.ruoyi.project.business.account.controller.AccountController.remove()','POST',1,'admin','ç ”å‘éƒ¨é—¨','/business/account/remove','127.0.0.1','å†…ç½‘IP','{\"ids\":[\"53\"]}','{\"msg\":\"æ“ä½œæˆåŠŸ\",\"code\":0}',0,NULL,'2021-07-13 21:46:10'),(546,'å·¥èµ„æ ¸ç®—',3,'com.ruoyi.project.business.account.controller.AccountController.remove()','POST',1,'admin','ç ”å‘éƒ¨é—¨','/business/account/remove','127.0.0.1','å†…ç½‘IP','{\"ids\":[\"54\"]}','{\"msg\":\"æ“ä½œæˆåŠŸ\",\"code\":0}',0,NULL,'2021-07-13 21:46:11'),(547,'å·¥èµ„æ ¸ç®—',1,'com.ruoyi.project.business.account.controller.AccountController.addSave()','POST',1,'admin','ç ”å‘éƒ¨é—¨','/business/account/add','127.0.0.1','å†…ç½‘IP','{\"date\":[\"2021-07\"]}','{\"msg\":\"æ“ä½œæˆåŠŸ\",\"code\":0}',0,NULL,'2021-07-13 21:46:49'),(548,'å·¥èµ„æ ¸ç®—',3,'com.ruoyi.project.business.account.controller.AccountController.remove()','POST',1,'admin','ç ”å‘éƒ¨é—¨','/business/account/remove','127.0.0.1','å†…ç½‘IP','{\"ids\":[\"55\"]}','{\"msg\":\"æ“ä½œæˆåŠŸ\",\"code\":0}',0,NULL,'2021-07-13 21:47:16'),(549,'å·¥èµ„æ ¸ç®—',3,'com.ruoyi.project.business.account.controller.AccountController.remove()','POST',1,'admin','ç ”å‘éƒ¨é—¨','/business/account/remove','127.0.0.1','å†…ç½‘IP','{\"ids\":[\"56\"]}','{\"msg\":\"æ“ä½œæˆåŠŸ\",\"code\":0}',0,NULL,'2021-07-13 21:47:17'),(550,'å·¥èµ„æ ¸ç®—',3,'com.ruoyi.project.business.account.controller.AccountController.remove()','POST',1,'admin','ç ”å‘éƒ¨é—¨','/business/account/remove','127.0.0.1','å†…ç½‘IP','{\"ids\":[\"57\"]}','{\"msg\":\"æ“ä½œæˆåŠŸ\",\"code\":0}',0,NULL,'2021-07-13 21:47:18'),(551,'å·¥èµ„æ ¸ç®—',3,'com.ruoyi.project.business.account.controller.AccountController.remove()','POST',1,'admin','ç ”å‘éƒ¨é—¨','/business/account/remove','127.0.0.1','å†…ç½‘IP','{\"ids\":[\"58\"]}','{\"msg\":\"æ“ä½œæˆåŠŸ\",\"code\":0}',0,NULL,'2021-07-13 21:47:20'),(552,'å·¥èµ„æ ¸ç®—',1,'com.ruoyi.project.business.account.controller.AccountController.addSave()','POST',1,'admin','ç ”å‘éƒ¨é—¨','/business/account/add','127.0.0.1','å†…ç½‘IP','{\"date\":[\"2021-07\"]}','{\"msg\":\"æ“ä½œæˆåŠŸ\",\"code\":0}',0,NULL,'2021-07-13 21:47:54'),(553,'å·¥èµ„æ ¸ç®—',3,'com.ruoyi.project.business.account.controller.AccountController.remove()','POST',1,'admin','ç ”å‘éƒ¨é—¨','/business/account/remove','127.0.0.1','å†…ç½‘IP','{\"ids\":[\"59\"]}','{\"msg\":\"æ“ä½œæˆåŠŸ\",\"code\":0}',0,NULL,'2021-07-13 21:54:25'),(554,'å·¥èµ„æ ¸ç®—',3,'com.ruoyi.project.business.account.controller.AccountController.remove()','POST',1,'admin','ç ”å‘éƒ¨é—¨','/business/account/remove','127.0.0.1','å†…ç½‘IP','{\"ids\":[\"60\"]}','{\"msg\":\"æ“ä½œæˆåŠŸ\",\"code\":0}',0,NULL,'2021-07-13 21:54:27'),(555,'å·¥èµ„æ ¸ç®—',3,'com.ruoyi.project.business.account.controller.AccountController.remove()','POST',1,'admin','ç ”å‘éƒ¨é—¨','/business/account/remove','127.0.0.1','å†…ç½‘IP','{\"ids\":[\"61\"]}','{\"msg\":\"æ“ä½œæˆåŠŸ\",\"code\":0}',0,NULL,'2021-07-13 21:54:28'),(556,'å·¥èµ„æ ¸ç®—',3,'com.ruoyi.project.business.account.controller.AccountController.remove()','POST',1,'admin','ç ”å‘éƒ¨é—¨','/business/account/remove','127.0.0.1','å†…ç½‘IP','{\"ids\":[\"62\"]}','{\"msg\":\"æ“ä½œæˆåŠŸ\",\"code\":0}',0,NULL,'2021-07-13 21:54:30'),(557,'å·¥èµ„æ ¸ç®—',1,'com.ruoyi.project.business.account.controller.AccountController.addSave()','POST',1,'admin','ç ”å‘éƒ¨é—¨','/business/account/add','127.0.0.1','å†…ç½‘IP','{\"date\":[\"2021-07\"]}','{\"msg\":\"æ“ä½œæˆåŠŸ\",\"code\":0}',0,NULL,'2021-07-13 21:54:56'),(558,'å·¥èµ„æ ¸ç®—',3,'com.ruoyi.project.business.account.controller.AccountController.remove()','POST',1,'admin','ç ”å‘éƒ¨é—¨','/business/account/remove','127.0.0.1','å†…ç½‘IP','{\"ids\":[\"63\"]}','{\"msg\":\"æ“ä½œæˆåŠŸ\",\"code\":0}',0,NULL,'2021-07-13 22:19:56'),(559,'å·¥èµ„æ ¸ç®—',3,'com.ruoyi.project.business.account.controller.AccountController.remove()','POST',1,'admin','ç ”å‘éƒ¨é—¨','/business/account/remove','127.0.0.1','å†…ç½‘IP','{\"ids\":[\"64\"]}','{\"msg\":\"æ“ä½œæˆåŠŸ\",\"code\":0}',0,NULL,'2021-07-13 22:19:57'),(560,'å·¥èµ„æ ¸ç®—',3,'com.ruoyi.project.business.account.controller.AccountController.remove()','POST',1,'admin','ç ”å‘éƒ¨é—¨','/business/account/remove','127.0.0.1','å†…ç½‘IP','{\"ids\":[\"65\"]}','{\"msg\":\"æ“ä½œæˆåŠŸ\",\"code\":0}',0,NULL,'2021-07-13 22:19:59'),(561,'å·¥èµ„æ ¸ç®—',3,'com.ruoyi.project.business.account.controller.AccountController.remove()','POST',1,'admin','ç ”å‘éƒ¨é—¨','/business/account/remove','127.0.0.1','å†…ç½‘IP','{\"ids\":[\"66\"]}','{\"msg\":\"æ“ä½œæˆåŠŸ\",\"code\":0}',0,NULL,'2021-07-13 22:20:00'),(562,'å·¥èµ„æ ¸ç®—',1,'com.ruoyi.project.business.account.controller.AccountController.addSave()','POST',1,'admin','ç ”å‘éƒ¨é—¨','/business/account/add','127.0.0.1','å†…ç½‘IP','{\"date\":[\"2021-07\"]}',NULL,1,'String index out of range: 10','2021-07-13 22:20:03'),(563,'å·¥èµ„æ ¸ç®—',1,'com.ruoyi.project.business.account.controller.AccountController.addSave()','POST',1,'admin','ç ”å‘éƒ¨é—¨','/business/account/add','127.0.0.1','å†…ç½‘IP','{\"date\":[\"2021-07\"]}',NULL,1,'String index out of range: 10','2021-07-13 22:20:42'),(564,'å·¥èµ„æ ¸ç®—',1,'com.ruoyi.project.business.account.controller.AccountController.addSave()','POST',1,'admin','ç ”å‘éƒ¨é—¨','/business/account/add','127.0.0.1','å†…ç½‘IP','{\"date\":[\"2021-07\"]}','{\"msg\":\"æ“ä½œæˆåŠŸ\",\"code\":0}',0,NULL,'2021-07-13 22:21:45'),(565,'å·¥èµ„æ ¸ç®—',3,'com.ruoyi.project.business.account.controller.AccountController.remove()','POST',1,'admin','ç ”å‘éƒ¨é—¨','/business/account/remove','127.0.0.1','å†…ç½‘IP','{\"ids\":[\"67\"]}','{\"msg\":\"æ“ä½œæˆåŠŸ\",\"code\":0}',0,NULL,'2021-07-13 22:22:31'),(566,'å·¥èµ„æ ¸ç®—',3,'com.ruoyi.project.business.account.controller.AccountController.remove()','POST',1,'admin','ç ”å‘éƒ¨é—¨','/business/account/remove','127.0.0.1','å†…ç½‘IP','{\"ids\":[\"68\"]}','{\"msg\":\"æ“ä½œæˆåŠŸ\",\"code\":0}',0,NULL,'2021-07-13 22:22:32'),(567,'å·¥èµ„æ ¸ç®—',3,'com.ruoyi.project.business.account.controller.AccountController.remove()','POST',1,'admin','ç ”å‘éƒ¨é—¨','/business/account/remove','127.0.0.1','å†…ç½‘IP','{\"ids\":[\"69\"]}','{\"msg\":\"æ“ä½œæˆåŠŸ\",\"code\":0}',0,NULL,'2021-07-13 22:22:33'),(568,'å·¥èµ„æ ¸ç®—',3,'com.ruoyi.project.business.account.controller.AccountController.remove()','POST',1,'admin','ç ”å‘éƒ¨é—¨','/business/account/remove','127.0.0.1','å†…ç½‘IP','{\"ids\":[\"70\"]}','{\"msg\":\"æ“ä½œæˆåŠŸ\",\"code\":0}',0,NULL,'2021-07-13 22:22:35'),(569,'å·¥èµ„æ ¸ç®—',1,'com.ruoyi.project.business.account.controller.AccountController.addSave()','POST',1,'admin','ç ”å‘éƒ¨é—¨','/business/account/add','127.0.0.1','å†…ç½‘IP','{\"date\":[\"2021-07\"]}','{\"msg\":\"æ“ä½œæˆåŠŸ\",\"code\":0}',0,NULL,'2021-07-13 22:22:38'),(570,'å²—ä½-è–ªèµ„é…ç½®å…³è”',1,'com.ruoyi.project.business.salaryallocation.controller.PostSalaryallocationController.addSave()','POST',1,'admin','ç ”å‘éƒ¨é—¨','/business/salaryallocation/add','127.0.0.1','å†…ç½‘IP','{\"salaryAllocationIds\":[\"1,2,8,9,10,12,13,14,16,17,18,19,20,21\"],\"postId\":[\"1\"]}','{\"msg\":\"æ“ä½œæˆåŠŸ\",\"code\":0}',0,NULL,'2021-07-13 22:22:56'),(571,'å·¥èµ„æ ¸ç®—',3,'com.ruoyi.project.business.account.controller.AccountController.remove()','POST',1,'admin','ç ”å‘éƒ¨é—¨','/business/account/remove','127.0.0.1','å†…ç½‘IP','{\"ids\":[\"71\"]}','{\"msg\":\"æ“ä½œæˆåŠŸ\",\"code\":0}',0,NULL,'2021-07-13 22:23:44'),(572,'å·¥èµ„æ ¸ç®—',3,'com.ruoyi.project.business.account.controller.AccountController.remove()','POST',1,'admin','ç ”å‘éƒ¨é—¨','/business/account/remove','127.0.0.1','å†…ç½‘IP','{\"ids\":[\"72\"]}','{\"msg\":\"æ“ä½œæˆåŠŸ\",\"code\":0}',0,NULL,'2021-07-13 22:23:45'),(573,'å·¥èµ„æ ¸ç®—',3,'com.ruoyi.project.business.account.controller.AccountController.remove()','POST',1,'admin','ç ”å‘éƒ¨é—¨','/business/account/remove','127.0.0.1','å†…ç½‘IP','{\"ids\":[\"73\"]}','{\"msg\":\"æ“ä½œæˆåŠŸ\",\"code\":0}',0,NULL,'2021-07-13 22:23:46'),(574,'å·¥èµ„æ ¸ç®—',3,'com.ruoyi.project.business.account.controller.AccountController.remove()','POST',1,'admin','ç ”å‘éƒ¨é—¨','/business/account/remove','127.0.0.1','å†…ç½‘IP','{\"ids\":[\"74\"]}','{\"msg\":\"æ“ä½œæˆåŠŸ\",\"code\":0}',0,NULL,'2021-07-13 22:23:48'),(575,'å·¥èµ„æ ¸ç®—',1,'com.ruoyi.project.business.account.controller.AccountController.addSave()','POST',1,'admin','ç ”å‘éƒ¨é—¨','/business/account/add','127.0.0.1','å†…ç½‘IP','{\"date\":[\"2021-07\"]}','{\"msg\":\"æ“ä½œæˆåŠŸ\",\"code\":0}',0,NULL,'2021-07-13 22:24:46'),(576,'å·¥èµ„æ ¸ç®—',1,'com.ruoyi.project.business.account.controller.AccountController.addSave()','POST',1,'admin','ç ”å‘éƒ¨é—¨','/business/account/add','127.0.0.1','å†…ç½‘IP','{\"date\":[\"2021-07\"]}','{\"msg\":\"æ“ä½œæˆåŠŸ\",\"code\":0}',0,NULL,'2021-07-13 22:25:43'),(577,'å·¥èµ„æ ¸ç®—',3,'com.ruoyi.project.business.account.controller.AccountController.remove()','POST',1,'admin','ç ”å‘éƒ¨é—¨','/business/account/remove','127.0.0.1','å†…ç½‘IP','{\"ids\":[\"79\"]}','{\"msg\":\"æ“ä½œæˆåŠŸ\",\"code\":0}',0,NULL,'2021-07-14 21:07:17'),(578,'å·¥èµ„æ ¸ç®—',3,'com.ruoyi.project.business.account.controller.AccountController.remove()','POST',1,'admin','ç ”å‘éƒ¨é—¨','/business/account/remove','127.0.0.1','å†…ç½‘IP','{\"ids\":[\"80\"]}','{\"msg\":\"æ“ä½œæˆåŠŸ\",\"code\":0}',0,NULL,'2021-07-14 21:07:18'),(579,'å·¥èµ„æ ¸ç®—',3,'com.ruoyi.project.business.account.controller.AccountController.remove()','POST',1,'admin','ç ”å‘éƒ¨é—¨','/business/account/remove','127.0.0.1','å†…ç½‘IP','{\"ids\":[\"81\"]}','{\"msg\":\"æ“ä½œæˆåŠŸ\",\"code\":0}',0,NULL,'2021-07-14 21:07:19'),(580,'å·¥èµ„æ ¸ç®—',3,'com.ruoyi.project.business.account.controller.AccountController.remove()','POST',1,'admin','ç ”å‘éƒ¨é—¨','/business/account/remove','127.0.0.1','å†…ç½‘IP','{\"ids\":[\"82\"]}','{\"msg\":\"æ“ä½œæˆåŠŸ\",\"code\":0}',0,NULL,'2021-07-14 21:07:21'),(581,'å·¥èµ„æ ¸ç®—',1,'com.ruoyi.project.business.account.controller.AccountController.addSave()','POST',1,'admin','ç ”å‘éƒ¨é—¨','/business/account/add','127.0.0.1','å†…ç½‘IP','{\"date\":[\"2021-07\"]}',NULL,1,'nested exception is org.apache.ibatis.type.TypeException: Could not set parameters for mapping: ParameterMapping{property=\'userId\', mode=IN, javaType=class java.lang.Long, jdbcType=null, numericScale=null, resultMapId=\'null\', jdbcTypeName=\'null\', expression=\'null\'}. Cause: org.apache.ibatis.type.TypeException: Error setting non null for parameter #1 with JdbcType null . Try setting a different JdbcType for this parameter or a different configuration property. Cause: java.lang.ClassCastException: java.lang.String cannot be cast to java.lang.Long','2021-07-14 21:07:27'),(582,'å·¥èµ„æ ¸ç®—',1,'com.ruoyi.project.business.account.controller.AccountController.addSave()','POST',1,'admin','ç ”å‘éƒ¨é—¨','/business/account/add','127.0.0.1','å†…ç½‘IP','{\"date\":[\"2021-07\"]}','{\"msg\":\"æ“ä½œæˆåŠŸ\",\"code\":0}',0,NULL,'2021-07-14 21:08:24'),(583,'å·¥èµ„æ ¸ç®—',1,'com.ruoyi.project.business.account.controller.AccountController.addSave()','POST',1,'admin','ç ”å‘éƒ¨é—¨','/business/account/add','127.0.0.1','å†…ç½‘IP','{\"date\":[\"2021-07\"]}','{\"msg\":\"æ“ä½œæˆåŠŸ\",\"code\":0}',0,NULL,'2021-07-14 21:13:49'),(584,'ä»£ç ç”Ÿæˆ',8,'com.ruoyi.project.tool.gen.controller.GenController.download()','GET',1,'admin','ç ”å‘éƒ¨é—¨','/tool/gen/download/tbl_account_detail','127.0.0.1','å†…ç½‘IP','\"tbl_account_detail\"',NULL,0,NULL,'2021-07-14 21:52:56'),(585,'å·¥èµ„æ ¸ç®—',3,'com.ruoyi.project.business.account.controller.AccountController.remove()','POST',1,'admin','ç ”å‘éƒ¨é—¨','/business/account/remove','127.0.0.1','å†…ç½‘IP','{\"ids\":[\"89\"]}','{\"msg\":\"æ“ä½œæˆåŠŸ\",\"code\":0}',0,NULL,'2021-07-15 20:52:14'),(586,'å·¥èµ„æ ¸ç®—',3,'com.ruoyi.project.business.account.controller.AccountController.remove()','POST',1,'admin','ç ”å‘éƒ¨é—¨','/business/account/remove','127.0.0.1','å†…ç½‘IP','{\"ids\":[\"90\"]}','{\"msg\":\"æ“ä½œæˆåŠŸ\",\"code\":0}',0,NULL,'2021-07-15 20:52:15'),(587,'å·¥èµ„æ ¸ç®—',3,'com.ruoyi.project.business.account.controller.AccountController.remove()','POST',1,'admin','ç ”å‘éƒ¨é—¨','/business/account/remove','127.0.0.1','å†…ç½‘IP','{\"ids\":[\"91\"]}','{\"msg\":\"æ“ä½œæˆåŠŸ\",\"code\":0}',0,NULL,'2021-07-15 20:52:18'),(588,'å·¥èµ„æ ¸ç®—',3,'com.ruoyi.project.business.account.controller.AccountController.remove()','POST',1,'admin','ç ”å‘éƒ¨é—¨','/business/account/remove','127.0.0.1','å†…ç½‘IP','{\"ids\":[\"92\"]}','{\"msg\":\"æ“ä½œæˆåŠŸ\",\"code\":0}',0,NULL,'2021-07-15 20:52:19'),(589,'è–ªèµ„é…ç½®',1,'com.ruoyi.project.salary.controller.SalaryAllocationController.addSave()','POST',1,'admin','ç ”å‘éƒ¨é—¨','/salary/allocation/add','127.0.0.1','å†…ç½‘IP','{\"name\":[\"1\"],\"type\":[\"0\"],\"rule\":[\"2\"],\"money\":[\"\"],\"state\":[\"0\"],\"grade\":[\"0\"]}','{\"msg\":\"æ“ä½œæˆåŠŸ\",\"code\":0}',0,NULL,'2021-07-15 20:53:47'),(590,'è–ªèµ„é…ç½®',1,'com.ruoyi.project.salary.controller.SalaryAllocationController.addSave()','POST',1,'admin','ç ”å‘éƒ¨é—¨','/salary/allocation/add','127.0.0.1','å†…ç½‘IP','{\"name\":[\"2\"],\"type\":[\"0\"],\"rule\":[\"2\"],\"money\":[\"\"],\"state\":[\"0\"],\"grade\":[\"0\"]}','{\"msg\":\"æ“ä½œæˆåŠŸ\",\"code\":0}',0,NULL,'2021-07-15 20:53:49'),(591,'è–ªèµ„é…ç½®',1,'com.ruoyi.project.salary.controller.SalaryAllocationController.addSave()','POST',1,'admin','ç ”å‘éƒ¨é—¨','/salary/allocation/add','127.0.0.1','å†…ç½‘IP','{\"name\":[\"3\"],\"type\":[\"0\"],\"rule\":[\"2\"],\"money\":[\"\"],\"state\":[\"0\"],\"grade\":[\"0\"]}','{\"msg\":\"æ“ä½œæˆåŠŸ\",\"code\":0}',0,NULL,'2021-07-15 20:53:52'),(592,'è–ªèµ„é…ç½®',1,'com.ruoyi.project.salary.controller.SalaryAllocationController.addSave()','POST',1,'admin','ç ”å‘éƒ¨é—¨','/salary/allocation/add','127.0.0.1','å†…ç½‘IP','{\"name\":[\"4\"],\"type\":[\"0\"],\"rule\":[\"2\"],\"money\":[\"\"],\"state\":[\"0\"],\"grade\":[\"0\"]}','{\"msg\":\"æ“ä½œæˆåŠŸ\",\"code\":0}',0,NULL,'2021-07-15 20:53:55'),(593,'è–ªèµ„é…ç½®',3,'com.ruoyi.project.salary.controller.SalaryAllocationController.remove()','POST',1,'admin','ç ”å‘éƒ¨é—¨','/salary/allocation/remove','127.0.0.1','å†…ç½‘IP','{\"ids\":[\"24,25\"]}','{\"msg\":\"æ“ä½œæˆåŠŸ\",\"code\":0}',0,NULL,'2021-07-15 20:54:11'),(594,'è–ªèµ„é…ç½®',3,'com.ruoyi.project.salary.controller.SalaryAllocationController.remove()','POST',1,'admin','ç ”å‘éƒ¨é—¨','/salary/allocation/remove','127.0.0.1','å†…ç½‘IP','{\"ids\":[\"26,27\"]}','{\"msg\":\"æ“ä½œæˆåŠŸ\",\"code\":0}',0,NULL,'2021-07-15 20:57:09'),(595,'è–ªèµ„é…ç½®',3,'com.ruoyi.project.salary.controller.SalaryAllocationController.remove()','POST',1,'admin','ç ”å‘éƒ¨é—¨','/salary/allocation/remove','127.0.0.1','å†…ç½‘IP','{\"ids\":[\"23,26,27\"]}','{\"msg\":\"æ“ä½œæˆåŠŸ\",\"code\":0}',0,NULL,'2021-07-15 20:57:22'),(596,'è–ªèµ„é…ç½®',3,'com.ruoyi.project.salary.controller.SalaryAllocationController.remove()','POST',1,'admin','ç ”å‘éƒ¨é—¨','/salary/allocation/remove','127.0.0.1','å†…ç½‘IP','{\"ids\":[\"23\"]}',NULL,1,'\r\n### Error updating database.  Cause: java.sql.SQLSyntaxErrorException: You have an error in your SQL syntax; check the manual that corresponds to your MySQL server version for the right syntax to use near \'\'23\'\' at line 1\r\n### The error may exist in file [E:\\æ¯•è®¾\\è–ªèµ„ç®¡ç†ç³»ç»Ÿ\\salary-management-system\\target\\classes\\mybatis\\business\\PostSalaryallocationMapper.xml]\r\n### The error may involve com.ruoyi.project.business.salaryallocation.mapper.PostSalaryallocationMapper.deleteBySalaryId-Inline\r\n### The error occurred while setting parameters\r\n### SQL: delete from tbl_post_salaryallocation where salary_allocation_id in ?\r\n### Cause: java.sql.SQLSyntaxErrorException: You have an error in your SQL syntax; check the manual that corresponds to your MySQL server version for the right syntax to use near \'\'23\'\' at line 1\n; bad SQL grammar []; nested exception is java.sql.SQLSyntaxErrorException: You have an error in your SQL syntax; check the manual that corresponds to your MySQL server version for the right syntax to use near \'\'23\'\' at line 1','2021-07-15 21:06:17'),(597,'è–ªèµ„é…ç½®',3,'com.ruoyi.project.salary.controller.SalaryAllocationController.remove()','POST',1,'admin','ç ”å‘éƒ¨é—¨','/salary/allocation/remove','127.0.0.1','å†…ç½‘IP','{\"ids\":[\"23\"]}','{\"msg\":\"æ“ä½œæˆåŠŸ\",\"code\":0}',0,NULL,'2021-07-15 21:07:39'),(598,'è–ªèµ„é…ç½®',3,'com.ruoyi.project.salary.controller.SalaryAllocationController.remove()','POST',1,'admin','ç ”å‘éƒ¨é—¨','/salary/allocation/remove','127.0.0.1','å†…ç½‘IP','{\"ids\":[\"20,21,22\"]}',NULL,1,'\r\n### Error updating database.  Cause: com.mysql.cj.jdbc.exceptions.MysqlDataTruncation: Data truncation: Truncated incorrect DOUBLE value: \'20,21,22\'\r\n### The error may exist in file [E:\\æ¯•è®¾\\è–ªèµ„ç®¡ç†ç³»ç»Ÿ\\salary-management-system\\target\\classes\\mybatis\\business\\PostSalaryallocationMapper.xml]\r\n### The error may involve com.ruoyi.project.business.salaryallocation.mapper.PostSalaryallocationMapper.deleteBySalaryId-Inline\r\n### The error occurred while setting parameters\r\n### SQL: delete from tbl_post_salaryallocation where salary_allocation_id = ?\r\n### Cause: com.mysql.cj.jdbc.exceptions.MysqlDataTruncation: Data truncation: Truncated incorrect DOUBLE value: \'20,21,22\'\n; Data truncation: Truncated incorrect DOUBLE value: \'20,21,22\'; nested exception is com.mysql.cj.jdbc.exceptions.MysqlDataTruncation: Data truncation: Truncated incorrect DOUBLE value: \'20,21,22\'','2021-07-15 21:07:58'),(599,'è–ªèµ„é…ç½®',3,'com.ruoyi.project.salary.controller.SalaryAllocationController.remove()','POST',1,'admin','ç ”å‘éƒ¨é—¨','/salary/allocation/remove','127.0.0.1','å†…ç½‘IP','{\"ids\":[\"20,21,22\"]}',NULL,1,'\r\n### Error updating database.  Cause: com.mysql.cj.jdbc.exceptions.MysqlDataTruncation: Data truncation: Truncated incorrect DOUBLE value: \'20,21,22\'\r\n### The error may exist in file [E:\\æ¯•è®¾\\è–ªèµ„ç®¡ç†ç³»ç»Ÿ\\salary-management-system\\target\\classes\\mybatis\\business\\PostSalaryallocationMapper.xml]\r\n### The error may involve com.ruoyi.project.business.salaryallocation.mapper.PostSalaryallocationMapper.deleteBySalaryId-Inline\r\n### The error occurred while setting parameters\r\n### SQL: delete from tbl_post_salaryallocation where salary_allocation_id = ?\r\n### Cause: com.mysql.cj.jdbc.exceptions.MysqlDataTruncation: Data truncation: Truncated incorrect DOUBLE value: \'20,21,22\'\n; Data truncation: Truncated incorrect DOUBLE value: \'20,21,22\'; nested exception is com.mysql.cj.jdbc.exceptions.MysqlDataTruncation: Data truncation: Truncated incorrect DOUBLE value: \'20,21,22\'','2021-07-15 21:08:45'),(600,'è–ªèµ„é…ç½®',3,'com.ruoyi.project.salary.controller.SalaryAllocationController.remove()','POST',1,'admin','ç ”å‘éƒ¨é—¨','/salary/allocation/remove','127.0.0.1','å†…ç½‘IP','{\"ids\":[\"20,21,22\"]}',NULL,1,'\r\n### Error updating database.  Cause: com.mysql.cj.jdbc.exceptions.MysqlDataTruncation: Data truncation: Truncated incorrect DOUBLE value: \'20,21,22\'\r\n### The error may exist in file [E:\\æ¯•è®¾\\è–ªèµ„ç®¡ç†ç³»ç»Ÿ\\salary-management-system\\target\\classes\\mybatis\\business\\PostSalaryallocationMapper.xml]\r\n### The error may involve com.ruoyi.project.business.salaryallocation.mapper.PostSalaryallocationMapper.deleteBySalaryId-Inline\r\n### The error occurred while setting parameters\r\n### SQL: delete from tbl_post_salaryallocation where salary_allocation_id = ?\r\n### Cause: com.mysql.cj.jdbc.exceptions.MysqlDataTruncation: Data truncation: Truncated incorrect DOUBLE value: \'20,21,22\'\n; Data truncation: Truncated incorrect DOUBLE value: \'20,21,22\'; nested exception is com.mysql.cj.jdbc.exceptions.MysqlDataTruncation: Data truncation: Truncated incorrect DOUBLE value: \'20,21,22\'','2021-07-15 21:09:01'),(601,'è–ªèµ„é…ç½®',3,'com.ruoyi.project.salary.controller.SalaryAllocationController.remove()','POST',1,'admin','ç ”å‘éƒ¨é—¨','/salary/allocation/remove','127.0.0.1','å†…ç½‘IP','{\"ids\":[\"26,27\"]}','{\"msg\":\"æ“ä½œæˆåŠŸ\",\"code\":0}',0,NULL,'2021-07-15 21:10:09'),(602,'è–ªèµ„é…ç½®',3,'com.ruoyi.project.salary.controller.SalaryAllocationController.remove()','POST',1,'admin','ç ”å‘éƒ¨é—¨','/salary/allocation/remove','127.0.0.1','å†…ç½‘IP','{\"ids\":[\"20,21,22\"]}','{\"msg\":\"æ“ä½œæˆåŠŸ\",\"code\":0}',0,NULL,'2021-07-15 21:10:14'),(603,'å·¥èµ„æ ¸ç®—',1,'com.ruoyi.project.business.account.controller.AccountController.addSave()','POST',1,'admin','ç ”å‘éƒ¨é—¨','/business/account/add','127.0.0.1','å†…ç½‘IP','{\"date\":[\"2021-07\"]}','{\"msg\":\"æ“ä½œæˆåŠŸ\",\"code\":0}',0,NULL,'2021-07-15 21:10:24'),(604,'å·¥èµ„æ ¸ç®—',3,'com.ruoyi.project.business.account.controller.AccountController.remove()','POST',1,'admin','ç ”å‘éƒ¨é—¨','/business/account/remove','127.0.0.1','å†…ç½‘IP','{\"ids\":[\"93\"]}','{\"msg\":\"æ“ä½œæˆåŠŸ\",\"code\":0}',0,NULL,'2021-07-15 21:11:25'),(605,'å·¥èµ„æ ¸ç®—',3,'com.ruoyi.project.business.account.controller.AccountController.remove()','POST',1,'admin','ç ”å‘éƒ¨é—¨','/business/account/remove','127.0.0.1','å†…ç½‘IP','{\"ids\":[\"94\"]}','{\"msg\":\"æ“ä½œæˆåŠŸ\",\"code\":0}',0,NULL,'2021-07-15 21:11:27'),(606,'å·¥èµ„æ ¸ç®—',3,'com.ruoyi.project.business.account.controller.AccountController.remove()','POST',1,'admin','ç ”å‘éƒ¨é—¨','/business/account/remove','127.0.0.1','å†…ç½‘IP','{\"ids\":[\"95\"]}','{\"msg\":\"æ“ä½œæˆåŠŸ\",\"code\":0}',0,NULL,'2021-07-15 21:11:28'),(607,'å·¥èµ„æ ¸ç®—',3,'com.ruoyi.project.business.account.controller.AccountController.remove()','POST',1,'admin','ç ”å‘éƒ¨é—¨','/business/account/remove','127.0.0.1','å†…ç½‘IP','{\"ids\":[\"96\"]}','{\"msg\":\"æ“ä½œæˆåŠŸ\",\"code\":0}',0,NULL,'2021-07-15 21:11:30'),(608,'å·¥èµ„æ ¸ç®—',1,'com.ruoyi.project.business.account.controller.AccountController.addSave()','POST',1,'admin','ç ”å‘éƒ¨é—¨','/business/account/add','127.0.0.1','å†…ç½‘IP','{\"date\":[\"2021-07\"]}','{\"msg\":\"æ“ä½œæˆåŠŸ\",\"code\":0}',0,NULL,'2021-07-15 21:12:31'),(609,'å·¥èµ„æ ¸ç®—',3,'com.ruoyi.project.business.account.controller.AccountController.remove()','POST',1,'admin','ç ”å‘éƒ¨é—¨','/business/account/remove','127.0.0.1','å†…ç½‘IP','{\"ids\":[\"97\"]}','{\"msg\":\"æ“ä½œæˆåŠŸ\",\"code\":0}',0,NULL,'2021-07-15 21:12:41'),(610,'å·¥èµ„æ ¸ç®—',3,'com.ruoyi.project.business.account.controller.AccountController.remove()','POST',1,'admin','ç ”å‘éƒ¨é—¨','/business/account/remove','127.0.0.1','å†…ç½‘IP','{\"ids\":[\"98\"]}','{\"msg\":\"æ“ä½œæˆåŠŸ\",\"code\":0}',0,NULL,'2021-07-15 21:12:43'),(611,'å·¥èµ„æ ¸ç®—',3,'com.ruoyi.project.business.account.controller.AccountController.remove()','POST',1,'admin','ç ”å‘éƒ¨é—¨','/business/account/remove','127.0.0.1','å†…ç½‘IP','{\"ids\":[\"99\"]}','{\"msg\":\"æ“ä½œæˆåŠŸ\",\"code\":0}',0,NULL,'2021-07-15 21:12:44'),(612,'å·¥èµ„æ ¸ç®—',3,'com.ruoyi.project.business.account.controller.AccountController.remove()','POST',1,'admin','ç ”å‘éƒ¨é—¨','/business/account/remove','127.0.0.1','å†…ç½‘IP','{\"ids\":[\"100\"]}','{\"msg\":\"æ“ä½œæˆåŠŸ\",\"code\":0}',0,NULL,'2021-07-15 21:12:45'),(613,'å·¥èµ„æ ¸ç®—',1,'com.ruoyi.project.business.account.controller.AccountController.addSave()','POST',1,'admin','ç ”å‘éƒ¨é—¨','/business/account/add','127.0.0.1','å†…ç½‘IP','{\"date\":[\"2021-07\"]}','{\"msg\":\"æ“ä½œæˆåŠŸ\",\"code\":0}',0,NULL,'2021-07-15 21:15:28'),(614,'å·¥èµ„æ ¸ç®—',3,'com.ruoyi.project.business.account.controller.AccountController.remove()','POST',1,'admin','ç ”å‘éƒ¨é—¨','/business/account/remove','127.0.0.1','å†…ç½‘IP','{\"ids\":[\"101\"]}','{\"msg\":\"æ“ä½œæˆåŠŸ\",\"code\":0}',0,NULL,'2021-07-15 21:15:58'),(615,'å·¥èµ„æ ¸ç®—',3,'com.ruoyi.project.business.account.controller.AccountController.remove()','POST',1,'admin','ç ”å‘éƒ¨é—¨','/business/account/remove','127.0.0.1','å†…ç½‘IP','{\"ids\":[\"102\"]}','{\"msg\":\"æ“ä½œæˆåŠŸ\",\"code\":0}',0,NULL,'2021-07-15 21:16:00'),(616,'å·¥èµ„æ ¸ç®—',3,'com.ruoyi.project.business.account.controller.AccountController.remove()','POST',1,'admin','ç ”å‘éƒ¨é—¨','/business/account/remove','127.0.0.1','å†…ç½‘IP','{\"ids\":[\"103\"]}','{\"msg\":\"æ“ä½œæˆåŠŸ\",\"code\":0}',0,NULL,'2021-07-15 21:16:01'),(617,'å·¥èµ„æ ¸ç®—',3,'com.ruoyi.project.business.account.controller.AccountController.remove()','POST',1,'admin','ç ”å‘éƒ¨é—¨','/business/account/remove','127.0.0.1','å†…ç½‘IP','{\"ids\":[\"104\"]}','{\"msg\":\"æ“ä½œæˆåŠŸ\",\"code\":0}',0,NULL,'2021-07-15 21:16:02'),(618,'å·¥èµ„æ ¸ç®—',1,'com.ruoyi.project.business.account.controller.AccountController.addSave()','POST',1,'admin','ç ”å‘éƒ¨é—¨','/business/account/add','127.0.0.1','å†…ç½‘IP','{\"date\":[\"2021-07\"]}','{\"msg\":\"æ“ä½œæˆåŠŸ\",\"code\":0}',0,NULL,'2021-07-15 21:16:06'),(619,'å·¥èµ„æ ¸ç®—',3,'com.ruoyi.project.business.account.controller.AccountController.remove()','POST',1,'admin','ç ”å‘éƒ¨é—¨','/business/account/remove','127.0.0.1','å†…ç½‘IP','{\"ids\":[\"105\"]}','{\"msg\":\"æ“ä½œæˆåŠŸ\",\"code\":0}',0,NULL,'2021-07-15 21:16:12'),(620,'å·¥èµ„æ ¸ç®—',3,'com.ruoyi.project.business.account.controller.AccountController.remove()','POST',1,'admin','ç ”å‘éƒ¨é—¨','/business/account/remove','127.0.0.1','å†…ç½‘IP','{\"ids\":[\"106\"]}','{\"msg\":\"æ“ä½œæˆåŠŸ\",\"code\":0}',0,NULL,'2021-07-15 21:16:14'),(621,'å·¥èµ„æ ¸ç®—',3,'com.ruoyi.project.business.account.controller.AccountController.remove()','POST',1,'admin','ç ”å‘éƒ¨é—¨','/business/account/remove','127.0.0.1','å†…ç½‘IP','{\"ids\":[\"107\"]}','{\"msg\":\"æ“ä½œæˆåŠŸ\",\"code\":0}',0,NULL,'2021-07-15 21:16:15'),(622,'å·¥èµ„æ ¸ç®—',3,'com.ruoyi.project.business.account.controller.AccountController.remove()','POST',1,'admin','ç ”å‘éƒ¨é—¨','/business/account/remove','127.0.0.1','å†…ç½‘IP','{\"ids\":[\"108\"]}','{\"msg\":\"æ“ä½œæˆåŠŸ\",\"code\":0}',0,NULL,'2021-07-15 21:16:17'),(623,'å·¥èµ„æ ¸ç®—',1,'com.ruoyi.project.business.account.controller.AccountController.addSave()','POST',1,'admin','ç ”å‘éƒ¨é—¨','/business/account/add','127.0.0.1','å†…ç½‘IP','{\"date\":[\"2021-07\"]}','{\"msg\":\"æ“ä½œæˆåŠŸ\",\"code\":0}',0,NULL,'2021-07-15 21:17:55'),(624,'å·¥èµ„æ ¸ç®—',3,'com.ruoyi.project.business.account.controller.AccountController.remove()','POST',1,'admin','ç ”å‘éƒ¨é—¨','/business/account/remove','127.0.0.1','å†…ç½‘IP','{\"ids\":[\"109\"]}','{\"msg\":\"æ“ä½œæˆåŠŸ\",\"code\":0}',0,NULL,'2021-07-15 21:18:08'),(625,'å·¥èµ„æ ¸ç®—',3,'com.ruoyi.project.business.account.controller.AccountController.remove()','POST',1,'admin','ç ”å‘éƒ¨é—¨','/business/account/remove','127.0.0.1','å†…ç½‘IP','{\"ids\":[\"110\"]}','{\"msg\":\"æ“ä½œæˆåŠŸ\",\"code\":0}',0,NULL,'2021-07-15 21:18:09'),(626,'å·¥èµ„æ ¸ç®—',3,'com.ruoyi.project.business.account.controller.AccountController.remove()','POST',1,'admin','ç ”å‘éƒ¨é—¨','/business/account/remove','127.0.0.1','å†…ç½‘IP','{\"ids\":[\"111\"]}','{\"msg\":\"æ“ä½œæˆåŠŸ\",\"code\":0}',0,NULL,'2021-07-15 21:18:11'),(627,'å·¥èµ„æ ¸ç®—',3,'com.ruoyi.project.business.account.controller.AccountController.remove()','POST',1,'admin','ç ”å‘éƒ¨é—¨','/business/account/remove','127.0.0.1','å†…ç½‘IP','{\"ids\":[\"112\"]}','{\"msg\":\"æ“ä½œæˆåŠŸ\",\"code\":0}',0,NULL,'2021-07-15 21:18:12'),(628,'å·¥èµ„æ ¸ç®—',1,'com.ruoyi.project.business.account.controller.AccountController.addSave()','POST',1,'admin','ç ”å‘éƒ¨é—¨','/business/account/add','127.0.0.1','å†…ç½‘IP','{\"date\":[\"2021-07\"]}','{\"msg\":\"æ“ä½œæˆåŠŸ\",\"code\":0}',0,NULL,'2021-07-15 21:19:03'),(629,'å·¥èµ„æ ¸ç®—',3,'com.ruoyi.project.business.account.controller.AccountController.remove()','POST',1,'admin','ç ”å‘éƒ¨é—¨','/business/account/remove','127.0.0.1','å†…ç½‘IP','{\"ids\":[\"113,114,115,116\"]}',NULL,1,'StatementCallback; SQL [delete from tbl_account_detail t where t.account_id = \'113,114,115,116\']; Data truncation: Truncated incorrect DOUBLE value: \'113,114,115,116\'; nested exception is com.mysql.cj.jdbc.exceptions.MysqlDataTruncation: Data truncation: Truncated incorrect DOUBLE value: \'113,114,115,116\'','2021-07-15 21:19:26'),(630,'å·¥èµ„æ ¸ç®—',3,'com.ruoyi.project.business.account.controller.AccountController.remove()','POST',1,'admin','ç ”å‘éƒ¨é—¨','/business/account/remove','127.0.0.1','å†…ç½‘IP','{\"ids\":[\"113\"]}','{\"msg\":\"æ“ä½œå¤±è´¥\",\"code\":500}',0,NULL,'2021-07-15 21:19:28'),(631,'å·¥èµ„æ ¸ç®—',3,'com.ruoyi.project.business.account.controller.AccountController.remove()','POST',1,'admin','ç ”å‘éƒ¨é—¨','/business/account/remove','127.0.0.1','å†…ç½‘IP','{\"ids\":[\"113\"]}','{\"msg\":\"æ“ä½œå¤±è´¥\",\"code\":500}',0,NULL,'2021-07-15 21:19:33'),(632,'å·¥èµ„æ ¸ç®—',1,'com.ruoyi.project.business.account.controller.AccountController.addSave()','POST',1,'admin','ç ”å‘éƒ¨é—¨','/business/account/add','127.0.0.1','å†…ç½‘IP','{\"date\":[\"2021-07\"]}','{\"msg\":\"æ“ä½œæˆåŠŸ\",\"code\":0}',0,NULL,'2021-07-15 21:21:50'),(633,'å·¥èµ„æ ¸ç®—',3,'com.ruoyi.project.business.account.controller.AccountController.remove()','POST',1,'admin','ç ”å‘éƒ¨é—¨','/business/account/remove','127.0.0.1','å†…ç½‘IP','{\"ids\":[\"117,118,119,120\"]}',NULL,1,'StatementCallback; SQL [delete from tbl_account_detail t where t.account_id = \'117,118,119,120\']; Data truncation: Truncated incorrect DOUBLE value: \'117,118,119,120\'; nested exception is com.mysql.cj.jdbc.exceptions.MysqlDataTruncation: Data truncation: Truncated incorrect DOUBLE value: \'117,118,119,120\'','2021-07-15 21:23:09'),(634,'å·¥èµ„æ ¸ç®—',3,'com.ruoyi.project.business.account.controller.AccountController.remove()','POST',1,'admin','ç ”å‘éƒ¨é—¨','/business/account/remove','127.0.0.1','å†…ç½‘IP','{\"ids\":[\"117\"]}','{\"msg\":\"æ“ä½œæˆåŠŸ\",\"code\":0}',0,NULL,'2021-07-15 21:23:14'),(635,'å·¥èµ„æ ¸ç®—',3,'com.ruoyi.project.business.account.controller.AccountController.remove()','POST',1,'admin','ç ”å‘éƒ¨é—¨','/business/account/remove','127.0.0.1','å†…ç½‘IP','{\"ids\":[\"118\"]}','{\"msg\":\"æ“ä½œæˆåŠŸ\",\"code\":0}',0,NULL,'2021-07-15 21:23:15'),(636,'å·¥èµ„æ ¸ç®—',3,'com.ruoyi.project.business.account.controller.AccountController.remove()','POST',1,'admin','ç ”å‘éƒ¨é—¨','/business/account/remove','127.0.0.1','å†…ç½‘IP','{\"ids\":[\"119\"]}','{\"msg\":\"æ“ä½œæˆåŠŸ\",\"code\":0}',0,NULL,'2021-07-15 21:23:16'),(637,'å·¥èµ„æ ¸ç®—',3,'com.ruoyi.project.business.account.controller.AccountController.remove()','POST',1,'admin','ç ”å‘éƒ¨é—¨','/business/account/remove','127.0.0.1','å†…ç½‘IP','{\"ids\":[\"120\"]}','{\"msg\":\"æ“ä½œæˆåŠŸ\",\"code\":0}',0,NULL,'2021-07-15 21:23:18'),(638,'å·¥èµ„æ ¸ç®—',1,'com.ruoyi.project.business.account.controller.AccountController.addSave()','POST',1,'admin','ç ”å‘éƒ¨é—¨','/business/account/add','127.0.0.1','å†…ç½‘IP','{\"date\":[\"2021-07\"]}',NULL,1,'\r\n### Error updating database.  Cause: java.sql.SQLIntegrityConstraintViolationException: Duplicate entry \'121\' for key \'PRIMARY\'\r\n### The error may exist in file [E:\\æ¯•è®¾\\è–ªèµ„ç®¡ç†ç³»ç»Ÿ\\salary-management-system\\target\\classes\\mybatis\\business\\AccountMapper.xml]\r\n### The error may involve com.ruoyi.project.business.account.mapper.AccountMapper.insertAccount-Inline\r\n### The error occurred while setting parameters\r\n### SQL: insert into tbl_account          ( id,             user_id,             user_name,             port_id,             port_name,             date,             state,                          shifa,             create_time )           values ( ?,             ?,             ?,             ?,             ?,             ?,             ?,                          ?,             ? )\r\n### Cause: java.sql.SQLIntegrityConstraintViolationException: Duplicate entry \'121\' for key \'PRIMARY\'\n; Duplicate entry \'121\' for key \'PRIMARY\'; nested exception is java.sql.SQLIntegrityConstraintViolationException: Duplicate entry \'121\' for key \'PRIMARY\'','2021-07-15 21:23:21'),(639,'å·¥èµ„æ ¸ç®—',1,'com.ruoyi.project.business.account.controller.AccountController.addSave()','POST',1,'admin','ç ”å‘éƒ¨é—¨','/business/account/add','127.0.0.1','å†…ç½‘IP','{\"date\":[\"2021-07\"]}','{\"msg\":\"æœ¬æœˆè–ªèµ„å·²æ ¸ç®—ï¼Œé‡æ–°æ ¸ç®—è¯·å…ˆåˆ é™¤æ‰€æœ‰æ ¸ç®—æ•°æ®\",\"code\":500}',0,NULL,'2021-07-15 21:23:27'),(640,'å·¥èµ„æ ¸ç®—',3,'com.ruoyi.project.business.account.controller.AccountController.remove()','POST',1,'admin','ç ”å‘éƒ¨é—¨','/business/account/remove','127.0.0.1','å†…ç½‘IP','{\"ids\":[\"121\"]}','{\"msg\":\"æ“ä½œæˆåŠŸ\",\"code\":0}',0,NULL,'2021-07-15 21:23:33'),(641,'å·¥èµ„æ ¸ç®—',1,'com.ruoyi.project.business.account.controller.AccountController.addSave()','POST',1,'admin','ç ”å‘éƒ¨é—¨','/business/account/add','127.0.0.1','å†…ç½‘IP','{\"date\":[\"2021-07\"]}',NULL,1,'\r\n### Error updating database.  Cause: java.sql.SQLIntegrityConstraintViolationException: Duplicate entry \'122\' for key \'PRIMARY\'\r\n### The error may exist in file [E:\\æ¯•è®¾\\è–ªèµ„ç®¡ç†ç³»ç»Ÿ\\salary-management-system\\target\\classes\\mybatis\\business\\AccountMapper.xml]\r\n### The error may involve com.ruoyi.project.business.account.mapper.AccountMapper.insertAccount-Inline\r\n### The error occurred while setting parameters\r\n### SQL: insert into tbl_account          ( id,             user_id,             user_name,             port_id,             port_name,             date,             state,                          shifa,             create_time )           values ( ?,             ?,             ?,             ?,             ?,             ?,             ?,                          ?,             ? )\r\n### Cause: java.sql.SQLIntegrityConstraintViolationException: Duplicate entry \'122\' for key \'PRIMARY\'\n; Duplicate entry \'122\' for key \'PRIMARY\'; nested exception is java.sql.SQLIntegrityConstraintViolationException: Duplicate entry \'122\' for key \'PRIMARY\'','2021-07-15 21:24:42'),(642,'å·¥èµ„æ ¸ç®—',3,'com.ruoyi.project.business.account.controller.AccountController.remove()','POST',1,'admin','ç ”å‘éƒ¨é—¨','/business/account/remove','127.0.0.1','å†…ç½‘IP','{\"ids\":[\"122\"]}','{\"msg\":\"æ“ä½œæˆåŠŸ\",\"code\":0}',0,NULL,'2021-07-15 21:24:50'),(643,'å·¥èµ„æ ¸ç®—',1,'com.ruoyi.project.business.account.controller.AccountController.addSave()','POST',1,'admin','ç ”å‘éƒ¨é—¨','/business/account/add','127.0.0.1','å†…ç½‘IP','{\"date\":[\"2021-07\"]}',NULL,1,'\r\n### Error updating database.  Cause: java.sql.SQLIntegrityConstraintViolationException: Duplicate entry \'123\' for key \'PRIMARY\'\r\n### The error may exist in file [E:\\æ¯•è®¾\\è–ªèµ„ç®¡ç†ç³»ç»Ÿ\\salary-management-system\\target\\classes\\mybatis\\business\\AccountMapper.xml]\r\n### The error may involve com.ruoyi.project.business.account.mapper.AccountMapper.insertAccount-Inline\r\n### The error occurred while setting parameters\r\n### SQL: insert into tbl_account          ( id,             user_id,             user_name,             port_id,             port_name,             date,             state,                          shifa,             create_time )           values ( ?,             ?,             ?,             ?,             ?,             ?,             ?,                          ?,             ? )\r\n### Cause: java.sql.SQLIntegrityConstraintViolationException: Duplicate entry \'123\' for key \'PRIMARY\'\n; Duplicate entry \'123\' for key \'PRIMARY\'; nested exception is java.sql.SQLIntegrityConstraintViolationException: Duplicate entry \'123\' for key \'PRIMARY\'','2021-07-15 21:25:11'),(644,'å·¥èµ„æ ¸ç®—',3,'com.ruoyi.project.business.account.controller.AccountController.remove()','POST',1,'admin','ç ”å‘éƒ¨é—¨','/business/account/remove','127.0.0.1','å†…ç½‘IP','{\"ids\":[\"123\"]}','{\"msg\":\"æ“ä½œæˆåŠŸ\",\"code\":0}',0,NULL,'2021-07-15 21:25:19'),(645,'å·¥èµ„æ ¸ç®—',1,'com.ruoyi.project.business.account.controller.AccountController.addSave()','POST',1,'admin','ç ”å‘éƒ¨é—¨','/business/account/add','127.0.0.1','å†…ç½‘IP','{\"date\":[\"2021-07\"]}',NULL,1,'\r\n### Error updating database.  Cause: java.sql.SQLIntegrityConstraintViolationException: Duplicate entry \'124\' for key \'PRIMARY\'\r\n### The error may exist in file [E:\\æ¯•è®¾\\è–ªèµ„ç®¡ç†ç³»ç»Ÿ\\salary-management-system\\target\\classes\\mybatis\\business\\AccountMapper.xml]\r\n### The error may involve com.ruoyi.project.business.account.mapper.AccountMapper.insertAccount-Inline\r\n### The error occurred while setting parameters\r\n### SQL: insert into tbl_account          ( id,             user_id,             user_name,             port_id,             port_name,             date,             state,                          shifa,             create_time )           values ( ?,             ?,             ?,             ?,             ?,             ?,             ?,                          ?,             ? )\r\n### Cause: java.sql.SQLIntegrityConstraintViolationException: Duplicate entry \'124\' for key \'PRIMARY\'\n; Duplicate entry \'124\' for key \'PRIMARY\'; nested exception is java.sql.SQLIntegrityConstraintViolationException: Duplicate entry \'124\' for key \'PRIMARY\'','2021-07-15 21:25:33'),(646,'å·¥èµ„æ ¸ç®—',3,'com.ruoyi.project.business.account.controller.AccountController.remove()','POST',1,'admin','ç ”å‘éƒ¨é—¨','/business/account/remove','127.0.0.1','å†…ç½‘IP','{\"ids\":[\"124\"]}','{\"msg\":\"æ“ä½œæˆåŠŸ\",\"code\":0}',0,NULL,'2021-07-15 21:27:04'),(647,'å·¥èµ„æ ¸ç®—',1,'com.ruoyi.project.business.account.controller.AccountController.addSave()','POST',1,'admin','ç ”å‘éƒ¨é—¨','/business/account/add','127.0.0.1','å†…ç½‘IP','{\"date\":[\"2021-07\"]}',NULL,1,'Index: 0, Size: 0','2021-07-15 21:27:09'),(648,'å·¥èµ„æ ¸ç®—',1,'com.ruoyi.project.business.account.controller.AccountController.addSave()','POST',1,'admin','ç ”å‘éƒ¨é—¨','/business/account/add','127.0.0.1','å†…ç½‘IP','{\"date\":[\"2021-07\"]}','{\"msg\":\"æœ¬æœˆè–ªèµ„å·²æ ¸ç®—ï¼Œé‡æ–°æ ¸ç®—è¯·å…ˆåˆ é™¤æ‰€æœ‰æ ¸ç®—æ•°æ®\",\"code\":500}',0,NULL,'2021-07-15 21:30:25'),(649,'å·¥èµ„æ ¸ç®—',3,'com.ruoyi.project.business.account.controller.AccountController.remove()','POST',1,'admin','ç ”å‘éƒ¨é—¨','/business/account/remove','127.0.0.1','å†…ç½‘IP','{\"ids\":[\"125\"]}','{\"msg\":\"æ“ä½œæˆåŠŸ\",\"code\":0}',0,NULL,'2021-07-15 21:30:31'),(650,'å·¥èµ„æ ¸ç®—',1,'com.ruoyi.project.business.account.controller.AccountController.addSave()','POST',1,'admin','ç ”å‘éƒ¨é—¨','/business/account/add','127.0.0.1','å†…ç½‘IP','{\"date\":[\"2021-07\"]}',NULL,1,'Index: 0, Size: 0','2021-07-15 21:30:34'),(651,'å·¥èµ„æ ¸ç®—',3,'com.ruoyi.project.business.account.controller.AccountController.remove()','POST',1,'admin','ç ”å‘éƒ¨é—¨','/business/account/remove','127.0.0.1','å†…ç½‘IP','{\"ids\":[\"126\"]}','{\"msg\":\"æ“ä½œæˆåŠŸ\",\"code\":0}',0,NULL,'2021-07-15 21:31:20'),(652,'å·¥èµ„æ ¸ç®—',1,'com.ruoyi.project.business.account.controller.AccountController.addSave()','POST',1,'admin','ç ”å‘éƒ¨é—¨','/business/account/add','127.0.0.1','å†…ç½‘IP','{\"date\":[\"2021-07\"]}',NULL,1,'Index: 0, Size: 0','2021-07-15 21:31:55'),(653,'å·¥èµ„æ ¸ç®—',1,'com.ruoyi.project.business.account.controller.AccountController.addSave()','POST',1,'admin','ç ”å‘éƒ¨é—¨','/business/account/add','127.0.0.1','å†…ç½‘IP','{\"date\":[\"2021-07\"]}',NULL,1,'Index: 0, Size: 0','2021-07-15 21:33:23'),(654,'å·¥èµ„æ ¸ç®—',1,'com.ruoyi.project.business.account.controller.AccountController.addSave()','POST',1,'admin','ç ”å‘éƒ¨é—¨','/business/account/add','127.0.0.1','å†…ç½‘IP','{\"date\":[\"2021-07\"]}',NULL,1,'\r\n### Error updating database.  Cause: java.sql.SQLIntegrityConstraintViolationException: Duplicate entry \'129\' for key \'PRIMARY\'\r\n### The error may exist in file [E:\\æ¯•è®¾\\è–ªèµ„ç®¡ç†ç³»ç»Ÿ\\salary-management-system\\target\\classes\\mybatis\\business\\AccountMapper.xml]\r\n### The error may involve com.ruoyi.project.business.account.mapper.AccountMapper.insertAccount-Inline\r\n### The error occurred while setting parameters\r\n### SQL: insert into tbl_account          ( id,             user_id,             user_name,             port_id,             port_name,             date,             state,                          shifa,             create_time )           values ( ?,             ?,             ?,             ?,             ?,             ?,             ?,                          ?,             ? )\r\n### Cause: java.sql.SQLIntegrityConstraintViolationException: Duplicate entry \'129\' for key \'PRIMARY\'\n; Duplicate entry \'129\' for key \'PRIMARY\'; nested exception is java.sql.SQLIntegrityConstraintViolationException: Duplicate entry \'129\' for key \'PRIMARY\'','2021-07-15 21:33:55'),(655,'å·¥èµ„æ ¸ç®—',1,'com.ruoyi.project.business.account.controller.AccountController.addSave()','POST',1,'admin','ç ”å‘éƒ¨é—¨','/business/account/add','127.0.0.1','å†…ç½‘IP','{\"date\":[\"2021-07\"]}','{\"msg\":\"æ“ä½œæˆåŠŸ\",\"code\":0}',0,NULL,'2021-07-15 21:35:18'),(656,'å·¥èµ„æ ¸ç®—',3,'com.ruoyi.project.business.account.controller.AccountController.remove()','POST',1,'admin','ç ”å‘éƒ¨é—¨','/business/account/remove','127.0.0.1','å†…ç½‘IP','{\"ids\":[\"130\"]}','{\"msg\":\"æ“ä½œæˆåŠŸ\",\"code\":0}',0,NULL,'2021-07-15 21:35:25'),(657,'å·¥èµ„æ ¸ç®—',3,'com.ruoyi.project.business.account.controller.AccountController.remove()','POST',1,'admin','ç ”å‘éƒ¨é—¨','/business/account/remove','127.0.0.1','å†…ç½‘IP','{\"ids\":[\"131\"]}','{\"msg\":\"æ“ä½œæˆåŠŸ\",\"code\":0}',0,NULL,'2021-07-15 21:35:27'),(658,'å·¥èµ„æ ¸ç®—',3,'com.ruoyi.project.business.account.controller.AccountController.remove()','POST',1,'admin','ç ”å‘éƒ¨é—¨','/business/account/remove','127.0.0.1','å†…ç½‘IP','{\"ids\":[\"132\"]}','{\"msg\":\"æ“ä½œæˆåŠŸ\",\"code\":0}',0,NULL,'2021-07-15 21:35:29'),(659,'å·¥èµ„æ ¸ç®—',1,'com.ruoyi.project.business.account.controller.AccountController.addSave()','POST',1,'admin','ç ”å‘éƒ¨é—¨','/business/account/add','127.0.0.1','å†…ç½‘IP','{\"date\":[\"2021-07\"]}','{\"msg\":\"æ“ä½œæˆåŠŸ\",\"code\":0}',0,NULL,'2021-07-15 21:36:09'),(660,'å·¥èµ„æ ¸ç®—',3,'com.ruoyi.project.business.account.controller.AccountController.remove()','POST',1,'admin','ç ”å‘éƒ¨é—¨','/business/account/remove','127.0.0.1','å†…ç½‘IP','{\"ids\":[\"133\"]}','{\"msg\":\"æ“ä½œæˆåŠŸ\",\"code\":0}',0,NULL,'2021-07-15 21:36:27'),(661,'å·¥èµ„æ ¸ç®—',3,'com.ruoyi.project.business.account.controller.AccountController.remove()','POST',1,'admin','ç ”å‘éƒ¨é—¨','/business/account/remove','127.0.0.1','å†…ç½‘IP','{\"ids\":[\"134\"]}','{\"msg\":\"æ“ä½œæˆåŠŸ\",\"code\":0}',0,NULL,'2021-07-15 21:36:29'),(662,'å·¥èµ„æ ¸ç®—',3,'com.ruoyi.project.business.account.controller.AccountController.remove()','POST',1,'admin','ç ”å‘éƒ¨é—¨','/business/account/remove','127.0.0.1','å†…ç½‘IP','{\"ids\":[\"135\"]}','{\"msg\":\"æ“ä½œæˆåŠŸ\",\"code\":0}',0,NULL,'2021-07-15 21:36:30'),(663,'å·¥èµ„æ ¸ç®—',3,'com.ruoyi.project.business.account.controller.AccountController.remove()','POST',1,'admin','ç ”å‘éƒ¨é—¨','/business/account/remove','127.0.0.1','å†…ç½‘IP','{\"ids\":[\"136\"]}','{\"msg\":\"æ“ä½œæˆåŠŸ\",\"code\":0}',0,NULL,'2021-07-15 21:38:54'),(664,'å·¥èµ„æ ¸ç®—',1,'com.ruoyi.project.business.account.controller.AccountController.addSave()','POST',1,'admin','ç ”å‘éƒ¨é—¨','/business/account/add','127.0.0.1','å†…ç½‘IP','{\"date\":[\"2021-07\"]}','{\"msg\":\"æ“ä½œæˆåŠŸ\",\"code\":0}',0,NULL,'2021-07-15 21:39:32'),(665,'å·¥èµ„æ ¸ç®—',3,'com.ruoyi.project.business.account.controller.AccountController.remove()','POST',1,'admin','ç ”å‘éƒ¨é—¨','/business/account/remove','127.0.0.1','å†…ç½‘IP','{\"ids\":[\"137\"]}','{\"msg\":\"æ“ä½œæˆåŠŸ\",\"code\":0}',0,NULL,'2021-07-15 21:39:35'),(666,'å·¥èµ„æ ¸ç®—',3,'com.ruoyi.project.business.account.controller.AccountController.remove()','POST',1,'admin','ç ”å‘éƒ¨é—¨','/business/account/remove','127.0.0.1','å†…ç½‘IP','{\"ids\":[\"138\"]}','{\"msg\":\"æ“ä½œæˆåŠŸ\",\"code\":0}',0,NULL,'2021-07-15 21:39:37'),(667,'å·¥èµ„æ ¸ç®—',3,'com.ruoyi.project.business.account.controller.AccountController.remove()','POST',1,'admin','ç ”å‘éƒ¨é—¨','/business/account/remove','127.0.0.1','å†…ç½‘IP','{\"ids\":[\"139\"]}','{\"msg\":\"æ“ä½œæˆåŠŸ\",\"code\":0}',0,NULL,'2021-07-15 21:39:38'),(668,'å·¥èµ„æ ¸ç®—',1,'com.ruoyi.project.business.account.controller.AccountController.addSave()','POST',1,'admin','ç ”å‘éƒ¨é—¨','/business/account/add','127.0.0.1','å†…ç½‘IP','{\"date\":[\"2021-07\"]}','{\"msg\":\"æ“ä½œæˆåŠŸ\",\"code\":0}',0,NULL,'2021-07-15 21:40:28'),(669,'å·¥èµ„æ ¸ç®—',3,'com.ruoyi.project.business.account.controller.AccountController.remove()','POST',1,'admin','ç ”å‘éƒ¨é—¨','/business/account/remove','127.0.0.1','å†…ç½‘IP','{\"ids\":[\"140\"]}','{\"msg\":\"æ“ä½œæˆåŠŸ\",\"code\":0}',0,NULL,'2021-07-15 21:41:17'),(670,'å·¥èµ„æ ¸ç®—',3,'com.ruoyi.project.business.account.controller.AccountController.remove()','POST',1,'admin','ç ”å‘éƒ¨é—¨','/business/account/remove','127.0.0.1','å†…ç½‘IP','{\"ids\":[\"141\"]}','{\"msg\":\"æ“ä½œæˆåŠŸ\",\"code\":0}',0,NULL,'2021-07-15 21:41:19'),(671,'å·¥èµ„æ ¸ç®—',3,'com.ruoyi.project.business.account.controller.AccountController.remove()','POST',1,'admin','ç ”å‘éƒ¨é—¨','/business/account/remove','127.0.0.1','å†…ç½‘IP','{\"ids\":[\"142\"]}','{\"msg\":\"æ“ä½œæˆåŠŸ\",\"code\":0}',0,NULL,'2021-07-15 21:41:21'),(672,'å·¥èµ„æ ¸ç®—',1,'com.ruoyi.project.business.account.controller.AccountController.addSave()','POST',1,'admin','ç ”å‘éƒ¨é—¨','/business/account/add','127.0.0.1','å†…ç½‘IP','{\"date\":[\"2021-07\"]}','{\"msg\":\"æ“ä½œæˆåŠŸ\",\"code\":0}',0,NULL,'2021-07-15 21:41:24'),(673,'å·¥èµ„æ ¸ç®—',3,'com.ruoyi.project.business.account.controller.AccountController.remove()','POST',1,'admin','ç ”å‘éƒ¨é—¨','/business/account/remove','127.0.0.1','å†…ç½‘IP','{\"ids\":[\"143\"]}','{\"msg\":\"æ“ä½œæˆåŠŸ\",\"code\":0}',0,NULL,'2021-07-15 21:42:05'),(674,'å·¥èµ„æ ¸ç®—',3,'com.ruoyi.project.business.account.controller.AccountController.remove()','POST',1,'admin','ç ”å‘éƒ¨é—¨','/business/account/remove','127.0.0.1','å†…ç½‘IP','{\"ids\":[\"144\"]}','{\"msg\":\"æ“ä½œæˆåŠŸ\",\"code\":0}',0,NULL,'2021-07-15 21:42:08'),(675,'å·¥èµ„æ ¸ç®—',3,'com.ruoyi.project.business.account.controller.AccountController.remove()','POST',1,'admin','ç ”å‘éƒ¨é—¨','/business/account/remove','127.0.0.1','å†…ç½‘IP','{\"ids\":[\"145\"]}','{\"msg\":\"æ“ä½œæˆåŠŸ\",\"code\":0}',0,NULL,'2021-07-15 21:42:10'),(676,'å·¥èµ„æ ¸ç®—',1,'com.ruoyi.project.business.account.controller.AccountController.addSave()','POST',1,'admin','ç ”å‘éƒ¨é—¨','/business/account/add','127.0.0.1','å†…ç½‘IP','{\"date\":[\"2021-07\"]}','{\"msg\":\"æ“ä½œæˆåŠŸ\",\"code\":0}',0,NULL,'2021-07-15 21:46:34'),(677,'å·¥èµ„æ ¸ç®—',3,'com.ruoyi.project.business.account.controller.AccountController.remove()','POST',1,'admin','ç ”å‘éƒ¨é—¨','/business/account/remove','127.0.0.1','å†…ç½‘IP','{\"ids\":[\"146,147,148\"]}',NULL,1,'StatementCallback; SQL [delete from tbl_account_detail t where t.account_id = \'146,147,148\']; Data truncation: Truncated incorrect DOUBLE value: \'146,147,148\'; nested exception is com.mysql.cj.jdbc.exceptions.MysqlDataTruncation: Data truncation: Truncated incorrect DOUBLE value: \'146,147,148\'','2021-07-15 21:48:32'),(678,'å·¥èµ„æ ¸ç®—',3,'com.ruoyi.project.business.account.controller.AccountController.remove()','POST',1,'admin','ç ”å‘éƒ¨é—¨','/business/account/remove','127.0.0.1','å†…ç½‘IP','{\"ids\":[\"146,147,148\"]}','{\"msg\":\"æ“ä½œæˆåŠŸ\",\"code\":0}',0,NULL,'2021-07-15 21:49:17'),(679,'é‡ç½®å¯†ç ',2,'com.ruoyi.project.system.user.controller.ProfileController.resetPwd()','POST',1,'admin','ç ”å‘éƒ¨é—¨','/system/user/profile/resetPwd','127.0.0.1','å†…ç½‘IP','{\"userId\":[\"1\"],\"loginName\":[\"admin\"]}','{\"msg\":\"æ“ä½œæˆåŠŸ\",\"code\":0}',0,NULL,'2021-07-15 21:49:33'),(680,'å·¥èµ„æ ¸ç®—',1,'com.ruoyi.project.business.account.controller.AccountController.addSave()','POST',1,'admin','ç ”å‘éƒ¨é—¨','/business/account/add','127.0.0.1','å†…ç½‘IP','{\"date\":[\"2021-07\"]}','{\"msg\":\"æ“ä½œæˆåŠŸ\",\"code\":0}',0,NULL,'2021-07-15 21:49:46'),(681,'å·¥èµ„æ ¸ç®—',3,'com.ruoyi.project.business.account.controller.AccountController.remove()','POST',1,'admin','ç ”å‘éƒ¨é—¨','/business/account/remove','127.0.0.1','å†…ç½‘IP','{\"ids\":[\"149,150,151\"]}','{\"msg\":\"æ“ä½œæˆåŠŸ\",\"code\":0}',0,NULL,'2021-07-15 21:50:30'),(682,'å·¥èµ„æ ¸ç®—',1,'com.ruoyi.project.business.account.controller.AccountController.addSave()','POST',1,'admin','ç ”å‘éƒ¨é—¨','/business/account/add','127.0.0.1','å†…ç½‘IP','{\"date\":[\"2021-07\"]}','{\"msg\":\"æ“ä½œæˆåŠŸ\",\"code\":0}',0,NULL,'2021-07-15 21:51:30'),(683,'å·¥èµ„æ ¸ç®—',3,'com.ruoyi.project.business.account.controller.AccountController.remove()','POST',1,'admin','ç ”å‘éƒ¨é—¨','/business/account/remove','127.0.0.1','å†…ç½‘IP','{\"ids\":[\"152,153,154\"]}','{\"msg\":\"æ“ä½œæˆåŠŸ\",\"code\":0}',0,NULL,'2021-07-15 21:52:22'),(684,'å²—ä½-è–ªèµ„é…ç½®å…³è”',1,'com.ruoyi.project.business.salaryallocation.controller.PostSalaryallocationController.addSave()','POST',1,'admin','ç ”å‘éƒ¨é—¨','/business/salaryallocation/add','127.0.0.1','å†…ç½‘IP','{\"salaryAllocationIds\":[\"1,2,3,8,10,12,14,16,17,18,19\"],\"postId\":[\"1\"]}','{\"msg\":\"æ“ä½œæˆåŠŸ\",\"code\":0}',0,NULL,'2021-07-15 21:52:52'),(685,'å²—ä½-è–ªèµ„é…ç½®å…³è”',1,'com.ruoyi.project.business.salaryallocation.controller.PostSalaryallocationController.addSave()','POST',1,'admin','ç ”å‘éƒ¨é—¨','/business/salaryallocation/add','127.0.0.1','å†…ç½‘IP','{\"salaryAllocationIds\":[\"1,2,3,8,10,12,14,16,17,18,19\"],\"postId\":[\"1\"]}','{\"msg\":\"æ“ä½œæˆåŠŸ\",\"code\":0}',0,NULL,'2021-07-15 21:53:06'),(686,'å²—ä½-è–ªèµ„é…ç½®å…³è”',1,'com.ruoyi.project.business.salaryallocation.controller.PostSalaryallocationController.addSave()','POST',1,'admin','ç ”å‘éƒ¨é—¨','/business/salaryallocation/add','127.0.0.1','å†…ç½‘IP','{\"salaryAllocationIds\":[\"1,2,3\"],\"postId\":[\"1\"]}','{\"msg\":\"æ“ä½œæˆåŠŸ\",\"code\":0}',0,NULL,'2021-07-15 21:53:49'),(687,'å²—ä½-è–ªèµ„é…ç½®å…³è”',1,'com.ruoyi.project.business.salaryallocation.controller.PostSalaryallocationController.addSave()','POST',1,'admin','ç ”å‘éƒ¨é—¨','/business/salaryallocation/add','127.0.0.1','å†…ç½‘IP','{\"salaryAllocationIds\":[\"1,2,3,8,10,12\"],\"postId\":[\"1\"]}','{\"msg\":\"æ“ä½œæˆåŠŸ\",\"code\":0}',0,NULL,'2021-07-15 21:54:06'),(688,'å²—ä½-è–ªèµ„é…ç½®å…³è”',1,'com.ruoyi.project.business.salaryallocation.controller.PostSalaryallocationController.addSave()','POST',1,'admin','ç ”å‘éƒ¨é—¨','/business/salaryallocation/add','127.0.0.1','å†…ç½‘IP','{\"salaryAllocationIds\":[\"1,2,3,8,10,12,14,16,17,18,19\"],\"postId\":[\"1\"]}','{\"msg\":\"æ“ä½œæˆåŠŸ\",\"code\":0}',0,NULL,'2021-07-15 21:54:29'),(689,'å²—ä½-è–ªèµ„é…ç½®å…³è”',1,'com.ruoyi.project.business.salaryallocation.controller.PostSalaryallocationController.addSave()','POST',1,'admin','ç ”å‘éƒ¨é—¨','/business/salaryallocation/add','127.0.0.1','å†…ç½‘IP','{\"salaryAllocationIds\":[\"2,6,7,9,11,13,15,16,17,18,19\"],\"postId\":[\"2\"]}','{\"msg\":\"æ“ä½œæˆåŠŸ\",\"code\":0}',0,NULL,'2021-07-15 21:55:23'),(690,'å²—ä½-è–ªèµ„é…ç½®å…³è”',1,'com.ruoyi.project.business.salaryallocation.controller.PostSalaryallocationController.addSave()','POST',1,'admin','ç ”å‘éƒ¨é—¨','/business/salaryallocation/add','127.0.0.1','å†…ç½‘IP','{\"salaryAllocationIds\":[\"1,2,7,16,17,18,19\"],\"postId\":[\"3\"]}','{\"msg\":\"æ“ä½œæˆåŠŸ\",\"code\":0}',0,NULL,'2021-07-15 21:55:41'),(691,'å²—ä½-è–ªèµ„é…ç½®å…³è”',1,'com.ruoyi.project.business.salaryallocation.controller.PostSalaryallocationController.addSave()','POST',1,'admin','ç ”å‘éƒ¨é—¨','/business/salaryallocation/add','127.0.0.1','å†…ç½‘IP','{\"salaryAllocationIds\":[\"1,2,16,17,19\"],\"postId\":[\"4\"]}','{\"msg\":\"æ“ä½œæˆåŠŸ\",\"code\":0}',0,NULL,'2021-07-15 21:55:54'),(692,'å·¥èµ„æ ¸ç®—',1,'com.ruoyi.project.business.account.controller.AccountController.addSave()','POST',1,'admin','ç ”å‘éƒ¨é—¨','/business/account/add','127.0.0.1','å†…ç½‘IP','{\"date\":[\"2021-07\"]}','{\"msg\":\"æ“ä½œæˆåŠŸ\",\"code\":0}',0,NULL,'2021-07-15 21:55:59'),(693,'è–ªèµ„é…ç½®',2,'com.ruoyi.project.salary.controller.SalaryAllocationController.editSave()','POST',1,'admin','ç ”å‘éƒ¨é—¨','/salary/allocation/edit','127.0.0.1','å†…ç½‘IP','{\"id\":[\"1\"],\"name\":[\"åŸºæœ¬å·¥èµ„-ä¸€çº§\"],\"type\":[\"1\"],\"rule\":[\"1\"],\"money\":[\"6000.00\"],\"state\":[\"1\"],\"grade\":[\"1\"]}','{\"msg\":\"æ“ä½œæˆåŠŸ\",\"code\":0}',0,NULL,'2021-07-15 21:57:05'),(694,'å·¥èµ„æ ¸ç®—',3,'com.ruoyi.project.business.account.controller.AccountController.remove()','POST',1,'admin','ç ”å‘éƒ¨é—¨','/business/account/remove','127.0.0.1','å†…ç½‘IP','{\"ids\":[\"155,156,157\"]}','{\"msg\":\"æ“ä½œæˆåŠŸ\",\"code\":0}',0,NULL,'2021-07-15 21:57:34'),(695,'å·¥èµ„æ ¸ç®—',1,'com.ruoyi.project.business.account.controller.AccountController.addSave()','POST',1,'admin','ç ”å‘éƒ¨é—¨','/business/account/add','127.0.0.1','å†…ç½‘IP','{\"date\":[\"2021-07\"]}','{\"msg\":\"æ“ä½œæˆåŠŸ\",\"code\":0}',0,NULL,'2021-07-15 22:00:37'),(696,'å·¥èµ„æ ¸ç®—',3,'com.ruoyi.project.business.account.controller.AccountController.remove()','POST',1,'admin','ç ”å‘éƒ¨é—¨','/business/account/remove','127.0.0.1','å†…ç½‘IP','{\"ids\":[\"158,159,160\"]}','{\"msg\":\"æ“ä½œæˆåŠŸ\",\"code\":0}',0,NULL,'2021-07-15 22:00:41'),(697,'å·¥èµ„æ ¸ç®—',1,'com.ruoyi.project.business.account.controller.AccountController.addSave()','POST',1,'admin','ç ”å‘éƒ¨é—¨','/business/account/add','127.0.0.1','å†…ç½‘IP','{\"date\":[\"2021-07\"]}','{\"msg\":\"æ“ä½œæˆåŠŸ\",\"code\":0}',0,NULL,'2021-07-15 22:02:40'),(698,'ç”¨æˆ·ç®¡ç†',1,'com.ruoyi.project.system.user.controller.UserController.addSave()','POST',1,'admin','ç ”å‘éƒ¨é—¨','/system/user/add','127.0.0.1','å†…ç½‘IP','{\"deptId\":[\"101\"],\"userName\":[\"è´¢åŠ¡äººå‘˜\"],\"deptName\":[\"æ·±åœ³æ€»å…¬å¸\"],\"phonenumber\":[\"\"],\"email\":[\"\"],\"loginName\":[\"caiwu\"],\"sex\":[\"0\"],\"role\":[\"100\"],\"remark\":[\"\"],\"status\":[\"0\"],\"roleIds\":[\"\"],\"postIds\":[\"4\"]}','{\"msg\":\"æ“ä½œæˆåŠŸ\",\"code\":0}',0,NULL,'2021-07-15 22:08:29'),(699,'ç”¨æˆ·ç®¡ç†',2,'com.ruoyi.project.system.user.controller.UserController.editSave()','POST',1,'admin','ç ”å‘éƒ¨é—¨','/system/user/edit','127.0.0.1','å†…ç½‘IP','{\"userId\":[\"102\"],\"deptId\":[\"101\"],\"userName\":[\"è´¢åŠ¡äººå‘˜\"],\"dept.deptName\":[\"æ·±åœ³æ€»å…¬å¸\"],\"phonenumber\":[\"\"],\"email\":[\"\"],\"loginName\":[\"caiwu\"],\"sex\":[\"0\"],\"role\":[\"100\"],\"remark\":[\"\"],\"status\":[\"0\"],\"roleIds\":[\"\"],\"postIds\":[\"4\"]}','{\"msg\":\"æ“ä½œæˆåŠŸ\",\"code\":0}',0,NULL,'2021-07-15 22:09:12'),(700,'é‡ç½®å¯†ç ',2,'com.ruoyi.project.system.user.controller.ProfileController.resetPwd()','POST',1,'admin','ç ”å‘éƒ¨é—¨','/system/user/profile/resetPwd','127.0.0.1','å†…ç½‘IP','{\"userId\":[\"1\"],\"loginName\":[\"admin\"]}','{\"msg\":\"æ“ä½œæˆåŠŸ\",\"code\":0}',0,NULL,'2021-07-15 22:17:11'),(701,'ç”¨æˆ·ç®¡ç†',2,'com.ruoyi.project.system.user.controller.UserController.editSave()','POST',1,'admin','ç ”å‘éƒ¨é—¨','/system/user/edit','127.0.0.1','å†…ç½‘IP','{\"userId\":[\"102\"],\"deptId\":[\"101\"],\"userName\":[\"è´¢åŠ¡äººå‘˜\"],\"dept.deptName\":[\"æ·±åœ³æ€»å…¬å¸\"],\"phonenumber\":[\"\"],\"email\":[\"\"],\"loginName\":[\"caiwu\"],\"sex\":[\"0\"],\"role\":[\"2\"],\"remark\":[\"\"],\"status\":[\"0\"],\"roleIds\":[\"2\"],\"postIds\":[\"4\"]}','{\"msg\":\"æ“ä½œæˆåŠŸ\",\"code\":0}',0,NULL,'2021-07-15 22:17:38'),(702,'ç”¨æˆ·ç®¡ç†',2,'com.ruoyi.project.system.user.controller.UserController.editSave()','POST',1,'admin','ç ”å‘éƒ¨é—¨','/system/user/edit','127.0.0.1','å†…ç½‘IP','{\"userId\":[\"102\"],\"deptId\":[\"101\"],\"userName\":[\"è´¢åŠ¡äººå‘˜\"],\"dept.deptName\":[\"æ·±åœ³æ€»å…¬å¸\"],\"phonenumber\":[\"\"],\"email\":[\"\"],\"loginName\":[\"caiwu\"],\"sex\":[\"0\"],\"role\":[\"2\",\"100\"],\"remark\":[\"\"],\"status\":[\"0\"],\"roleIds\":[\"2,100\"],\"postIds\":[\"4\"]}','{\"msg\":\"æ“ä½œæˆåŠŸ\",\"code\":0}',0,NULL,'2021-07-15 22:22:32'),(703,'ç”¨æˆ·ç®¡ç†',2,'com.ruoyi.project.system.user.controller.UserController.editSave()','POST',1,'admin','ç ”å‘éƒ¨é—¨','/system/user/edit','127.0.0.1','å†…ç½‘IP','{\"userId\":[\"102\"],\"deptId\":[\"101\"],\"userName\":[\"è´¢åŠ¡äººå‘˜\"],\"dept.deptName\":[\"æ·±åœ³æ€»å…¬å¸\"],\"phonenumber\":[\"\"],\"email\":[\"\"],\"loginName\":[\"caiwu\"],\"sex\":[\"0\"],\"role\":[\"100\"],\"remark\":[\"\"],\"status\":[\"0\"],\"roleIds\":[\"100\"],\"postIds\":[\"4\"]}','{\"msg\":\"æ“ä½œæˆåŠŸ\",\"code\":0}',0,NULL,'2021-07-15 22:25:17'),(704,'ç”¨æˆ·ç®¡ç†',1,'com.ruoyi.project.system.user.controller.UserController.addSave()','POST',1,'admin','ç ”å‘éƒ¨é—¨','/system/user/add','127.0.0.1','å†…ç½‘IP','{\"deptId\":[\"\"],\"userName\":[\"é¢†å¯¼\"],\"deptName\":[\"\"],\"phonenumber\":[\"\"],\"email\":[\"\"],\"loginName\":[\"lingdao\"],\"sex\":[\"0\"],\"role\":[\"101\"],\"remark\":[\"\"],\"status\":[\"0\"],\"roleIds\":[\"101\"],\"postIds\":[\"1\"]}','{\"msg\":\"æ“ä½œæˆåŠŸ\",\"code\":0}',0,NULL,'2021-07-15 22:27:51'),(705,'ç”¨æˆ·ç®¡ç†',2,'com.ruoyi.project.system.user.controller.UserController.editSave()','POST',1,'admin','ç ”å‘éƒ¨é—¨','/system/user/edit','127.0.0.1','å†…ç½‘IP','{\"userId\":[\"103\"],\"deptId\":[\"\"],\"userName\":[\"é¢†å¯¼\"],\"dept.deptName\":[\"\"],\"phonenumber\":[\"\"],\"email\":[\"\"],\"loginName\":[\"lingdao\"],\"sex\":[\"0\"],\"role\":[\"101\"],\"remark\":[\"\"],\"status\":[\"0\"],\"roleIds\":[\"101\"],\"postIds\":[\"1\"]}','{\"msg\":\"æ“ä½œæˆåŠŸ\",\"code\":0}',0,NULL,'2021-07-15 22:28:01'),(706,'èœå•ç®¡ç†',1,'com.ruoyi.project.system.menu.controller.MenuController.addSave()','POST',1,'admin','ç ”å‘éƒ¨é—¨','/system/menu/add','127.0.0.1','å†…ç½‘IP','{\"parentId\":[\"0\"],\"menuType\":[\"M\"],\"menuName\":[\"å‘˜å·¥ç®¡ç†\"],\"url\":[\"\"],\"target\":[\"menuItem\"],\"perms\":[\"\"],\"orderNum\":[\"1\"],\"icon\":[\"fa fa-address-book\"],\"visible\":[\"0\"],\"isRefresh\":[\"1\"]}','{\"msg\":\"æ“ä½œæˆåŠŸ\",\"code\":0}',0,NULL,'2021-07-15 22:29:20'),(707,'èœå•ç®¡ç†',1,'com.ruoyi.project.system.menu.controller.MenuController.addSave()','POST',1,'admin','ç ”å‘éƒ¨é—¨','/system/menu/add','127.0.0.1','å†…ç½‘IP','{\"parentId\":[\"0\"],\"menuType\":[\"M\"],\"menuName\":[\"è§’è‰²ç®¡ç†\"],\"url\":[\"\"],\"target\":[\"menuItem\"],\"perms\":[\"\"],\"orderNum\":[\"2\"],\"icon\":[\"fa fa-blind\"],\"visible\":[\"0\"],\"isRefresh\":[\"1\"]}','{\"msg\":\"æ“ä½œæˆåŠŸ\",\"code\":0}',0,NULL,'2021-07-15 22:31:55'),(708,'èœå•ç®¡ç†',1,'com.ruoyi.project.system.menu.controller.MenuController.addSave()','POST',1,'admin','ç ”å‘éƒ¨é—¨','/system/menu/add','127.0.0.1','å†…ç½‘IP','{\"parentId\":[\"0\"],\"menuType\":[\"M\"],\"menuName\":[\"éƒ¨é—¨ç®¡ç†\"],\"url\":[\"\"],\"target\":[\"menuItem\"],\"perms\":[\"\"],\"orderNum\":[\"3\"],\"icon\":[\"fa fa-hashtag\"],\"visible\":[\"0\"],\"isRefresh\":[\"1\"]}','{\"msg\":\"æ“ä½œæˆåŠŸ\",\"code\":0}',0,NULL,'2021-07-15 22:32:54'),(709,'èœå•ç®¡ç†',1,'com.ruoyi.project.system.menu.controller.MenuController.addSave()','POST',1,'admin','ç ”å‘éƒ¨é—¨','/system/menu/add','127.0.0.1','å†…ç½‘IP','{\"parentId\":[\"1\"],\"menuType\":[\"M\"],\"menuName\":[\"å²—ä½\"],\"url\":[\"\"],\"target\":[\"menuItem\"],\"perms\":[\"\"],\"orderNum\":[\"4\"],\"icon\":[\"\"],\"visible\":[\"0\"],\"isRefresh\":[\"1\"]}','{\"msg\":\"æ“ä½œæˆåŠŸ\",\"code\":0}',0,NULL,'2021-07-15 22:33:49'),(710,'èœå•ç®¡ç†',3,'com.ruoyi.project.system.menu.controller.MenuController.remove()','GET',1,'admin','ç ”å‘éƒ¨é—¨','/system/menu/remove/2015','127.0.0.1','å†…ç½‘IP','2015','{\"msg\":\"æ“ä½œæˆåŠŸ\",\"code\":0}',0,NULL,'2021-07-15 22:34:00'),(711,'èœå•ç®¡ç†',1,'com.ruoyi.project.system.menu.controller.MenuController.addSave()','POST',1,'admin','ç ”å‘éƒ¨é—¨','/system/menu/add','127.0.0.1','å†…ç½‘IP','{\"parentId\":[\"0\"],\"menuType\":[\"M\"],\"menuName\":[\"å²—ä½ç®¡ç†\"],\"url\":[\"\"],\"target\":[\"menuItem\"],\"perms\":[\"\"],\"orderNum\":[\"4\"],\"icon\":[\"fa fa-asterisk\"],\"visible\":[\"0\"],\"isRefresh\":[\"1\"]}','{\"msg\":\"æ“ä½œæˆåŠŸ\",\"code\":0}',0,NULL,'2021-07-15 22:34:12'),(712,'èœå•ç®¡ç†',1,'com.ruoyi.project.system.menu.controller.MenuController.addSave()','POST',1,'admin','ç ”å‘éƒ¨é—¨','/system/menu/add','127.0.0.1','å†…ç½‘IP','{\"parentId\":[\"0\"],\"menuType\":[\"M\"],\"menuName\":[\"é€šçŸ¥å…¬å‘Š\"],\"url\":[\"\"],\"target\":[\"menuItem\"],\"perms\":[\"\"],\"orderNum\":[\"5\"],\"icon\":[\"fa fa-graduation-cap\"],\"visible\":[\"0\"],\"isRefresh\":[\"1\"]}','{\"msg\":\"æ“ä½œæˆåŠŸ\",\"code\":0}',0,NULL,'2021-07-15 22:35:10'),(713,'èœå•ç®¡ç†',2,'com.ruoyi.project.system.menu.controller.MenuController.editSave()','POST',1,'admin','ç ”å‘éƒ¨é—¨','/system/menu/edit','127.0.0.1','å†…ç½‘IP','{\"menuId\":[\"106\"],\"parentId\":[\"1\"],\"menuType\":[\"C\"],\"menuName\":[\"å‚æ•°è®¾ç½®\"],\"url\":[\"/system/config\"],\"target\":[\"menuItem\"],\"perms\":[\"system:config:view\"],\"orderNum\":[\"7\"],\"icon\":[\"fa fa-sun-o\"],\"visible\":[\"1\"],\"isRefresh\":[\"1\"]}','{\"msg\":\"æ“ä½œæˆåŠŸ\",\"code\":0}',0,NULL,'2021-07-15 22:36:18'),(714,'èœå•ç®¡ç†',2,'com.ruoyi.project.system.menu.controller.MenuController.editSave()','POST',1,'admin','ç ”å‘éƒ¨é—¨','/system/menu/edit','127.0.0.1','å†…ç½‘IP','{\"menuId\":[\"108\"],\"parentId\":[\"1\"],\"menuType\":[\"M\"],\"menuName\":[\"æ—¥å¿—ç®¡ç†\"],\"url\":[\"#\"],\"target\":[\"menuItem\"],\"perms\":[\"\"],\"orderNum\":[\"9\"],\"icon\":[\"fa fa-pencil-square-o\"],\"visible\":[\"1\"],\"isRefresh\":[\"1\"]}','{\"msg\":\"æ“ä½œæˆåŠŸ\",\"code\":0}',0,NULL,'2021-07-15 22:36:24'),(715,'èœå•ç®¡ç†',2,'com.ruoyi.project.system.menu.controller.MenuController.editSave()','POST',1,'admin','ç ”å‘éƒ¨é—¨','/system/menu/edit','127.0.0.1','å†…ç½‘IP','{\"menuId\":[\"2\"],\"parentId\":[\"0\"],\"menuType\":[\"M\"],\"menuName\":[\"ç³»ç»Ÿç›‘æ§\"],\"url\":[\"#\"],\"target\":[\"menuItem\"],\"perms\":[\"\"],\"orderNum\":[\"2\"],\"icon\":[\"fa fa-video-camera\"],\"visible\":[\"1\"],\"isRefresh\":[\"1\"]}','{\"msg\":\"æ“ä½œæˆåŠŸ\",\"code\":0}',0,NULL,'2021-07-15 22:36:38'),(716,'èœå•ç®¡ç†',2,'com.ruoyi.project.system.menu.controller.MenuController.editSave()','POST',1,'admin','ç ”å‘éƒ¨é—¨','/system/menu/edit','127.0.0.1','å†…ç½‘IP','{\"menuId\":[\"3\"],\"parentId\":[\"0\"],\"menuType\":[\"M\"],\"menuName\":[\"ç³»ç»Ÿå·¥å…·\"],\"url\":[\"#\"],\"target\":[\"menuItem\"],\"perms\":[\"\"],\"orderNum\":[\"3\"],\"icon\":[\"fa fa-bars\"],\"visible\":[\"1\"],\"isRefresh\":[\"1\"]}','{\"msg\":\"æ“ä½œæˆåŠŸ\",\"code\":0}',0,NULL,'2021-07-15 22:36:50'),(717,'è§’è‰²ç®¡ç†',2,'com.ruoyi.project.system.role.controller.RoleController.editSave()','POST',1,'admin','ç ”å‘éƒ¨é—¨','/system/role/edit','127.0.0.1','å†…ç½‘IP','{\"roleId\":[\"2\"],\"roleName\":[\"æ™®é€šè§’è‰²\"],\"roleKey\":[\"common\"],\"roleSort\":[\"2\"],\"status\":[\"0\"],\"remark\":[\"æ™®é€šè§’è‰²\"],\"menuIds\":[\"2000,2004,2005,2006,2007,2008,107,1035\"]}','{\"msg\":\"æ“ä½œæˆåŠŸ\",\"code\":0}',0,NULL,'2021-07-15 22:38:57'),(718,'èœå•ç®¡ç†',1,'com.ruoyi.project.system.menu.controller.MenuController.addSave()','POST',1,'admin','ç ”å‘éƒ¨é—¨','/system/menu/add','127.0.0.1','å†…ç½‘IP','{\"parentId\":[\"2000\"],\"menuType\":[\"C\"],\"menuName\":[\"å·¥èµ„æ¡\"],\"url\":[\"\"],\"target\":[\"menuItem\"],\"perms\":[\"\"],\"orderNum\":[\"3\"],\"icon\":[\"\"],\"visible\":[\"0\"],\"isRefresh\":[\"1\"]}','{\"msg\":\"æ“ä½œæˆåŠŸ\",\"code\":0}',0,NULL,'2021-07-15 22:39:43'),(719,'éƒ¨é—¨ç®¡ç†',2,'com.ruoyi.project.system.dept.controller.DeptController.editSave()','POST',1,'admin','ç ”å‘éƒ¨é—¨','/system/dept/edit','127.0.0.1','å†…ç½‘IP','{\"deptId\":[\"101\"],\"parentId\":[\"100\"],\"parentName\":[\"è‹¥ä¾ç§‘æŠ€\"],\"deptName\":[\"åŒ—äº¬æ€»å…¬å¸\"],\"orderNum\":[\"1\"],\"leader\":[\"å¼ ä¸‰\"],\"phone\":[\"15888888888\"],\"email\":[\"123@qq.com\"],\"status\":[\"0\"]}','{\"msg\":\"æ“ä½œæˆåŠŸ\",\"code\":0}',0,NULL,'2021-07-17 11:46:46'),(720,'èœå•ç®¡ç†',2,'com.ruoyi.project.system.menu.controller.MenuController.editSave()','POST',1,'admin','ç ”å‘éƒ¨é—¨','/system/menu/edit','127.0.0.1','å†…ç½‘IP','{\"menuId\":[\"2018\"],\"parentId\":[\"2000\"],\"menuType\":[\"C\"],\"menuName\":[\"å·¥èµ„æ¡\"],\"url\":[\"/business/account/accountPer\"],\"target\":[\"menuItem\"],\"perms\":[\"business:accountPer:view\"],\"orderNum\":[\"3\"],\"icon\":[\"#\"],\"visible\":[\"0\"],\"isRefresh\":[\"1\"]}','{\"msg\":\"æ“ä½œæˆåŠŸ\",\"code\":0}',0,NULL,'2021-07-17 11:56:39'),(721,'é‡ç½®å¯†ç ',2,'com.ruoyi.project.system.user.controller.ProfileController.resetPwd()','POST',1,'admin','ç ”å‘éƒ¨é—¨','/system/user/profile/resetPwd','127.0.0.1','å†…ç½‘IP','{\"userId\":[\"1\"],\"loginName\":[\"admin\"]}','{\"msg\":\"æ“ä½œæˆåŠŸ\",\"code\":0}',0,NULL,'2021-07-17 12:04:13'),(722,'è§’è‰²ç®¡ç†',2,'com.ruoyi.project.system.role.controller.RoleController.editSave()','POST',1,'admin','ç ”å‘éƒ¨é—¨','/system/role/edit','127.0.0.1','å†…ç½‘IP','{\"roleId\":[\"2\"],\"roleName\":[\"æ™®é€šè§’è‰²\"],\"roleKey\":[\"common\"],\"roleSort\":[\"2\"],\"status\":[\"0\"],\"remark\":[\"æ™®é€šè§’è‰²\"],\"menuIds\":[\"2000,2004,2005,2006,2007,2008,2018,2017,107,1035\"]}','{\"msg\":\"æ“ä½œæˆåŠŸ\",\"code\":0}',0,NULL,'2021-07-17 12:05:30'),(723,'è§’è‰²ç®¡ç†',2,'com.ruoyi.project.system.role.controller.RoleController.editSave()','POST',1,'admin','ç ”å‘éƒ¨é—¨','/system/role/edit','127.0.0.1','å†…ç½‘IP','{\"roleId\":[\"100\"],\"roleName\":[\"è´¢åŠ¡äººå‘˜\"],\"roleKey\":[\"finance\"],\"roleSort\":[\"3\"],\"status\":[\"0\"],\"remark\":[\"\"],\"menuIds\":[\"2001,2002,2003,2010,2011,2000,2004,2005,2006,2007,2008,2018,2017,107,1035\"]}','{\"msg\":\"æ“ä½œæˆåŠŸ\",\"code\":0}',0,NULL,'2021-07-17 12:06:33'),(724,'è§’è‰²ç®¡ç†',2,'com.ruoyi.project.system.role.controller.RoleController.editSave()','POST',1,'admin','ç ”å‘éƒ¨é—¨','/system/role/edit','127.0.0.1','å†…ç½‘IP','{\"roleId\":[\"101\"],\"roleName\":[\"å®¡æ‰¹äººå‘˜ï¼ˆé¢†å¯¼ï¼‰\"],\"roleKey\":[\"approval\"],\"roleSort\":[\"4\"],\"status\":[\"0\"],\"remark\":[\"\"],\"menuIds\":[\"1,102,1012,1013,1014,1015,105,1025,1026,1027,1028,1029,106,1030,1031,1032,1033,1034,108,500,1039,1040,1041,1042,501,1043,1044,1045,1046,2012,100,1000,1001,1002,1003,1004,1005,1006,2,109,1047,1048,1049,110,1050,1051,1052,1053,1054,1055,1056,111,112,113,2013,101,1007,1008,1009,1010,1011,3,114,115,1057,1058,1059,1060,1061,116,2014,103,1016,1017,1018,1019,2016,104,1020,1021,1022,1023,1024,2001,2002,2003,2010,2011,2000,2004,2005,2006,2007,2008,2018,2017,107,1035,1036,1037,1038\"]}','{\"msg\":\"æ“ä½œæˆåŠŸ\",\"code\":0}',0,NULL,'2021-07-17 12:07:03'),(725,'é€šçŸ¥å…¬å‘Š',2,'com.ruoyi.project.system.notice.controller.NoticeController.editSave()','POST',1,'admin','ç ”å‘éƒ¨é—¨','/system/notice/edit','127.0.0.1','å†…ç½‘IP','{\"noticeId\":[\"1\"],\"noticeTitle\":[\"åˆ°å²—äººå‘˜æµ‹æ¸©æƒ…å†µæ—¥é€šæŠ¥\"],\"noticeType\":[\"2\"],\"noticeContent\":[\"<p style=\\\"padding: 0px; margin-bottom: 0px; color: rgb(0, 0, 0); font-family: å¾®è½¯é›…é»‘; font-size: 16px; text-align: justify; line-height: 37px;\\\"><span style=\\\"font-family: ä»¿å®‹_GB2312; font-size: 21px;\\\">å…¬å¸å„éƒ¨ï¼š</span></p><p style=\\\"padding: 0px; margin-bottom: 0px; color: rgb(0, 0, 0); font-family: å¾®è½¯é›…é»‘; font-size: 16px; text-align: justify; line-height: 37px; text-indent: 43px;\\\"><span style=\\\"font-family: ä»¿å®‹_GB2312; font-size: 21px;\\\">ä¸ºåŠ å¼ºå¸¸æ€åŒ–ç–«æƒ…é˜²æ§å·¥ä½œè½å®è½åœ°ï¼Œç£ä¿ƒç–«æƒ…é˜²æ§æªæ–½æœ‰æ•ˆæ‰§è¡Œï¼Œç°å¯¹7æœˆ13æ—¥åˆ°å²—äººå‘˜æµ‹æ¸©æƒ…å†µé€šæŠ¥å¦‚ä¸‹ï¼š</span></p><p style=\\\"padding: 0px; margin-bottom: 0px; color: rgb(0, 0, 0); font-family: å¾®è½¯é›…é»‘; font-size: 16px; text-align: justify; line-height: 37px; text-indent: 43px;\\\"><span style=\\\"font-family: ä»¿å®‹_GB2312; font-size: 21px;\\\">ä»Šæ—¥å…¬å¸åˆ°å²—äººæ•°</span><span style=\\\"font-family: ä»¿å®‹_GB2312; font-size: 21px;\\\">903</span><span style=\\\"font-family: ä»¿å®‹_GB2312; font-size: 21px;\\\">äººï¼Œ</span><span style=\\\"font-family: ä»¿å®‹_GB2312; font-size: 21px;\\\">å·²</span><span style=\\\"font-family: ä»¿å®‹_GB2312; font-size: 21px;\\\">æµ‹æ¸©äººæ•°</span><span style=\\\"font-family: ä»¿å®‹_GB2312; font-size: 21px;\\\">903</span><span style=\\\"font-family: ä»¿å®‹_GB2312; font-size: 21px;\\\">äººï¼Œæœªæµ‹æ¸©äººæ•°</span><span style=\\\"font-family: ä»¿å®‹_GB2312; font-size: 21px;\\\">0</span><span style=\\\"font-family: ä»¿å®‹_GB2312; font-size: 21px;\\\">äººï¼Œè¯¦è§</span><span style=\\\"font-family: ä»¿å®‹_GB2312; font-size: 21px;\\\">ä¸‹è¡¨</span><span style=\\\"font-family: ä»¿å®‹_GB2312; font-size: 21px;\\\">ã€‚</span></p><table width=\\\"567\\\" style=\\\"margin-bottom: 10px; color: rgb(0, 0, 0); font-family: å¾®è½¯é›…é»‘; font-size: 16px; text-align: justify; background-color: rgb(255, 255, 255);\\\"><tbody><tr class=\\\"firstRow\\\" style=\\\"height: 38px;\\\"><td width=\\\"34\\\" valign=\\\"center\\\" style=\\\"padding-top: 1px; padding-right: 1px; padding-left: 1px; margin: 0px; background: transparent; border: 1px solid rgb(0, 0, 0);\\\"><p style=\\\"padding: 0px; margin-bottom: 0px; text-align: center; vertical-align: middle;\\\"><strong><span style=\\\"fon',NULL,1,'\r\n### Error updating database.  Cause: com.mysql.cj.jdbc.exceptions.MysqlDataTruncation: Data truncation: Data too long for column \'notice_content\' at row 1\r\n### The error may exist in file [E:\\æ¯•è®¾\\è–ªèµ„ç®¡ç†ç³»ç»Ÿ\\salary-management-system\\target\\classes\\mybatis\\system\\NoticeMapper.xml]\r\n### The error may involve com.ruoyi.project.system.notice.mapper.NoticeMapper.updateNotice-Inline\r\n### The error occurred while setting parameters\r\n### SQL: update sys_notice           SET notice_title = ?,              notice_type = ?,              notice_content = ?,              status = ?,              update_by = ?,     update_time = sysdate()          where notice_id = ?\r\n### Cause: com.mysql.cj.jdbc.exceptions.MysqlDataTruncation: Data truncation: Data too long for column \'notice_content\' at row 1\n; Data truncation: Data too long for column \'notice_content\' at row 1; nested exception is com.mysql.cj.jdbc.exceptions.MysqlDataTruncation: Data truncation: Data too long for column \'notice_content\' at row 1','2021-07-17 13:46:35'),(726,'é€šçŸ¥å…¬å‘Š',2,'com.ruoyi.project.system.notice.controller.NoticeController.editSave()','POST',1,'admin','ç ”å‘éƒ¨é—¨','/system/notice/edit','127.0.0.1','å†…ç½‘IP','{\"noticeId\":[\"1\"],\"noticeTitle\":[\"åˆ°å²—äººå‘˜æµ‹æ¸©æƒ…å†µæ—¥é€šæŠ¥\"],\"noticeType\":[\"2\"],\"noticeContent\":[\"<p style=\\\"padding: 0px; margin-bottom: 0px; color: rgb(0, 0, 0); font-family: å¾®è½¯é›…é»‘; font-size: 16px; text-align: justify; line-height: 37px;\\\"><span style=\\\"font-family: ä»¿å®‹_GB2312; font-size: 21px;\\\">å…¬å¸å„éƒ¨ï¼š</span></p><p style=\\\"padding: 0px; margin-bottom: 0px; color: rgb(0, 0, 0); font-family: å¾®è½¯é›…é»‘; font-size: 16px; text-align: justify; line-height: 37px; text-indent: 43px;\\\"><span style=\\\"font-family: ä»¿å®‹_GB2312; font-size: 21px;\\\">ä¸ºåŠ å¼ºå¸¸æ€åŒ–ç–«æƒ…é˜²æ§å·¥ä½œè½å®è½åœ°ï¼Œç£ä¿ƒç–«æƒ…é˜²æ§æªæ–½æœ‰æ•ˆæ‰§è¡Œï¼Œç°å¯¹7æœˆ13æ—¥åˆ°å²—äººå‘˜æµ‹æ¸©æƒ…å†µé€šæŠ¥å¦‚ä¸‹ï¼š</span></p><p style=\\\"padding: 0px; margin-bottom: 0px; color: rgb(0, 0, 0); font-family: å¾®è½¯é›…é»‘; font-size: 16px; text-align: justify; line-height: 37px; text-indent: 43px;\\\"><span style=\\\"font-family: ä»¿å®‹_GB2312; font-size: 21px;\\\">ä»Šæ—¥å…¬å¸åˆ°å²—äººæ•°</span><span style=\\\"font-family: ä»¿å®‹_GB2312; font-size: 21px;\\\">903</span><span style=\\\"font-family: ä»¿å®‹_GB2312; font-size: 21px;\\\">äººï¼Œ</span><span style=\\\"font-family: ä»¿å®‹_GB2312; font-size: 21px;\\\">å·²</span><span style=\\\"font-family: ä»¿å®‹_GB2312; font-size: 21px;\\\">æµ‹æ¸©äººæ•°</span><span style=\\\"font-family: ä»¿å®‹_GB2312; font-size: 21px;\\\">903</span><span style=\\\"font-family: ä»¿å®‹_GB2312; font-size: 21px;\\\">äººï¼Œæœªæµ‹æ¸©äººæ•°</span><span style=\\\"font-family: ä»¿å®‹_GB2312; font-size: 21px;\\\">0</span><span style=\\\"font-family: ä»¿å®‹_GB2312; font-size: 21px;\\\">äººï¼Œè¯¦è§</span><span style=\\\"font-family: ä»¿å®‹_GB2312; font-size: 21px;\\\">ä¸‹è¡¨</span><span style=\\\"font-family: ä»¿å®‹_GB2312; font-size: 21px;\\\">ã€‚</span></p><table width=\\\"567\\\" style=\\\"margin-bottom: 10px; color: rgb(0, 0, 0); font-family: å¾®è½¯é›…é»‘; font-size: 16px; text-align: justify; background-color: rgb(255, 255, 255);\\\"><tbody><tr class=\\\"firstRow\\\" style=\\\"height: 38px;\\\"><td width=\\\"34\\\" valign=\\\"center\\\" style=\\\"padding-top: 1px; padding-right: 1px; padding-left: 1px; margin: 0px; background: transparent; border: 1px solid rgb(0, 0, 0);\\\"><p style=\\\"padding: 0px; margin-bottom: 0px; text-align: center; vertical-align: middle;\\\"><strong><span style=\\\"fon','{\"msg\":\"æ“ä½œæˆåŠŸ\",\"code\":0}',0,NULL,'2021-07-17 13:46:53'),(727,'é€šçŸ¥å…¬å‘Š',3,'com.ruoyi.project.system.notice.controller.NoticeController.remove()','POST',1,'admin','ç ”å‘éƒ¨é—¨','/system/notice/remove','127.0.0.1','å†…ç½‘IP','{\"ids\":[\"2\"]}','{\"msg\":\"æ“ä½œæˆåŠŸ\",\"code\":0}',0,NULL,'2021-07-17 14:00:54'),(728,'ç”¨æˆ·ç®¡ç†',3,'com.ruoyi.project.system.user.controller.UserController.remove()','POST',1,'admin','ç ”å‘éƒ¨é—¨','/system/user/remove','127.0.0.1','å†…ç½‘IP','{\"ids\":[\"101\"]}','{\"msg\":\"æ“ä½œæˆåŠŸ\",\"code\":0}',0,NULL,'2021-07-17 14:02:38'),(729,'ç”¨æˆ·ç®¡ç†',3,'com.ruoyi.project.system.user.controller.UserController.remove()','POST',1,'admin','ç ”å‘éƒ¨é—¨','/system/user/remove','127.0.0.1','å†…ç½‘IP','{\"ids\":[\"100\"]}','{\"msg\":\"æ“ä½œæˆåŠŸ\",\"code\":0}',0,NULL,'2021-07-17 14:02:41'),(730,'ç”¨æˆ·ç®¡ç†',3,'com.ruoyi.project.system.user.controller.UserController.remove()','POST',1,'admin','ç ”å‘éƒ¨é—¨','/system/user/remove','127.0.0.1','å†…ç½‘IP','{\"ids\":[\"2\"]}','{\"msg\":\"æ“ä½œæˆåŠŸ\",\"code\":0}',0,NULL,'2021-07-17 14:02:43'),(731,'ç”¨æˆ·ç®¡ç†',1,'com.ruoyi.project.system.user.controller.UserController.addSave()','POST',1,'admin','ç ”å‘éƒ¨é—¨','/system/user/add','127.0.0.1','å†…ç½‘IP','{\"deptId\":[\"\"],\"userName\":[\"æ™®é€šå‘˜å·¥\"],\"deptName\":[\"\"],\"phonenumber\":[\"\"],\"email\":[\"\"],\"loginName\":[\"putong\"],\"sex\":[\"0\"],\"role\":[\"2\"],\"remark\":[\"\"],\"status\":[\"0\"],\"roleIds\":[\"2\"],\"postIds\":[\"1\"]}','{\"msg\":\"æ“ä½œæˆåŠŸ\",\"code\":0}',0,NULL,'2021-07-17 14:03:21'),(732,'èœå•ç®¡ç†',1,'com.ruoyi.project.system.menu.controller.MenuController.addSave()','POST',1,'admin','ç ”å‘éƒ¨é—¨','/system/menu/add','127.0.0.1','å†…ç½‘IP','{\"parentId\":[\"2004\"],\"menuType\":[\"F\"],\"menuName\":[\"åˆ—è¡¨\"],\"url\":[\"\"],\"target\":[\"menuItem\"],\"perms\":[\"salary:work:list\"],\"orderNum\":[\"1\"],\"icon\":[\"\"],\"visible\":[\"0\"],\"isRefresh\":[\"1\"]}','{\"msg\":\"æ“ä½œæˆåŠŸ\",\"code\":0}',0,NULL,'2021-07-17 14:06:19'),(733,'èœå•ç®¡ç†',1,'com.ruoyi.project.system.menu.controller.MenuController.addSave()','POST',1,'admin','ç ”å‘éƒ¨é—¨','/system/menu/add','127.0.0.1','å†…ç½‘IP','{\"parentId\":[\"2008\"],\"menuType\":[\"F\"],\"menuName\":[\"åˆ—è¡¨\"],\"url\":[\"\"],\"target\":[\"menuItem\"],\"perms\":[\"business:level:list\"],\"orderNum\":[\"1\"],\"icon\":[\"\"],\"visible\":[\"0\"],\"isRefresh\":[\"1\"]}','{\"msg\":\"æ“ä½œæˆåŠŸ\",\"code\":0}',0,NULL,'2021-07-17 14:07:03'),(734,'è§’è‰²ç®¡ç†',2,'com.ruoyi.project.system.role.controller.RoleController.editSave()','POST',1,'admin','ç ”å‘éƒ¨é—¨','/system/role/edit','127.0.0.1','å†…ç½‘IP','{\"roleId\":[\"2\"],\"roleName\":[\"æ™®é€šè§’è‰²\"],\"roleKey\":[\"common\"],\"roleSort\":[\"2\"],\"status\":[\"0\"],\"remark\":[\"æ™®é€šè§’è‰²\"],\"menuIds\":[\"2000,2004,2005,2019,2006,2007,2008,2020,2018,2017,107,1035\"]}','{\"msg\":\"æ“ä½œæˆåŠŸ\",\"code\":0}',0,NULL,'2021-07-17 14:07:55'),(735,'è€ƒå‹¤',1,'com.ruoyi.project.business.work.controller.CheckWorkController.addSave()','POST',1,'putong',NULL,'/salary/work/add','127.0.0.1','å†…ç½‘IP','{\"date\":[\"2021-07-17\"],\"workTime\":[\"14:13:46\"]}','{\"msg\":\"æ“ä½œæˆåŠŸ\",\"code\":0}',0,NULL,'2021-07-17 14:13:47'),(736,'è€ƒå‹¤',1,'com.ruoyi.project.business.work.controller.CheckWorkController.addSave()','POST',1,'putong',NULL,'/salary/work/add','127.0.0.1','å†…ç½‘IP','{\"date\":[\"2021-07-17\"],\"workTime\":[\"14:13:49\"]}','{\"msg\":\"ä¸Šç­å·²æ‰“å¡ï¼Œä¸‹ç­æ‰“å¡è¯·æ‰§è¡Œä¸‹ç­æ‰“å¡\",\"code\":500}',0,NULL,'2021-07-17 14:13:51'),(737,'è€ƒå‹¤',1,'com.ruoyi.project.business.work.controller.CheckWorkController.addSave()','POST',1,'putong',NULL,'/salary/work/add','127.0.0.1','å†…ç½‘IP','{\"date\":[\"2021-07-17\"],\"closeTime\":[\"14:13:53\"]}','{\"msg\":\"æ“ä½œæˆåŠŸ\",\"code\":0}',0,NULL,'2021-07-17 14:13:54'),(738,'è€ƒå‹¤',1,'com.ruoyi.project.business.work.controller.CheckWorkController.addSave()','POST',1,'putong',NULL,'/salary/work/add','127.0.0.1','å†…ç½‘IP','{\"date\":[\"2021-07-17\"],\"closeTime\":[\"14:13:56\"]}','{\"msg\":\"ä»Šæ—¥æ‰“å¡å·²å®Œæˆï¼Œè¯·å‹¿é‡å¤\",\"code\":500}',0,NULL,'2021-07-17 14:13:56'),(739,'è€ƒå‹¤',1,'com.ruoyi.project.business.work.controller.CheckWorkController.addSave()','POST',1,'putong',NULL,'/salary/work/add','127.0.0.1','å†…ç½‘IP','{\"date\":[\"2021-07-17\"],\"workTime\":[\"17:14:32\"]}','{\"msg\":\"ä¸Šç­å·²æ‰“å¡ï¼Œä¸‹ç­æ‰“å¡è¯·æ‰§è¡Œä¸‹ç­æ‰“å¡\",\"code\":500}',0,NULL,'2021-07-17 17:14:33'),(740,'è¯·å‡',3,'com.ruoyi.project.business.level.controller.LevelController.remove()','POST',1,'admin','ç ”å‘éƒ¨é—¨','/business/level/remove','127.0.0.1','å†…ç½‘IP','{\"ids\":[\"6\"]}','{\"msg\":\"è¯¥è¯·å‡å·²å®¡æ‰¹ï¼Œä¸å¯ä¿®æ”¹\",\"code\":500}',0,NULL,'2021-07-17 17:37:04'),(741,'å®¡æ‰¹',2,'com.ruoyi.project.business.level.controller.LevelController.shenpiSave()','POST',1,'admin','ç ”å‘éƒ¨é—¨','/business/level/shenpi','127.0.0.1','å†…ç½‘IP','{\"id\":[\"6\"],\"userName\":[\"è‹¥ä¾\"],\"reason\":[\"ä¸å¹²äº†\"],\"result\":[\"0\"],\"approvalReason\":[\"\"]}','{\"msg\":\"æ“ä½œæˆåŠŸ\",\"code\":0}',0,NULL,'2021-07-17 17:37:09'),(742,'èœå•ç®¡ç†',1,'com.ruoyi.project.system.menu.controller.MenuController.addSave()','POST',1,'admin','ç ”å‘éƒ¨é—¨','/system/menu/add','127.0.0.1','å†…ç½‘IP','{\"parentId\":[\"2008\"],\"menuType\":[\"F\"],\"menuName\":[\"æ–°å¢\"],\"url\":[\"\"],\"target\":[\"menuItem\"],\"perms\":[\"business:level:add\"],\"orderNum\":[\"2\"],\"icon\":[\"\"],\"visible\":[\"0\"],\"isRefresh\":[\"1\"]}','{\"msg\":\"æ“ä½œæˆåŠŸ\",\"code\":0}',0,NULL,'2021-07-17 17:38:18'),(743,'èœå•ç®¡ç†',1,'com.ruoyi.project.system.menu.controller.MenuController.addSave()','POST',1,'admin','ç ”å‘éƒ¨é—¨','/system/menu/add','127.0.0.1','å†…ç½‘IP','{\"parentId\":[\"2008\"],\"menuType\":[\"F\"],\"menuName\":[\"å¯¼å‡º\"],\"url\":[\"\"],\"target\":[\"menuItem\"],\"perms\":[\"business:level:export\"],\"orderNum\":[\"3\"],\"icon\":[\"\"],\"visible\":[\"0\"],\"isRefresh\":[\"1\"]}','{\"msg\":\"æ“ä½œæˆåŠŸ\",\"code\":0}',0,NULL,'2021-07-17 17:38:43'),(744,'èœå•ç®¡ç†',1,'com.ruoyi.project.system.menu.controller.MenuController.addSave()','POST',1,'admin','ç ”å‘éƒ¨é—¨','/system/menu/add','127.0.0.1','å†…ç½‘IP','{\"parentId\":[\"2008\"],\"menuType\":[\"F\"],\"menuName\":[\"ç¼–è¾‘\"],\"url\":[\"\"],\"target\":[\"menuItem\"],\"perms\":[\"business:level:edit\"],\"orderNum\":[\"4\"],\"icon\":[\"\"],\"visible\":[\"0\"],\"isRefresh\":[\"1\"]}','{\"msg\":\"æ“ä½œæˆåŠŸ\",\"code\":0}',0,NULL,'2021-07-17 17:39:03'),(745,'èœå•ç®¡ç†',1,'com.ruoyi.project.system.menu.controller.MenuController.addSave()','POST',1,'admin','ç ”å‘éƒ¨é—¨','/system/menu/add','127.0.0.1','å†…ç½‘IP','{\"parentId\":[\"2008\"],\"menuType\":[\"F\"],\"menuName\":[\"åˆ é™¤\"],\"url\":[\"\"],\"target\":[\"menuItem\"],\"perms\":[\"business:level:remove\"],\"orderNum\":[\"5\"],\"icon\":[\"\"],\"visible\":[\"0\"],\"isRefresh\":[\"1\"]}','{\"msg\":\"æ“ä½œæˆåŠŸ\",\"code\":0}',0,NULL,'2021-07-17 17:39:25'),(746,'è§’è‰²ç®¡ç†',2,'com.ruoyi.project.system.role.controller.RoleController.editSave()','POST',1,'admin','ç ”å‘éƒ¨é—¨','/system/role/edit','127.0.0.1','å†…ç½‘IP','{\"roleId\":[\"2\"],\"roleName\":[\"æ™®é€šè§’è‰²\"],\"roleKey\":[\"common\"],\"roleSort\":[\"2\"],\"status\":[\"0\"],\"remark\":[\"æ™®é€šè§’è‰²\"],\"menuIds\":[\"2000,2004,2005,2019,2006,2007,2008,2020,2021,2023,2024,2018,2017,107,1035\"]}','{\"msg\":\"æ“ä½œæˆåŠŸ\",\"code\":0}',0,NULL,'2021-07-17 17:39:42'),(747,'è§’è‰²ç®¡ç†',2,'com.ruoyi.project.system.role.controller.RoleController.editSave()','POST',1,'admin','ç ”å‘éƒ¨é—¨','/system/role/edit','127.0.0.1','å†…ç½‘IP','{\"roleId\":[\"101\"],\"roleName\":[\"å®¡æ‰¹äººå‘˜ï¼ˆé¢†å¯¼ï¼‰\"],\"roleKey\":[\"approval\"],\"roleSort\":[\"4\"],\"status\":[\"0\"],\"remark\":[\"\"],\"menuIds\":[\"1,102,1012,1013,1014,1015,105,1025,1026,1027,1028,1029,106,1030,1031,1032,1033,1034,108,500,1039,1040,1041,1042,501,1043,1044,1045,1046,2012,100,1000,1001,1002,1003,1004,1005,1006,2,109,1047,1048,1049,110,1050,1051,1052,1053,1054,1055,1056,111,112,113,2013,101,1007,1008,1009,1010,1011,3,114,115,1057,1058,1059,1060,1061,116,2014,103,1016,1017,1018,1019,2016,104,1020,1021,1022,1023,1024,2001,2002,2003,2010,2011,2000,2004,2005,2006,2007,2008,2020,2022,2018,2017,107,1035,1036,1037,1038\"]}','{\"msg\":\"æ“ä½œæˆåŠŸ\",\"code\":0}',0,NULL,'2021-07-17 17:40:00'),(748,'è€ƒå‹¤',1,'com.ruoyi.project.business.work.controller.CheckWorkController.addSave()','POST',1,'putong',NULL,'/salary/work/add','127.0.0.1','å†…ç½‘IP','{\"date\":[\"2021-07-17\"],\"workTime\":[\"17:40:11\"]}','{\"msg\":\"ä¸Šç­å·²æ‰“å¡ï¼Œä¸‹ç­æ‰“å¡è¯·æ‰§è¡Œä¸‹ç­æ‰“å¡\",\"code\":500}',0,NULL,'2021-07-17 17:40:12'),(749,'è¯·å‡',1,'com.ruoyi.project.business.level.controller.LevelController.addSave()','POST',1,'putong',NULL,'/business/level/add','127.0.0.1','å†…ç½‘IP','{\"dateStart\":[\"2021-07-19\"],\"dateEnd\":[\"2021-07-23\"],\"reason\":[\"å¹´å‡\"]}','{\"msg\":\"æ“ä½œæˆåŠŸ\",\"code\":0}',0,NULL,'2021-07-17 17:40:36'),(750,'è¯·å‡',2,'com.ruoyi.project.business.level.controller.LevelController.editSave()','POST',1,'putong',NULL,'/business/level/edit','127.0.0.1','å†…ç½‘IP','{\"id\":[\"9\"],\"dateStart\":[\"2021-07-19\"],\"dateEnd\":[\"2021-07-23\"],\"reason\":[\"å¹´å‡\"]}','{\"msg\":\"æ“ä½œæˆåŠŸ\",\"code\":0}',0,NULL,'2021-07-17 17:40:41'),(751,'è¯·å‡',3,'com.ruoyi.project.business.level.controller.LevelController.remove()','POST',1,'putong',NULL,'/business/level/remove','127.0.0.1','å†…ç½‘IP','{\"ids\":[\"9\"]}','{\"msg\":\"æ“ä½œæˆåŠŸ\",\"code\":0}',0,NULL,'2021-07-17 17:40:43'),(752,'è¯·å‡',1,'com.ruoyi.project.business.level.controller.LevelController.addSave()','POST',1,'putong',NULL,'/business/level/add','127.0.0.1','å†…ç½‘IP','{\"dateStart\":[\"2021-07-19\"],\"dateEnd\":[\"2021-07-23\"],\"reason\":[\"å¹´å‡\"]}','{\"msg\":\"æ“ä½œæˆåŠŸ\",\"code\":0}',0,NULL,'2021-07-17 17:40:51'),(753,'è§’è‰²ç®¡ç†',2,'com.ruoyi.project.system.role.controller.RoleController.editSave()','POST',1,'admin','ç ”å‘éƒ¨é—¨','/system/role/edit','127.0.0.1','å†…ç½‘IP','{\"roleId\":[\"100\"],\"roleName\":[\"è´¢åŠ¡äººå‘˜\"],\"roleKey\":[\"finance\"],\"roleSort\":[\"3\"],\"status\":[\"0\"],\"remark\":[\"\"],\"menuIds\":[\"2001,2002,2003,2010,2011,2000,2004,2005,2019,2006,2007,2008,2020,2021,2022,2023,2024,2018,2017,107,1035\"]}','{\"msg\":\"æ“ä½œæˆåŠŸ\",\"code\":0}',0,NULL,'2021-07-17 17:42:54'),(754,'èœå•ç®¡ç†',1,'com.ruoyi.project.system.menu.controller.MenuController.addSave()','POST',1,'admin','ç ”å‘éƒ¨é—¨','/system/menu/add','127.0.0.1','å†…ç½‘IP','{\"parentId\":[\"2008\"],\"menuType\":[\"F\"],\"menuName\":[\"å®¡æ‰¹\"],\"url\":[\"\"],\"target\":[\"menuItem\"],\"perms\":[\"business:level:shenpi\"],\"orderNum\":[\"6\"],\"icon\":[\"\"],\"visible\":[\"0\"],\"isRefresh\":[\"1\"]}','{\"msg\":\"æ“ä½œæˆåŠŸ\",\"code\":0}',0,NULL,'2021-07-17 17:43:26'),(755,'è§’è‰²ç®¡ç†',2,'com.ruoyi.project.system.role.controller.RoleController.editSave()','POST',1,'admin','ç ”å‘éƒ¨é—¨','/system/role/edit','127.0.0.1','å†…ç½‘IP','{\"roleId\":[\"2\"],\"roleName\":[\"æ™®é€šè§’è‰²\"],\"roleKey\":[\"common\"],\"roleSort\":[\"2\"],\"status\":[\"0\"],\"remark\":[\"æ™®é€šè§’è‰²\"],\"menuIds\":[\"2000,2004,2005,2019,2006,2007,2008,2020,2021,2022,2023,2024,2018,2017,107,1035\"]}','{\"msg\":\"æ“ä½œæˆåŠŸ\",\"code\":0}',0,NULL,'2021-07-17 17:43:42'),(756,'è§’è‰²ç®¡ç†',2,'com.ruoyi.project.system.role.controller.RoleController.editSave()','POST',1,'admin','ç ”å‘éƒ¨é—¨','/system/role/edit','127.0.0.1','å†…ç½‘IP','{\"roleId\":[\"101\"],\"roleName\":[\"å®¡æ‰¹äººå‘˜ï¼ˆé¢†å¯¼ï¼‰\"],\"roleKey\":[\"approval\"],\"roleSort\":[\"4\"],\"status\":[\"0\"],\"remark\":[\"\"],\"menuIds\":[\"1,102,1012,1013,1014,1015,105,1025,1026,1027,1028,1029,106,1030,1031,1032,1033,1034,108,500,1039,1040,1041,1042,501,1043,1044,1045,1046,2012,100,1000,1001,1002,1003,1004,1005,1006,2,109,1047,1048,1049,110,1050,1051,1052,1053,1054,1055,1056,111,112,113,2013,101,1007,1008,1009,1010,1011,3,114,115,1057,1058,1059,1060,1061,116,2014,103,1016,1017,1018,1019,2016,104,1020,1021,1022,1023,1024,2001,2002,2003,2010,2011,2000,2004,2005,2006,2007,2008,2020,2022,2025,2018,2017,107,1035,1036,1037,1038\"]}','{\"msg\":\"æ“ä½œæˆåŠŸ\",\"code\":0}',0,NULL,'2021-07-17 17:43:54'),(757,'è€ƒå‹¤',1,'com.ruoyi.project.business.work.controller.CheckWorkController.addSave()','POST',1,'caiwu','åŒ—äº¬æ€»å…¬å¸','/salary/work/add','127.0.0.1','å†…ç½‘IP','{\"date\":[\"2021-07-17\"],\"workTime\":[\"17:44:47\"]}','{\"msg\":\"æ“ä½œæˆåŠŸ\",\"code\":0}',0,NULL,'2021-07-17 17:44:49'),(758,'è€ƒå‹¤',1,'com.ruoyi.project.business.work.controller.CheckWorkController.addSave()','POST',1,'caiwu','åŒ—äº¬æ€»å…¬å¸','/salary/work/add','127.0.0.1','å†…ç½‘IP','{\"date\":[\"2021-07-17\"],\"closeTime\":[\"17:44:50\"]}','{\"msg\":\"æ“ä½œæˆåŠŸ\",\"code\":0}',0,NULL,'2021-07-17 17:44:51'),(759,'è¯·å‡',1,'com.ruoyi.project.business.level.controller.LevelController.addSave()','POST',1,'caiwu','åŒ—äº¬æ€»å…¬å¸','/business/level/add','127.0.0.1','å†…ç½‘IP','{\"dateStart\":[\"2021-07-21\"],\"dateEnd\":[\"2021-08-07\"],\"reason\":[\"shishi\"]}','{\"msg\":\"æ“ä½œæˆåŠŸ\",\"code\":0}',0,NULL,'2021-07-17 17:45:04'),(760,'èœå•ç®¡ç†',1,'com.ruoyi.project.system.menu.controller.MenuController.addSave()','POST',1,'admin','ç ”å‘éƒ¨é—¨','/system/menu/add','127.0.0.1','å†…ç½‘IP','{\"parentId\":[\"2002\"],\"menuType\":[\"F\"],\"menuName\":[\"æ–°å¢\"],\"url\":[\"\"],\"target\":[\"menuItem\"],\"perms\":[\"salary:allocation:add\"],\"orderNum\":[\"2\"],\"icon\":[\"\"],\"visible\":[\"0\"],\"isRefresh\":[\"1\"]}','{\"msg\":\"æ“ä½œæˆåŠŸ\",\"code\":0}',0,NULL,'2021-07-17 20:51:19'),(761,'èœå•ç®¡ç†',1,'com.ruoyi.project.system.menu.controller.MenuController.addSave()','POST',1,'admin','ç ”å‘éƒ¨é—¨','/system/menu/add','127.0.0.1','å†…ç½‘IP','{\"parentId\":[\"2002\"],\"menuType\":[\"F\"],\"menuName\":[\"ä¿®æ”¹\"],\"url\":[\"\"],\"target\":[\"menuItem\"],\"perms\":[\"salary:allocation:edit\"],\"orderNum\":[\"3\"],\"icon\":[\"\"],\"visible\":[\"0\"],\"isRefresh\":[\"1\"]}','{\"msg\":\"æ“ä½œæˆåŠŸ\",\"code\":0}',0,NULL,'2021-07-17 20:51:39'),(762,'èœå•ç®¡ç†',1,'com.ruoyi.project.system.menu.controller.MenuController.addSave()','POST',1,'admin','ç ”å‘éƒ¨é—¨','/system/menu/add','127.0.0.1','å†…ç½‘IP','{\"parentId\":[\"2002\"],\"menuType\":[\"F\"],\"menuName\":[\"åˆªé™¤\"],\"url\":[\"\"],\"target\":[\"menuItem\"],\"perms\":[\"salary:allocation:remove\"],\"orderNum\":[\"4\"],\"icon\":[\"\"],\"visible\":[\"0\"],\"isRefresh\":[\"1\"]}','{\"msg\":\"æ“ä½œæˆåŠŸ\",\"code\":0}',0,NULL,'2021-07-17 20:51:53'),(763,'èœå•ç®¡ç†',1,'com.ruoyi.project.system.menu.controller.MenuController.addSave()','POST',1,'admin','ç ”å‘éƒ¨é—¨','/system/menu/add','127.0.0.1','å†…ç½‘IP','{\"parentId\":[\"2002\"],\"menuType\":[\"F\"],\"menuName\":[\"å¯¼å‡º\"],\"url\":[\"\"],\"target\":[\"menuItem\"],\"perms\":[\"salary:allocation:export\"],\"orderNum\":[\"5\"],\"icon\":[\"\"],\"visible\":[\"0\"],\"isRefresh\":[\"1\"]}','{\"msg\":\"æ“ä½œæˆåŠŸ\",\"code\":0}',0,NULL,'2021-07-17 20:52:11'),(764,'èœå•ç®¡ç†',1,'com.ruoyi.project.system.menu.controller.MenuController.addSave()','POST',1,'admin','ç ”å‘éƒ¨é—¨','/system/menu/add','127.0.0.1','å†…ç½‘IP','{\"parentId\":[\"2010\"],\"menuType\":[\"F\"],\"menuName\":[\"åˆ—è¡¨\"],\"url\":[\"\"],\"target\":[\"menuItem\"],\"perms\":[\"system:post:list\"],\"orderNum\":[\"1\"],\"icon\":[\"\"],\"visible\":[\"0\"],\"isRefresh\":[\"1\"]}','{\"msg\":\"æ“ä½œæˆåŠŸ\",\"code\":0}',0,NULL,'2021-07-26 20:27:33'),(765,'èœå•ç®¡ç†',1,'com.ruoyi.project.system.menu.controller.MenuController.addSave()','POST',1,'admin','ç ”å‘éƒ¨é—¨','/system/menu/add','127.0.0.1','å†…ç½‘IP','{\"parentId\":[\"2011\"],\"menuType\":[\"F\"],\"menuName\":[\"åˆ—è¡¨\"],\"url\":[\"\"],\"target\":[\"menuItem\"],\"perms\":[\"business:account:list\"],\"orderNum\":[\"1\"],\"icon\":[\"\"],\"visible\":[\"0\"],\"isRefresh\":[\"1\"]}','{\"msg\":\"æ“ä½œæˆåŠŸ\",\"code\":0}',0,NULL,'2021-07-26 20:52:53'),(766,'èœå•ç®¡ç†',1,'com.ruoyi.project.system.menu.controller.MenuController.addSave()','POST',1,'admin','ç ”å‘éƒ¨é—¨','/system/menu/add','127.0.0.1','å†…ç½‘IP','{\"parentId\":[\"2011\"],\"menuType\":[\"F\"],\"menuName\":[\"æ·»åŠ \"],\"url\":[\"\"],\"target\":[\"menuItem\"],\"perms\":[\"business:account:add\"],\"orderNum\":[\"2\"],\"icon\":[\"\"],\"visible\":[\"0\"],\"isRefresh\":[\"1\"]}','{\"msg\":\"æ“ä½œæˆåŠŸ\",\"code\":0}',0,NULL,'2021-07-26 20:53:38'),(767,'èœå•ç®¡ç†',1,'com.ruoyi.project.system.menu.controller.MenuController.addSave()','POST',1,'admin','ç ”å‘éƒ¨é—¨','/system/menu/add','127.0.0.1','å†…ç½‘IP','{\"parentId\":[\"2011\"],\"menuType\":[\"F\"],\"menuName\":[\"åˆ é™¤\"],\"url\":[\"\"],\"target\":[\"menuItem\"],\"perms\":[\"business:account:remove\"],\"orderNum\":[\"3\"],\"icon\":[\"\"],\"visible\":[\"0\"],\"isRefresh\":[\"1\"]}','{\"msg\":\"æ“ä½œæˆåŠŸ\",\"code\":0}',0,NULL,'2021-07-26 20:54:00'),(768,'èœå•ç®¡ç†',1,'com.ruoyi.project.system.menu.controller.MenuController.addSave()','POST',1,'admin','ç ”å‘éƒ¨é—¨','/system/menu/add','127.0.0.1','å†…ç½‘IP','{\"parentId\":[\"2011\"],\"menuType\":[\"F\"],\"menuName\":[\"å¯¼å‡º\"],\"url\":[\"\"],\"target\":[\"menuItem\"],\"perms\":[\"business:account:export\"],\"orderNum\":[\"4\"],\"icon\":[\"\"],\"visible\":[\"0\"],\"isRefresh\":[\"1\"]}','{\"msg\":\"æ“ä½œæˆåŠŸ\",\"code\":0}',0,NULL,'2021-07-26 20:54:17'),(769,'è§’è‰²ç®¡ç†',2,'com.ruoyi.project.system.role.controller.RoleController.editSave()','POST',1,'admin','ç ”å‘éƒ¨é—¨','/system/role/edit','127.0.0.1','å†…ç½‘IP','{\"roleId\":[\"100\"],\"roleName\":[\"è´¢åŠ¡äººå‘˜\"],\"roleKey\":[\"finance\"],\"roleSort\":[\"3\"],\"status\":[\"0\"],\"remark\":[\"\"],\"menuIds\":[\"2001,2002,2003,2026,2027,2028,2029,2010,2030,2011,2031,2032,2033,2034,2000,2004,2005,2019,2006,2007,2008,2020,2021,2022,2023,2024,2018,2017,107,1035\"]}','{\"msg\":\"æ“ä½œæˆåŠŸ\",\"code\":0}',0,NULL,'2021-07-26 21:01:50'),(770,'èœå•ç®¡ç†',2,'com.ruoyi.project.system.menu.controller.MenuController.editSave()','POST',1,'admin','ç ”å‘éƒ¨é—¨','/system/menu/edit','127.0.0.1','å†…ç½‘IP','{\"menuId\":[\"2030\"],\"parentId\":[\"2010\"],\"menuType\":[\"F\"],\"menuName\":[\"åˆ—è¡¨\"],\"url\":[\"#\"],\"target\":[\"menuItem\"],\"perms\":[\"business:post:list\"],\"orderNum\":[\"1\"],\"icon\":[\"#\"],\"visible\":[\"0\"],\"isRefresh\":[\"1\"]}','{\"msg\":\"æ“ä½œæˆåŠŸ\",\"code\":0}',0,NULL,'2021-07-26 21:02:52'),(771,'èœå•ç®¡ç†',1,'com.ruoyi.project.system.menu.controller.MenuController.addSave()','POST',1,'admin','ç ”å‘éƒ¨é—¨','/system/menu/add','127.0.0.1','å†…ç½‘IP','{\"parentId\":[\"2010\"],\"menuType\":[\"F\"],\"menuName\":[\"å­åˆ—è¡¨\"],\"url\":[\"\"],\"target\":[\"menuItem\"],\"perms\":[\"salary:allocation:list\"],\"orderNum\":[\"2\"],\"icon\":[\"\"],\"visible\":[\"0\"],\"isRefresh\":[\"1\"]}','{\"msg\":\"æ“ä½œæˆåŠŸ\",\"code\":0}',0,NULL,'2021-07-26 21:25:02'),(772,'èœå•ç®¡ç†',1,'com.ruoyi.project.system.menu.controller.MenuController.addSave()','POST',1,'admin','ç ”å‘éƒ¨é—¨','/system/menu/add','127.0.0.1','å†…ç½‘IP','{\"parentId\":[\"2010\"],\"menuType\":[\"F\"],\"menuName\":[\"å­—åˆ—è¡¨-æ–°å¢\"],\"url\":[\"\"],\"target\":[\"menuItem\"],\"perms\":[\"salary:allocation:add\"],\"orderNum\":[\"3\"],\"icon\":[\"\"],\"visible\":[\"0\"],\"isRefresh\":[\"1\"]}','{\"msg\":\"æ“ä½œæˆåŠŸ\",\"code\":0}',0,NULL,'2021-07-26 21:28:23'),(773,'èœå•ç®¡ç†',1,'com.ruoyi.project.system.menu.controller.MenuController.addSave()','POST',1,'admin','ç ”å‘éƒ¨é—¨','/system/menu/add','127.0.0.1','å†…ç½‘IP','{\"parentId\":[\"2010\"],\"menuType\":[\"F\"],\"menuName\":[\"å­—åˆ—è¡¨-å¯¼å‡º\"],\"url\":[\"\"],\"target\":[\"menuItem\"],\"perms\":[\"salary:allocation:export\"],\"orderNum\":[\"4\"],\"icon\":[\"\"],\"visible\":[\"0\"],\"isRefresh\":[\"1\"]}','{\"msg\":\"æ“ä½œæˆåŠŸ\",\"code\":0}',0,NULL,'2021-07-26 21:30:39'),(774,'èœå•ç®¡ç†',1,'com.ruoyi.project.system.menu.controller.MenuController.addSave()','POST',1,'admin','ç ”å‘éƒ¨é—¨','/system/menu/add','127.0.0.1','å†…ç½‘IP','{\"parentId\":[\"2010\"],\"menuType\":[\"F\"],\"menuName\":[\"å­—åˆ—è¡¨-åˆ é™¤\"],\"url\":[\"\"],\"target\":[\"menuItem\"],\"perms\":[\"salary:allocation:remove\"],\"orderNum\":[\"5\"],\"icon\":[\"\"],\"visible\":[\"0\"],\"isRefresh\":[\"1\"]}','{\"msg\":\"æ“ä½œæˆåŠŸ\",\"code\":0}',0,NULL,'2021-07-26 21:31:37'),(775,'è§’è‰²ç®¡ç†',2,'com.ruoyi.project.system.role.controller.RoleController.editSave()','POST',1,'admin','ç ”å‘éƒ¨é—¨','/system/role/edit','127.0.0.1','å†…ç½‘IP','{\"roleId\":[\"101\"],\"roleName\":[\"å®¡æ‰¹äººå‘˜ï¼ˆé¢†å¯¼ï¼‰\"],\"roleKey\":[\"approval\"],\"roleSort\":[\"4\"],\"status\":[\"0\"],\"remark\":[\"\"],\"menuIds\":[\"1,102,1012,1013,1014,1015,105,1025,1026,1027,1028,1029,106,1030,1031,1032,1033,1034,108,500,1039,1040,1041,1042,501,1043,1044,1045,1046,2012,100,1000,1001,1002,1003,1004,1005,1006,2,109,1047,1048,1049,110,1050,1051,1052,1053,1054,1055,1056,111,112,113,2013,101,1007,1008,1009,1010,1011,3,114,115,1057,1058,1059,1060,1061,116,2014,103,1016,1017,1018,1019,2016,104,1020,1021,1022,1023,1024,2001,2002,2003,2010,2030,2035,2036,2037,2038,2011,2000,2004,2005,2006,2007,2008,2020,2022,2025,2018,2017,107,1035,1036,1037,1038\"]}','{\"msg\":\"æ“ä½œæˆåŠŸ\",\"code\":0}',0,NULL,'2021-07-26 21:31:55'),(776,'èœå•ç®¡ç†',2,'com.ruoyi.project.system.menu.controller.MenuController.editSave()','POST',1,'admin','ç ”å‘éƒ¨é—¨','/system/menu/edit','127.0.0.1','å†…ç½‘IP','{\"menuId\":[\"2035\"],\"parentId\":[\"2010\"],\"menuType\":[\"F\"],\"menuName\":[\"å­åˆ—è¡¨\"],\"url\":[\"#\"],\"target\":[\"menuItem\"],\"perms\":[\"business:salaryallocation:list\"],\"orderNum\":[\"2\"],\"icon\":[\"#\"],\"visible\":[\"0\"],\"isRefresh\":[\"1\"]}','{\"msg\":\"æ“ä½œæˆåŠŸ\",\"code\":0}',0,NULL,'2021-07-26 21:34:23'),(777,'èœå•ç®¡ç†',2,'com.ruoyi.project.system.menu.controller.MenuController.editSave()','POST',1,'admin','ç ”å‘éƒ¨é—¨','/system/menu/edit','127.0.0.1','å†…ç½‘IP','{\"menuId\":[\"2036\"],\"parentId\":[\"2010\"],\"menuType\":[\"F\"],\"menuName\":[\"å­—åˆ—è¡¨-æ–°å¢\"],\"url\":[\"#\"],\"target\":[\"menuItem\"],\"perms\":[\"business:salaryallocation:add\"],\"orderNum\":[\"3\"],\"icon\":[\"#\"],\"visible\":[\"0\"],\"isRefresh\":[\"1\"]}','{\"msg\":\"æ“ä½œæˆåŠŸ\",\"code\":0}',0,NULL,'2021-07-26 21:36:27'),(778,'èœå•ç®¡ç†',2,'com.ruoyi.project.system.menu.controller.MenuController.editSave()','POST',1,'admin','ç ”å‘éƒ¨é—¨','/system/menu/edit','127.0.0.1','å†…ç½‘IP','{\"menuId\":[\"2036\"],\"parentId\":[\"2010\"],\"menuType\":[\"F\"],\"menuName\":[\"å­—åˆ—è¡¨-æ–°å¢\"],\"url\":[\"#\"],\"target\":[\"menuItem\"],\"perms\":[\"business:salaryallocation:add\"],\"orderNum\":[\"3\"],\"icon\":[\"#\"],\"visible\":[\"0\"],\"isRefresh\":[\"1\"]}','{\"msg\":\"æ“ä½œæˆåŠŸ\",\"code\":0}',0,NULL,'2021-07-26 21:37:02'),(779,'è§’è‰²ç®¡ç†',2,'com.ruoyi.project.system.role.controller.RoleController.editSave()','POST',1,'admin','ç ”å‘éƒ¨é—¨','/system/role/edit','127.0.0.1','å†…ç½‘IP','{\"roleId\":[\"100\"],\"roleName\":[\"è´¢åŠ¡äººå‘˜\"],\"roleKey\":[\"finance\"],\"roleSort\":[\"3\"],\"status\":[\"0\"],\"remark\":[\"\"],\"menuIds\":[\"2001,2002,2003,2026,2027,2028,2029,2010,2030,2035,2036,2037,2038,2011,2031,2032,2033,2034,2000,2004,2005,2019,2006,2007,2008,2020,2021,2022,2023,2024,2018,2017,107,1035\"]}','{\"msg\":\"æ“ä½œæˆåŠŸ\",\"code\":0}',0,NULL,'2021-07-26 21:37:23'),(780,'å²—ä½-è–ªèµ„é…ç½®å…³è”',1,'com.ruoyi.project.business.salaryallocation.controller.PostSalaryallocationController.addSave()','POST',1,'caiwu','åŒ—äº¬æ€»å…¬å¸','/business/salaryallocation/add','127.0.0.1','å†…ç½‘IP','{\"salaryAllocationIds\":[\"1,2,3,7,8,10,12,14,16,17,18,19\"],\"postId\":[\"1\"]}','{\"msg\":\"æ“ä½œæˆåŠŸ\",\"code\":0}',0,NULL,'2021-07-26 21:37:32'),(781,'èœå•ç®¡ç†',2,'com.ruoyi.project.system.menu.controller.MenuController.editSave()','POST',1,'admin','ç ”å‘éƒ¨é—¨','/system/menu/edit','127.0.0.1','å†…ç½‘IP','{\"menuId\":[\"2022\"],\"parentId\":[\"2008\"],\"menuType\":[\"F\"],\"menuName\":[\"å¯¼å‡º\"],\"url\":[\"#\"],\"target\":[\"menuItem\"],\"perms\":[\"business:salaryallocation:export\"],\"orderNum\":[\"3\"],\"icon\":[\"#\"],\"visible\":[\"0\"],\"isRefresh\":[\"1\"]}','{\"msg\":\"æ“ä½œæˆåŠŸ\",\"code\":0}',0,NULL,'2021-07-26 21:38:06'),(782,'å²—ä½-è–ªèµ„é…ç½®å…³è”',5,'com.ruoyi.project.business.salaryallocation.controller.PostSalaryallocationController.export()','POST',1,'caiwu','åŒ—äº¬æ€»å…¬å¸','/business/salaryallocation/export','127.0.0.1','å†…ç½‘IP','{\"name\":[\"\"],\"postId\":[\"1\"],\"type\":[\"\"],\"rule\":[\"\"],\"state\":[\"\"],\"grade\":[\"\"],\"orderByColumn\":[\"\"],\"isAsc\":[\"asc\"]}','{\"msg\":\"fadc91c7-5db6-4317-8307-74c3f8d6d5f6_å²—ä½-è–ªèµ„é…ç½®å…³è”æ•°æ®.xlsx\",\"code\":0}',0,NULL,'2021-07-26 21:38:16'),(783,'èœå•ç®¡ç†',2,'com.ruoyi.project.system.menu.controller.MenuController.editSave()','POST',1,'admin','ç ”å‘éƒ¨é—¨','/system/menu/edit','127.0.0.1','å†…ç½‘IP','{\"menuId\":[\"2038\"],\"parentId\":[\"2010\"],\"menuType\":[\"F\"],\"menuName\":[\"å­—åˆ—è¡¨-åˆ é™¤\"],\"url\":[\"#\"],\"target\":[\"menuItem\"],\"perms\":[\"business:salaryallocation:remove\"],\"orderNum\":[\"5\"],\"icon\":[\"#\"],\"visible\":[\"0\"],\"isRefresh\":[\"1\"]}','{\"msg\":\"æ“ä½œæˆåŠŸ\",\"code\":0}',0,NULL,'2021-07-26 21:39:35'),(784,'å²—ä½-è–ªèµ„é…ç½®å…³è”',3,'com.ruoyi.project.business.salaryallocation.controller.PostSalaryallocationController.remove()','POST',1,'caiwu','åŒ—äº¬æ€»å…¬å¸','/business/salaryallocation/remove','127.0.0.1','å†…ç½‘IP','{\"ids\":[\"68\"]}','{\"msg\":\"æ“ä½œæˆåŠŸ\",\"code\":0}',0,NULL,'2021-07-26 21:39:52'),(785,'è§’è‰²ç®¡ç†',2,'com.ruoyi.project.system.role.controller.RoleController.editSave()','POST',1,'admin','ç ”å‘éƒ¨é—¨','/system/role/edit','127.0.0.1','å†…ç½‘IP','{\"roleId\":[\"101\"],\"roleName\":[\"å®¡æ‰¹äººå‘˜ï¼ˆé¢†å¯¼ï¼‰\"],\"roleKey\":[\"approval\"],\"roleSort\":[\"4\"],\"status\":[\"0\"],\"remark\":[\"\"],\"menuIds\":[\"2012,100,1000,1001,1002,1003,1004,1005,1006,2013,101,1007,1008,1009,1010,1011,2014,103,1016,1017,1018,1019,2016,104,1020,1021,1022,1023,1024,2000,2004,2019,2007,2008,2020,2025,2018,2017,107,1035,1036,1037,1038\"]}','{\"msg\":\"æ“ä½œæˆåŠŸ\",\"code\":0}',0,NULL,'2021-07-26 21:42:20'),(786,'å®¡æ‰¹',2,'com.ruoyi.project.business.level.controller.LevelController.shenpiSave()','POST',1,'lingdao',NULL,'/business/level/shenpi','127.0.0.1','å†…ç½‘IP','{\"id\":[\"8\"],\"userName\":[\"è‹¥ä¾\"],\"reason\":[\"123\"],\"result\":[\"0\"],\"approvalReason\":[\"jiu bu xing \\r\\n\"]}','{\"msg\":\"æ“ä½œæˆåŠŸ\",\"code\":0}',0,NULL,'2021-07-26 21:43:01'),(787,'ä¸ªäººä¿¡æ¯',2,'com.ruoyi.project.system.user.controller.ProfileController.updateAvatar()','POST',1,'admin','ç ”å‘éƒ¨é—¨','/system/user/profile/updateAvatar','127.0.0.1','å†…ç½‘IP','','{\"msg\":\"æ“ä½œæˆåŠŸ\",\"code\":0}',0,NULL,'2021-09-19 11:19:37'),(788,'ä¸ªäººä¿¡æ¯',2,'com.ruoyi.project.system.user.controller.ProfileController.updateAvatar()','POST',1,'admin','ç ”å‘éƒ¨é—¨','/system/user/profile/updateAvatar','127.0.0.1','å†…ç½‘IP','','{\"msg\":\"æ“ä½œæˆåŠŸ\",\"code\":0}',0,NULL,'2021-09-19 11:19:46'),(789,'ä¸ªäººä¿¡æ¯',2,'com.ruoyi.project.system.user.controller.ProfileController.update()','POST',1,'admin','ç ”å‘éƒ¨é—¨','/system/user/profile/update','127.0.0.1','å†…ç½‘IP','{\"id\":[\"\"],\"userName\":[\"è€å°§\"],\"phonenumber\":[\"15888888888\"],\"email\":[\"ry@163.com\"],\"sex\":[\"1\"]}','{\"msg\":\"æ“ä½œæˆåŠŸ\",\"code\":0}',0,NULL,'2021-09-19 11:20:37'),(790,'å²—ä½ç®¡ç†',2,'com.ruoyi.project.system.post.controller.PostController.editSave()','POST',1,'admin','ç ”å‘éƒ¨é—¨','/system/post/edit','127.0.0.1','å†…ç½‘IP','{\"postId\":[\"1\"],\"postName\":[\"CEO\"],\"postCode\":[\"1\"],\"postSort\":[\"1\"],\"status\":[\"0\"],\"remark\":[\"\"]}','{\"msg\":\"æ“ä½œæˆåŠŸ\",\"code\":0}',0,NULL,'2021-09-19 11:25:00'),(791,'å²—ä½ç®¡ç†',2,'com.ruoyi.project.system.post.controller.PostController.editSave()','POST',1,'admin','ç ”å‘éƒ¨é—¨','/system/post/edit','127.0.0.1','å†…ç½‘IP','{\"postId\":[\"2\"],\"postName\":[\"éƒ¨é—¨ç»ç†\"],\"postCode\":[\"2\"],\"postSort\":[\"2\"],\"status\":[\"0\"],\"remark\":[\"\"]}','{\"msg\":\"æ“ä½œæˆåŠŸ\",\"code\":0}',0,NULL,'2021-09-19 11:25:15'),(792,'å²—ä½ç®¡ç†',2,'com.ruoyi.project.system.post.controller.PostController.editSave()','POST',1,'admin','ç ”å‘éƒ¨é—¨','/system/post/edit','127.0.0.1','å†…ç½‘IP','{\"postId\":[\"3\"],\"postName\":[\"é¡¹ç›®ç»ç†\"],\"postCode\":[\"3\"],\"postSort\":[\"3\"],\"status\":[\"0\"],\"remark\":[\"\"]}','{\"msg\":\"æ“ä½œæˆåŠŸ\",\"code\":0}',0,NULL,'2021-09-19 11:25:23'),(793,'å²—ä½ç®¡ç†',2,'com.ruoyi.project.system.post.controller.PostController.editSave()','POST',1,'admin','ç ”å‘éƒ¨é—¨','/system/post/edit','127.0.0.1','å†…ç½‘IP','{\"postId\":[\"2\"],\"postName\":[\"äº§å“ç»ç†\"],\"postCode\":[\"2\"],\"postSort\":[\"2\"],\"status\":[\"0\"],\"remark\":[\"\"]}','{\"msg\":\"æ“ä½œæˆåŠŸ\",\"code\":0}',0,NULL,'2021-09-19 11:25:45'),(794,'å²—ä½ç®¡ç†',2,'com.ruoyi.project.system.post.controller.PostController.editSave()','POST',1,'admin','ç ”å‘éƒ¨é—¨','/system/post/edit','127.0.0.1','å†…ç½‘IP','{\"postId\":[\"1\"],\"postName\":[\"éƒ¨é—¨ç»ç†\"],\"postCode\":[\"1\"],\"postSort\":[\"1\"],\"status\":[\"0\"],\"remark\":[\"\"]}','{\"msg\":\"æ“ä½œæˆåŠŸ\",\"code\":0}',0,NULL,'2021-09-19 11:25:52'),(795,'å²—ä½ç®¡ç†',2,'com.ruoyi.project.system.post.controller.PostController.editSave()','POST',1,'admin','ç ”å‘éƒ¨é—¨','/system/post/edit','127.0.0.1','å†…ç½‘IP','{\"postId\":[\"3\"],\"postName\":[\"è½¯ä»¶å¼€å‘å·¥ç¨‹å¸ˆ\"],\"postCode\":[\"3\"],\"postSort\":[\"3\"],\"status\":[\"0\"],\"remark\":[\"\"]}','{\"msg\":\"æ“ä½œæˆåŠŸ\",\"code\":0}',0,NULL,'2021-09-19 11:26:21'),(796,'å²—ä½ç®¡ç†',2,'com.ruoyi.project.system.post.controller.PostController.editSave()','POST',1,'admin','ç ”å‘éƒ¨é—¨','/system/post/edit','127.0.0.1','å†…ç½‘IP','{\"postId\":[\"4\"],\"postName\":[\"è½¯ä»¶æµ‹è¯•å·¥ç¨‹å¸ˆ\"],\"postCode\":[\"4\"],\"postSort\":[\"4\"],\"status\":[\"0\"],\"remark\":[\"\"]}','{\"msg\":\"æ“ä½œæˆåŠŸ\",\"code\":0}',0,NULL,'2021-09-19 11:26:31'),(797,'å²—ä½ç®¡ç†',2,'com.ruoyi.project.system.post.controller.PostController.editSave()','POST',1,'admin','ç ”å‘éƒ¨é—¨','/system/post/edit','127.0.0.1','å†…ç½‘IP','{\"postId\":[\"2\"],\"postName\":[\"é¡¹ç›®ç»ç†\"],\"postCode\":[\"2\"],\"postSort\":[\"2\"],\"status\":[\"0\"],\"remark\":[\"\"]}','{\"msg\":\"æ“ä½œæˆåŠŸ\",\"code\":0}',0,NULL,'2021-09-19 11:26:40'),(798,'å²—ä½ç®¡ç†',2,'com.ruoyi.project.system.post.controller.PostController.editSave()','POST',1,'admin','ç ”å‘éƒ¨é—¨','/system/post/edit','127.0.0.1','å†…ç½‘IP','{\"postId\":[\"1\"],\"postName\":[\"äº§å“ç»ç†\"],\"postCode\":[\"1\"],\"postSort\":[\"1\"],\"status\":[\"0\"],\"remark\":[\"\"]}','{\"msg\":\"æ“ä½œæˆåŠŸ\",\"code\":0}',0,NULL,'2021-09-19 11:26:47'),(799,'å²—ä½ç®¡ç†',2,'com.ruoyi.project.system.post.controller.PostController.editSave()','POST',1,'admin','ç ”å‘éƒ¨é—¨','/system/post/edit','127.0.0.1','å†…ç½‘IP','{\"postId\":[\"1\"],\"postName\":[\"å²—ä½1\"],\"postCode\":[\"1\"],\"postSort\":[\"1\"],\"status\":[\"0\"],\"remark\":[\"\"]}','{\"msg\":\"æ“ä½œæˆåŠŸ\",\"code\":0}',0,NULL,'2021-09-19 11:28:35'),(800,'å²—ä½ç®¡ç†',2,'com.ruoyi.project.system.post.controller.PostController.editSave()','POST',1,'admin','ç ”å‘éƒ¨é—¨','/system/post/edit','127.0.0.1','å†…ç½‘IP','{\"postId\":[\"2\"],\"postName\":[\"å²—ä½2\"],\"postCode\":[\"2\"],\"postSort\":[\"2\"],\"status\":[\"0\"],\"remark\":[\"\"]}','{\"msg\":\"æ“ä½œæˆåŠŸ\",\"code\":0}',0,NULL,'2021-09-19 11:28:43'),(801,'å²—ä½ç®¡ç†',2,'com.ruoyi.project.system.post.controller.PostController.editSave()','POST',1,'admin','ç ”å‘éƒ¨é—¨','/system/post/edit','127.0.0.1','å†…ç½‘IP','{\"postId\":[\"3\"],\"postName\":[\"å²—ä½3\"],\"postCode\":[\"3\"],\"postSort\":[\"3\"],\"status\":[\"0\"],\"remark\":[\"\"]}','{\"msg\":\"æ“ä½œæˆåŠŸ\",\"code\":0}',0,NULL,'2021-09-19 11:28:49'),(802,'å²—ä½ç®¡ç†',2,'com.ruoyi.project.system.post.controller.PostController.editSave()','POST',1,'admin','ç ”å‘éƒ¨é—¨','/system/post/edit','127.0.0.1','å†…ç½‘IP','{\"postId\":[\"4\"],\"postName\":[\"å²—ä½4\"],\"postCode\":[\"4\"],\"postSort\":[\"4\"],\"status\":[\"0\"],\"remark\":[\"\"]}','{\"msg\":\"æ“ä½œæˆåŠŸ\",\"code\":0}',0,NULL,'2021-09-19 11:28:55'),(803,'è€ƒå‹¤',1,'com.ruoyi.project.business.work.controller.CheckWorkController.addSave()','POST',1,'admin','ç ”å‘éƒ¨é—¨','/salary/work/add','127.0.0.1','å†…ç½‘IP','{\"date\":[\"2021-09-19\"],\"workTime\":[\"11:29:36\"]}','{\"msg\":\"æ“ä½œæˆåŠŸ\",\"code\":0}',0,NULL,'2021-09-19 11:29:42'),(804,'é€šçŸ¥å…¬å‘Š',1,'com.ruoyi.project.system.notice.controller.NoticeController.addSave()','POST',1,'admin','ç ”å‘éƒ¨é—¨','/system/notice/add','127.0.0.1','å†…ç½‘IP','{\"noticeTitle\":[\"ä½†æ˜¯å‘çš„è¨èŠ¬ä½†æ˜¯\"],\"noticeType\":[\"1\"],\"noticeContent\":[\"<p><br></p><table class=\\\"table table-bordered\\\"><tbody><tr><td>ä»½æœªå‘<br></td><td><br></td><td><br></td><td><br></td><td><br></td><td><br></td></tr><tr><td><br></td><td><br></td><td><br></td><td><br></td><td><br></td><td><br></td></tr><tr><td><br></td><td><br></td><td><br></td><td><br></td><td><br></td><td><br></td></tr></tbody></table><p><br></p>\"],\"status\":[\"0\"]}','{\"msg\":\"æ“ä½œæˆåŠŸ\",\"code\":0}',0,NULL,'2021-09-19 11:30:32'),(805,'é€šçŸ¥å…¬å‘Š',3,'com.ruoyi.project.system.notice.controller.NoticeController.remove()','POST',1,'admin','ç ”å‘éƒ¨é—¨','/system/notice/remove','127.0.0.1','å†…ç½‘IP','{\"ids\":[\"2\"]}','{\"msg\":\"æ“ä½œæˆåŠŸ\",\"code\":0}',0,NULL,'2021-09-19 11:30:46'),(806,'é‡ç½®å¯†ç ',2,'com.ruoyi.project.system.user.controller.UserController.resetPwdSave()','POST',1,'admin','ç ”å‘éƒ¨é—¨','/system/user/resetPwd','127.0.0.1','å†…ç½‘IP','{\"userId\":[\"104\"],\"loginName\":[\"putong\"]}','{\"msg\":\"æ“ä½œæˆåŠŸ\",\"code\":0}',0,NULL,'2021-09-19 11:44:10'),(807,'ä¸ªäººä¿¡æ¯',2,'com.ruoyi.project.system.user.controller.ProfileController.updateAvatar()','POST',1,'putong',NULL,'/system/user/profile/updateAvatar','127.0.0.1','å†…ç½‘IP','','{\"msg\":\"æ“ä½œæˆåŠŸ\",\"code\":0}',0,NULL,'2021-09-19 11:44:34'),(808,'ä¸ªäººä¿¡æ¯',2,'com.ruoyi.project.system.user.controller.ProfileController.update()','POST',1,'putong',NULL,'/system/user/profile/update','127.0.0.1','å†…ç½‘IP','{\"id\":[\"\"],\"userName\":[\"å°ç‰¹\"],\"phonenumber\":[\"19999999999\"],\"email\":[\"xiaote@163.com\"],\"sex\":[\"0\"]}','{\"msg\":\"æ“ä½œæˆåŠŸ\",\"code\":0}',0,NULL,'2021-09-19 11:45:11'),(809,'ä¸ªäººä¿¡æ¯',2,'com.ruoyi.project.system.user.controller.ProfileController.update()','POST',1,'putong',NULL,'/system/user/profile/update','127.0.0.1','å†…ç½‘IP','{\"id\":[\"\"],\"userName\":[\"æ™®é€šå‘˜å·¥\"],\"phonenumber\":[\"19999999999\"],\"email\":[\"xiaote@163.com\"],\"sex\":[\"0\"]}','{\"msg\":\"æ“ä½œæˆåŠŸ\",\"code\":0}',0,NULL,'2021-09-19 11:45:41'),(810,'è€ƒå‹¤',1,'com.ruoyi.project.business.work.controller.CheckWorkController.addSave()','POST',1,'putong',NULL,'/salary/work/add','127.0.0.1','å†…ç½‘IP','{\"date\":[\"2021-09-19\"],\"closeTime\":[\"11:45:58\"]}','{\"msg\":\"è¯·å…ˆæ‰§è¡Œä¸Šç­æ‰“å¡\",\"code\":500}',0,NULL,'2021-09-19 11:46:00'),(811,'å·¥èµ„æ ¸ç®—',1,'com.ruoyi.project.business.account.controller.AccountController.addSave()','POST',1,'admin','ç ”å‘éƒ¨é—¨','/business/account/add','127.0.0.1','å†…ç½‘IP','{\"date\":[\"2021-09\"]}',NULL,1,'','2021-09-19 11:48:22'),(812,'å·¥èµ„æ ¸ç®—',1,'com.ruoyi.project.business.account.controller.AccountController.addSave()','POST',1,'admin','ç ”å‘éƒ¨é—¨','/business/account/add','127.0.0.1','å†…ç½‘IP','{\"date\":[\"\"]}',NULL,1,'String index out of range: 7','2021-09-19 11:48:42'),(813,'å·¥èµ„æ ¸ç®—',1,'com.ruoyi.project.business.account.controller.AccountController.addSave()','POST',1,'admin','ç ”å‘éƒ¨é—¨','/business/account/add','127.0.0.1','å†…ç½‘IP','{\"date\":[\"2021-09\"]}',NULL,1,'','2021-09-19 11:48:52'),(814,'å·¥èµ„æ ¸ç®—',1,'com.ruoyi.project.business.account.controller.AccountController.addSave()','POST',1,'admin','ç ”å‘éƒ¨é—¨','/business/account/add','127.0.0.1','å†…ç½‘IP','{\"date\":[\"2021-07\"]}','{\"msg\":\"æœ¬æœˆè–ªèµ„å·²æ ¸ç®—ï¼Œé‡æ–°æ ¸ç®—è¯·å…ˆåˆ é™¤æ‰€æœ‰æ ¸ç®—æ•°æ®\",\"code\":500}',0,NULL,'2021-09-19 11:49:58'),(815,'å·¥èµ„æ ¸ç®—',1,'com.ruoyi.project.business.account.controller.AccountController.addSave()','POST',1,'admin','ç ”å‘éƒ¨é—¨','/business/account/add','127.0.0.1','å†…ç½‘IP','{\"date\":[\"2021-08\"]}',NULL,1,'','2021-09-19 11:50:06'),(816,'å·¥èµ„æ ¸ç®—',1,'com.ruoyi.project.business.account.controller.AccountController.addSave()','POST',1,'admin','ç ”å‘éƒ¨é—¨','/business/account/add','127.0.0.1','å†…ç½‘IP','{\"date\":[\"2021-09\"]}',NULL,1,'','2021-09-19 11:50:11'),(817,'å·¥èµ„æ ¸ç®—',1,'com.ruoyi.project.business.account.controller.AccountController.addSave()','POST',1,'admin','ç ”å‘éƒ¨é—¨','/business/account/add','127.0.0.1','å†…ç½‘IP','{\"date\":[\"2021-09\"]}',NULL,1,'','2021-09-19 11:50:35'),(818,'å·¥èµ„æ ¸ç®—',1,'com.ruoyi.project.business.account.controller.AccountController.addSave()','POST',1,'admin','ç ”å‘éƒ¨é—¨','/business/account/add','127.0.0.1','å†…ç½‘IP','{\"date\":[\"\"]}',NULL,1,'String index out of range: 7','2021-09-19 11:52:29'),(819,'å·¥èµ„æ ¸ç®—',1,'com.ruoyi.project.business.account.controller.AccountController.addSave()','POST',1,'admin','ç ”å‘éƒ¨é—¨','/business/account/add','127.0.0.1','å†…ç½‘IP','{\"date\":[\"2021-09\"]}',NULL,1,'','2021-09-19 11:53:44'),(820,'å·¥èµ„æ ¸ç®—',1,'com.ruoyi.project.business.account.controller.AccountController.addSave()','POST',1,'admin','ç ”å‘éƒ¨é—¨','/business/account/add','127.0.0.1','å†…ç½‘IP','{\"date\":[\"2021-09\"]}','{\"msg\":\"æ“ä½œæˆåŠŸ\",\"code\":0}',0,NULL,'2021-09-19 11:55:48'),(821,'å·¥èµ„æ ¸ç®—',3,'com.ruoyi.project.business.account.controller.AccountController.remove()','POST',1,'admin','ç ”å‘éƒ¨é—¨','/business/account/remove','127.0.0.1','å†…ç½‘IP','{\"ids\":[\"161,162,163,164,165,166\"]}',NULL,1,'StatementCallback; bad SQL grammar [delete from tbl_account_detail t where t.account_id = \'161\']; nested exception is java.sql.SQLSyntaxErrorException: You have an error in your SQL syntax; check the manual that corresponds to your MySQL server version for the right syntax to use near \'t where t.account_id = \'161\'\' at line 1','2021-09-19 11:55:56'),(822,'å·¥èµ„æ ¸ç®—',3,'com.ruoyi.project.business.account.controller.AccountController.remove()','POST',1,'admin','ç ”å‘éƒ¨é—¨','/business/account/remove','127.0.0.1','å†…ç½‘IP','{\"ids\":[\"161,162,163,164,165,166\"]}',NULL,1,'StatementCallback; bad SQL grammar [delete from tbl_account_detail t where t.account_id = \'161\']; nested exception is java.sql.SQLSyntaxErrorException: You have an error in your SQL syntax; check the manual that corresponds to your MySQL server version for the right syntax to use near \'t where t.account_id = \'161\'\' at line 1','2021-09-19 11:56:08'),(823,'å²—ä½ç®¡ç†',2,'com.ruoyi.project.system.post.controller.PostController.editSave()','POST',1,'admin','ç ”å‘éƒ¨é—¨','/system/post/edit','127.0.0.1','å†…ç½‘IP','{\"postId\":[\"4\"],\"postName\":[\"javaå¼€å‘å·¥ç¨‹å¸ˆ\"],\"postCode\":[\"4\"],\"postSort\":[\"4\"],\"status\":[\"0\"],\"remark\":[\"\"]}','{\"msg\":\"æ“ä½œæˆåŠŸ\",\"code\":0}',0,NULL,'2021-09-19 12:09:11'),(824,'å²—ä½ç®¡ç†',2,'com.ruoyi.project.system.post.controller.PostController.editSave()','POST',1,'admin','ç ”å‘éƒ¨é—¨','/system/post/edit','127.0.0.1','å†…ç½‘IP','{\"postId\":[\"4\"],\"postName\":[\"å²—ä½4\"],\"postCode\":[\"4\"],\"postSort\":[\"4\"],\"status\":[\"0\"],\"remark\":[\"\"]}','{\"msg\":\"æ“ä½œæˆåŠŸ\",\"code\":0}',0,NULL,'2021-09-19 12:09:20'),(825,'å·¥èµ„æ ¸ç®—',1,'com.ruoyi.project.business.account.controller.AccountController.addSave()','POST',1,'admin','ç ”å‘éƒ¨é—¨','/business/account/add','127.0.0.1','å†…ç½‘IP','{\"date\":[\"2021-09\"]}','{\"msg\":\"æ“ä½œæˆåŠŸ\",\"code\":0}',0,NULL,'2021-09-19 12:11:39'),(826,'è€ƒå‹¤',1,'com.ruoyi.project.business.work.controller.CheckWorkController.addSave()','POST',1,'admin','ç ”å‘éƒ¨é—¨','/salary/work/add','127.0.0.1','å†…ç½‘IP','{\"date\":[\"2021-09-19\"],\"workTime\":[\"12:12:18\"]}','{\"msg\":\"ä¸Šç­å·²æ‰“å¡ï¼Œä¸‹ç­æ‰“å¡è¯·æ‰§è¡Œä¸‹ç­æ‰“å¡\",\"code\":500}',0,NULL,'2021-09-19 12:12:20'),(827,'è€ƒå‹¤',1,'com.ruoyi.project.business.work.controller.CheckWorkController.addSave()','POST',1,'admin','ç ”å‘éƒ¨é—¨','/salary/work/add','127.0.0.1','å†…ç½‘IP','{\"date\":[\"2021-09-19\"],\"closeTime\":[\"12:12:33\"]}','{\"msg\":\"æ“ä½œæˆåŠŸ\",\"code\":0}',0,NULL,'2021-09-19 12:12:35'),(828,'è¯·å‡',1,'com.ruoyi.project.business.level.controller.LevelController.addSave()','POST',1,'admin','ç ”å‘éƒ¨é—¨','/business/level/add','127.0.0.1','å†…ç½‘IP','{\"dateStart\":[\"2021-09-19\"],\"dateEnd\":[\"2021-09-25\"],\"reason\":[\"å¹´å‡\"]}','{\"msg\":\"æ“ä½œæˆåŠŸ\",\"code\":0}',0,NULL,'2021-09-19 12:13:25'),(829,'å®¡æ‰¹',2,'com.ruoyi.project.business.level.controller.LevelController.shenpiSave()','POST',1,'admin','ç ”å‘éƒ¨é—¨','/business/level/shenpi','127.0.0.1','å†…ç½‘IP','{\"id\":[\"12\"],\"userName\":[\"è€å°§\"],\"reason\":[\"å¹´å‡\"],\"result\":[\"1\"],\"approvalReason\":[\"å¯ä»¥ä¼‘æ¯ï¼Œè¾›è‹¦äº†\"]}','{\"msg\":\"æ“ä½œæˆåŠŸ\",\"code\":0}',0,NULL,'2021-09-19 12:13:37'),(830,'å·¥èµ„æ ¸ç®—',1,'com.ruoyi.project.business.account.controller.AccountController.addSave()','POST',1,'admin','ç ”å‘éƒ¨é—¨','/business/account/add','127.0.0.1','å†…ç½‘IP','{\"date\":[\"2021-10\"]}','{\"msg\":\"æ“ä½œæˆåŠŸ\",\"code\":0}',0,NULL,'2021-10-12 17:33:15'),(831,'å²—ä½ç®¡ç†',2,'com.ruoyi.project.system.post.controller.PostController.editSave()','POST',1,'admin','ç ”å‘éƒ¨é—¨','/system/post/edit','127.0.0.1','å†…ç½‘IP','{\"postId\":[\"1\"],\"postName\":[\"å²—ä½5\"],\"postCode\":[\"1\"],\"postSort\":[\"1\"],\"status\":[\"0\"],\"remark\":[\"\"]}','{\"msg\":\"æ“ä½œæˆåŠŸ\",\"code\":0}',0,NULL,'2021-10-12 17:43:59'),(832,'å²—ä½ç®¡ç†',2,'com.ruoyi.project.system.post.controller.PostController.editSave()','POST',1,'admin','ç ”å‘éƒ¨é—¨','/system/post/edit','127.0.0.1','å†…ç½‘IP','{\"postId\":[\"1\"],\"postName\":[\"å²—ä½1\"],\"postCode\":[\"1\"],\"postSort\":[\"1\"],\"status\":[\"0\"],\"remark\":[\"\"]}','{\"msg\":\"æ“ä½œæˆåŠŸ\",\"code\":0}',0,NULL,'2021-10-12 17:44:13'),(833,'è§’è‰²ç®¡ç†',3,'com.ruoyi.project.system.role.controller.RoleController.remove()','POST',1,'admin','ç ”å‘éƒ¨é—¨','/system/role/remove','127.0.0.1','å†…ç½‘IP','{\"ids\":[\"100,101\"]}',NULL,1,'è´¢åŠ¡äººå‘˜å·²åˆ†é…,ä¸èƒ½åˆ é™¤','2021-10-30 09:20:07'),(834,'å²—ä½ç®¡ç†',1,'com.ruoyi.project.system.post.controller.PostController.addSave()','POST',1,'admin','ç ”å‘éƒ¨é—¨','/system/post/add','127.0.0.1','å†…ç½‘IP','{\"postName\":[\"è½¯ä»¶ç ”å‘å²—\"],\"postCode\":[\"rjyf\"],\"postSort\":[\"1\"],\"status\":[\"0\"],\"remark\":[\"\"]}','{\"msg\":\"æ“ä½œæˆåŠŸ\",\"code\":0}',0,NULL,'2021-10-30 09:23:21'),(835,'å²—ä½ç®¡ç†',1,'com.ruoyi.project.system.post.controller.PostController.addSave()','POST',1,'admin','ç ”å‘éƒ¨é—¨','/system/post/add','127.0.0.1','å†…ç½‘IP','{\"postName\":[\"è½¯ä»¶æµ‹è¯•å²—\"],\"postCode\":[\"rjcs\"],\"postSort\":[\"2\"],\"status\":[\"0\"],\"remark\":[\"\"]}','{\"msg\":\"æ“ä½œæˆåŠŸ\",\"code\":0}',0,NULL,'2021-10-30 09:23:41'),(836,'å²—ä½ç®¡ç†',1,'com.ruoyi.project.system.post.controller.PostController.addSave()','POST',1,'admin','ç ”å‘éƒ¨é—¨','/system/post/add','127.0.0.1','å†…ç½‘IP','{\"postName\":[\"ä¸šåŠ¡è¿è¡Œå²—\"],\"postCode\":[\"ywyy\"],\"postSort\":[\"3\"],\"status\":[\"0\"],\"remark\":[\"\"]}','{\"msg\":\"æ“ä½œæˆåŠŸ\",\"code\":0}',0,NULL,'2021-10-30 09:24:12'),(837,'å²—ä½ç®¡ç†',1,'com.ruoyi.project.system.post.controller.PostController.addSave()','POST',1,'admin','ç ”å‘éƒ¨é—¨','/system/post/add','127.0.0.1','å†…ç½‘IP','{\"postName\":[\"é¡¹ç›®ç»ç†å²—\"],\"postCode\":[\"xmjl\"],\"postSort\":[\"4\"],\"status\":[\"0\"],\"remark\":[\"\"]}','{\"msg\":\"æ“ä½œæˆåŠŸ\",\"code\":0}',0,NULL,'2021-10-30 09:24:39'),(838,'å²—ä½ç®¡ç†',3,'com.ruoyi.project.system.post.controller.PostController.remove()','POST',1,'admin','ç ”å‘éƒ¨é—¨','/system/post/remove','127.0.0.1','å†…ç½‘IP','{\"ids\":[\"1\"]}','{\"msg\":\"å²—ä½1å·²åˆ†é…,ä¸èƒ½åˆ é™¤\",\"code\":500}',0,NULL,'2021-10-30 09:24:41'),(839,'éƒ¨é—¨ç®¡ç†',3,'com.ruoyi.project.system.dept.controller.DeptController.remove()','GET',1,'admin','ç ”å‘éƒ¨é—¨','/system/dept/remove/102','127.0.0.1','å†…ç½‘IP','102','{\"msg\":\"å­˜åœ¨ä¸‹çº§éƒ¨é—¨,ä¸å…è®¸åˆ é™¤\",\"code\":301}',0,NULL,'2021-10-30 09:25:23'),(840,'éƒ¨é—¨ç®¡ç†',3,'com.ruoyi.project.system.dept.controller.DeptController.remove()','GET',1,'admin','ç ”å‘éƒ¨é—¨','/system/dept/remove/107','127.0.0.1','å†…ç½‘IP','107','{\"msg\":\"æ“ä½œæˆåŠŸ\",\"code\":0}',0,NULL,'2021-10-30 09:25:29'),(841,'éƒ¨é—¨ç®¡ç†',3,'com.ruoyi.project.system.dept.controller.DeptController.remove()','GET',1,'admin','ç ”å‘éƒ¨é—¨','/system/dept/remove/104','127.0.0.1','å†…ç½‘IP','104','{\"msg\":\"æ“ä½œæˆåŠŸ\",\"code\":0}',0,NULL,'2021-10-30 09:25:35'),(842,'éƒ¨é—¨ç®¡ç†',3,'com.ruoyi.project.system.dept.controller.DeptController.remove()','GET',1,'admin','ç ”å‘éƒ¨é—¨','/system/dept/remove/106','127.0.0.1','å†…ç½‘IP','106','{\"msg\":\"æ“ä½œæˆåŠŸ\",\"code\":0}',0,NULL,'2021-10-30 09:25:40'),(843,'è§’è‰²ç®¡ç†',3,'com.ruoyi.project.system.role.controller.RoleController.remove()','POST',1,'admin','ç ”å‘éƒ¨é—¨','/system/role/remove','127.0.0.1','å†…ç½‘IP','{\"ids\":[\"100,101\"]}',NULL,1,'è´¢åŠ¡äººå‘˜å·²åˆ†é…,ä¸èƒ½åˆ é™¤','2021-10-30 09:27:21'),(844,'ç”¨æˆ·ç®¡ç†',1,'com.ruoyi.project.system.user.controller.UserController.addSave()','POST',1,'admin','ç ”å‘éƒ¨é—¨','/system/user/add','127.0.0.1','å†…ç½‘IP','{\"deptId\":[\"103\"],\"userName\":[\"å¼ ä¸‰\"],\"deptName\":[\"ç ”å‘éƒ¨é—¨\"],\"phonenumber\":[\"19999999999\"],\"email\":[\"199@163.com\"],\"loginName\":[\"zs\"],\"sex\":[\"0\"],\"role\":[\"2\"],\"remark\":[\"\"],\"status\":[\"0\"],\"roleIds\":[\"2\"],\"postIds\":[\"5\"]}','{\"msg\":\"æ“ä½œæˆåŠŸ\",\"code\":0}',0,NULL,'2021-10-30 09:27:56'),(845,'ç”¨æˆ·ç®¡ç†',1,'com.ruoyi.project.system.user.controller.UserController.addSave()','POST',1,'admin','ç ”å‘éƒ¨é—¨','/system/user/add','127.0.0.1','å†…ç½‘IP','{\"deptId\":[\"105\"],\"userName\":[\"æå››\"],\"deptName\":[\"æµ‹è¯•éƒ¨é—¨\"],\"phonenumber\":[\"17777777777\"],\"email\":[\"177@163.com\"],\"loginName\":[\"ls\"],\"sex\":[\"0\"],\"role\":[\"100\"],\"remark\":[\"\"],\"status\":[\"0\"],\"roleIds\":[\"100\"],\"postIds\":[\"6\"]}','{\"msg\":\"æ“ä½œæˆåŠŸ\",\"code\":0}',0,NULL,'2021-10-30 09:28:46'),(846,'ç”¨æˆ·ç®¡ç†',1,'com.ruoyi.project.system.user.controller.UserController.addSave()','POST',1,'admin','ç ”å‘éƒ¨é—¨','/system/user/add','127.0.0.1','å†…ç½‘IP','{\"deptId\":[\"103\"],\"userName\":[\"ç‹äº”\"],\"deptName\":[\"ç ”å‘éƒ¨é—¨\"],\"phonenumber\":[\"18109098980\"],\"email\":[\"181@163.com\"],\"loginName\":[\"ww\"],\"sex\":[\"0\"],\"role\":[\"101\"],\"remark\":[\"\"],\"status\":[\"0\"],\"roleIds\":[\"101\"],\"postIds\":[\"8\"]}','{\"msg\":\"æ“ä½œæˆåŠŸ\",\"code\":0}',0,NULL,'2021-10-30 09:29:29'),(847,'å²—ä½ç®¡ç†',3,'com.ruoyi.project.system.post.controller.PostController.remove()','POST',1,'admin','ç ”å‘éƒ¨é—¨','/system/post/remove','127.0.0.1','å†…ç½‘IP','{\"ids\":[\"7\"]}','{\"msg\":\"æ“ä½œæˆåŠŸ\",\"code\":0}',0,NULL,'2021-10-30 09:29:37'),(848,'å²—ä½-è–ªèµ„é…ç½®å…³è”',1,'com.ruoyi.project.business.salaryallocation.controller.PostSalaryallocationController.addSave()','POST',1,'admin','ç ”å‘éƒ¨é—¨','/business/salaryallocation/add','127.0.0.1','å†…ç½‘IP','{\"salaryAllocationIds\":[\"1,2,3,8,10,12,14,16,17,18,19\"],\"postId\":[\"8\"]}','{\"msg\":\"æ“ä½œæˆåŠŸ\",\"code\":0}',0,NULL,'2021-10-30 11:15:23'),(849,'å²—ä½-è–ªèµ„é…ç½®å…³è”',1,'com.ruoyi.project.business.salaryallocation.controller.PostSalaryallocationController.addSave()','POST',1,'admin','ç ”å‘éƒ¨é—¨','/business/salaryallocation/add','127.0.0.1','å†…ç½‘IP','{\"salaryAllocationIds\":[\"1,2,3,8,10,12,14,16,17,18,19\"],\"postId\":[\"8\"]}','{\"msg\":\"æ“ä½œæˆåŠŸ\",\"code\":0}',0,NULL,'2021-10-30 11:16:36'),(850,'å²—ä½-è–ªèµ„é…ç½®å…³è”',1,'com.ruoyi.project.business.salaryallocation.controller.PostSalaryallocationController.addSave()','POST',1,'admin','ç ”å‘éƒ¨é—¨','/business/salaryallocation/add','127.0.0.1','å†…ç½‘IP','{\"salaryAllocationIds\":[\"1,2,3,8,10,12,14,16,17,18,19\"],\"postId\":[\"8\"]}','{\"msg\":\"æ“ä½œæˆåŠŸ\",\"code\":0}',0,NULL,'2021-10-30 11:16:37'),(851,'å²—ä½-è–ªèµ„é…ç½®å…³è”',1,'com.ruoyi.project.business.salaryallocation.controller.PostSalaryallocationController.addSave()','POST',1,'admin','ç ”å‘éƒ¨é—¨','/business/salaryallocation/add','127.0.0.1','å†…ç½‘IP','{\"salaryAllocationIds\":[\"1,2,3,8,10,12,14,16,17,18,19\"],\"postId\":[\"8\"]}','{\"msg\":\"æ“ä½œæˆåŠŸ\",\"code\":0}',0,NULL,'2021-10-30 11:16:37'),(852,'å²—ä½-è–ªèµ„é…ç½®å…³è”',1,'com.ruoyi.project.business.salaryallocation.controller.PostSalaryallocationController.addSave()','POST',1,'admin','ç ”å‘éƒ¨é—¨','/business/salaryallocation/add','127.0.0.1','å†…ç½‘IP','{\"salaryAllocationIds\":[\"1\"],\"postId\":[\"5\"]}','{\"msg\":\"æ“ä½œæˆåŠŸ\",\"code\":0}',0,NULL,'2021-10-30 11:18:27'),(853,'å²—ä½-è–ªèµ„é…ç½®å…³è”',1,'com.ruoyi.project.business.salaryallocation.controller.PostSalaryallocationController.addSave()','POST',1,'admin','ç ”å‘éƒ¨é—¨','/business/salaryallocation/add','127.0.0.1','å†…ç½‘IP','{\"salaryAllocationIds\":[\"1\"],\"postId\":[\"5\"]}','{\"msg\":\"æ“ä½œæˆåŠŸ\",\"code\":0}',0,NULL,'2021-10-30 11:18:30'),(854,'å²—ä½-è–ªèµ„é…ç½®å…³è”',1,'com.ruoyi.project.business.salaryallocation.controller.PostSalaryallocationController.addSave()','POST',1,'admin','ç ”å‘éƒ¨é—¨','/business/salaryallocation/add','127.0.0.1','å†…ç½‘IP','{\"salaryAllocationIds\":[\"1,2,3\"],\"postId\":[\"5\"]}','{\"msg\":\"æ“ä½œæˆåŠŸ\",\"code\":0}',0,NULL,'2021-10-30 11:19:18'),(855,'å²—ä½-è–ªèµ„é…ç½®å…³è”',1,'com.ruoyi.project.business.salaryallocation.controller.PostSalaryallocationController.addSave()','POST',1,'admin','ç ”å‘éƒ¨é—¨','/business/salaryallocation/add','127.0.0.1','å†…ç½‘IP','{\"salaryAllocationIds\":[\"1,2,3,8,10,12,14,16,17,18,19\"],\"postId\":[\"5\"]}','{\"msg\":\"æ“ä½œæˆåŠŸ\",\"code\":0}',0,NULL,'2021-10-30 11:19:39'),(856,'å²—ä½-è–ªèµ„é…ç½®å…³è”',1,'com.ruoyi.project.business.salaryallocation.controller.PostSalaryallocationController.addSave()','POST',1,'admin','ç ”å‘éƒ¨é—¨','/business/salaryallocation/add','127.0.0.1','å†…ç½‘IP','{\"salaryAllocationIds\":[\"2,6,7,9,11,13,15,16,17,18,19\"],\"postId\":[\"6\"]}','{\"msg\":\"æ“ä½œæˆåŠŸ\",\"code\":0}',0,NULL,'2021-10-30 11:20:39'),(857,'å²—ä½-è–ªèµ„é…ç½®å…³è”',3,'com.ruoyi.project.business.salaryallocation.controller.PostSalaryallocationController.remove()','POST',1,'admin','ç ”å‘éƒ¨é—¨','/business/salaryallocation/remove','127.0.0.1','å†…ç½‘IP','{\"ids\":[\"108\"]}','{\"msg\":\"æ“ä½œæˆåŠŸ\",\"code\":0}',0,NULL,'2021-10-30 11:21:27'),(858,'å²—ä½-è–ªèµ„é…ç½®å…³è”',3,'com.ruoyi.project.business.salaryallocation.controller.PostSalaryallocationController.remove()','POST',1,'admin','ç ”å‘éƒ¨é—¨','/business/salaryallocation/remove','127.0.0.1','å†…ç½‘IP','{\"ids\":[\"109\"]}','{\"msg\":\"æ“ä½œæˆåŠŸ\",\"code\":0}',0,NULL,'2021-10-30 11:21:29'),(859,'å²—ä½-è–ªèµ„é…ç½®å…³è”',3,'com.ruoyi.project.business.salaryallocation.controller.PostSalaryallocationController.remove()','POST',1,'admin','ç ”å‘éƒ¨é—¨','/business/salaryallocation/remove','127.0.0.1','å†…ç½‘IP','{\"ids\":[\"110\"]}','{\"msg\":\"æ“ä½œæˆåŠŸ\",\"code\":0}',0,NULL,'2021-10-30 11:21:31'),(860,'å²—ä½-è–ªèµ„é…ç½®å…³è”',3,'com.ruoyi.project.business.salaryallocation.controller.PostSalaryallocationController.remove()','POST',1,'admin','ç ”å‘éƒ¨é—¨','/business/salaryallocation/remove','127.0.0.1','å†…ç½‘IP','{\"ids\":[\"111\"]}','{\"msg\":\"æ“ä½œæˆåŠŸ\",\"code\":0}',0,NULL,'2021-10-30 11:21:34'),(861,'å²—ä½-è–ªèµ„é…ç½®å…³è”',1,'com.ruoyi.project.business.salaryallocation.controller.PostSalaryallocationController.addSave()','POST',1,'admin','ç ”å‘éƒ¨é—¨','/business/salaryallocation/add','127.0.0.1','å†…ç½‘IP','{\"salaryAllocationIds\":[\"2,3,6,9,11,13,15,16,17,18,19\"],\"postId\":[\"5\"]}','{\"msg\":\"æ“ä½œæˆåŠŸ\",\"code\":0}',0,NULL,'2021-10-30 11:21:59'),(862,'è€ƒå‹¤',1,'com.ruoyi.project.business.work.controller.CheckWorkController.addSave()','POST',1,'ls','æµ‹è¯•éƒ¨é—¨','/salary/work/add','127.0.0.1','å†…ç½‘IP','{\"date\":[\"2021-10-30\"],\"workTime\":[\"11:25:06\"]}','{\"msg\":\"æ“ä½œæˆåŠŸ\",\"code\":0}',0,NULL,'2021-10-30 11:25:10'),(863,'è¯·å‡',1,'com.ruoyi.project.business.level.controller.LevelController.addSave()','POST',1,'ls','æµ‹è¯•éƒ¨é—¨','/business/level/add','127.0.0.1','å†…ç½‘IP','{\"dateStart\":[\"2021-10-21\"],\"dateEnd\":[\"2021-10-22\"],\"reason\":[\"å»åŒ»é™¢çœ‹ç—…\"]}','{\"msg\":\"è¯·å‡å¼€å§‹æ—¶é—´ä¸å…è®¸å°äºå½“å‰æ—¶é—´\",\"code\":500}',0,NULL,'2021-10-30 11:25:33'),(864,'è¯·å‡',1,'com.ruoyi.project.business.level.controller.LevelController.addSave()','POST',1,'ls','æµ‹è¯•éƒ¨é—¨','/business/level/add','127.0.0.1','å†…ç½‘IP','{\"dateStart\":[\"2021-10-30\"],\"dateEnd\":[\"2021-10-30\"],\"reason\":[\"å»åŒ»é™¢çœ‹ç—…\"]}','{\"msg\":\"æ“ä½œæˆåŠŸ\",\"code\":0}',0,NULL,'2021-10-30 11:25:46'),(865,'è€ƒå‹¤',1,'com.ruoyi.project.business.work.controller.CheckWorkController.addSave()','POST',1,'ls','æµ‹è¯•éƒ¨é—¨','/salary/work/add','127.0.0.1','å†…ç½‘IP','{\"date\":[\"2021-10-30\"],\"closeTime\":[\"11:26:05\"]}','{\"msg\":\"æ“ä½œæˆåŠŸ\",\"code\":0}',0,NULL,'2021-10-30 11:26:07'),(866,'å®¡æ‰¹',2,'com.ruoyi.project.business.level.controller.LevelController.shenpiSave()','POST',1,'admin','ç ”å‘éƒ¨é—¨','/business/level/shenpi','127.0.0.1','å†…ç½‘IP','{\"id\":[\"13\"],\"userName\":[\"æå››\"],\"reason\":[\"å»åŒ»é™¢çœ‹ç—…\"],\"result\":[\"1\"],\"approvalReason\":[\"å»å§\"]}','{\"msg\":\"æ“ä½œæˆåŠŸ\",\"code\":0}',0,NULL,'2021-10-30 11:26:33'),(867,'å·¥èµ„æ ¸ç®—',1,'com.ruoyi.project.business.account.controller.AccountController.addSave()','POST',1,'admin','ç ”å‘éƒ¨é—¨','/business/account/add','127.0.0.1','å†…ç½‘IP','{\"date\":[\"2021-10\"]}','{\"msg\":\"æ“ä½œæˆåŠŸ\",\"code\":0}',0,NULL,'2021-10-30 11:27:00'),(868,'å·¥èµ„æ ¸ç®—',1,'com.ruoyi.project.business.account.controller.AccountController.addSave()','POST',1,'admin','ç ”å‘éƒ¨é—¨','/business/account/add','127.0.0.1','å†…ç½‘IP','{\"date\":[\"2021-10\"]}','{\"msg\":\"æœ¬æœˆè–ªèµ„å·²æ ¸ç®—ï¼Œé‡æ–°æ ¸ç®—è¯·å…ˆåˆ é™¤æ‰€æœ‰æ ¸ç®—æ•°æ®\",\"code\":500}',0,NULL,'2021-10-30 11:28:06'),(869,'å²—ä½-è–ªèµ„é…ç½®å…³è”',3,'com.ruoyi.project.business.salaryallocation.controller.PostSalaryallocationController.remove()','POST',1,'admin','ç ”å‘éƒ¨é—¨','/business/salaryallocation/remove','127.0.0.1','å†…ç½‘IP','{\"ids\":[\"105\"]}','{\"msg\":\"æ“ä½œæˆåŠŸ\",\"code\":0}',0,NULL,'2021-10-30 11:44:24'),(870,'å·¥èµ„æ ¸ç®—',1,'com.ruoyi.project.business.account.controller.AccountController.addSave()','POST',1,'admin','ç ”å‘éƒ¨é—¨','/business/account/add','127.0.0.1','å†…ç½‘IP','{\"date\":[\"2021-10\"]}','{\"msg\":\"æ“ä½œæˆåŠŸ\",\"code\":0}',0,NULL,'2021-10-30 11:46:43'),(871,'ä¸ªäººä¿¡æ¯',2,'com.ruoyi.project.system.user.controller.ProfileController.updateAvatar()','POST',1,'ls','æµ‹è¯•éƒ¨é—¨','/system/user/profile/updateAvatar','127.0.0.1','å†…ç½‘IP','','{\"msg\":\"æ“ä½œæˆåŠŸ\",\"code\":0}',0,NULL,'2021-10-30 12:31:35'),(872,'å²—ä½-è–ªèµ„é…ç½®å…³è”',1,'com.ruoyi.project.business.salaryallocation.controller.PostSalaryallocationController.addSave()','POST',1,'admin','ç ”å‘éƒ¨é—¨','/business/salaryallocation/add','127.0.0.1','å†…ç½‘IP','{\"jobName\":[\"è½¯ä»¶ç ”å‘å²—\"],\"postId\":[\"5\",\"5\"],\"salaryAllocationId\":[\"2\",\"3\",\"6\",\"9\",\"11\",\"13\",\"15\",\"16\",\"17\",\"18\",\"19\"],\"salaryAllocationIds\":[\"2,3,6,9,11,13,15,16,17,18,19\"]}','{\"msg\":\"æ“ä½œæˆåŠŸ\",\"code\":0}',0,NULL,'2021-11-13 11:26:46'),(873,'å²—ä½-è–ªèµ„é…ç½®å…³è”',1,'com.ruoyi.project.business.salaryallocation.controller.PostSalaryallocationController.addSave()','POST',1,'admin','ç ”å‘éƒ¨é—¨','/business/salaryallocation/add','127.0.0.1','å†…ç½‘IP','{\"jobName\":[\"è½¯ä»¶ç ”å‘å²—\"],\"postId\":[\"5\",\"5\"],\"salaryAllocationId\":[\"2\",\"3\",\"6\",\"9\",\"11\",\"13\",\"15\",\"16\",\"17\",\"18\",\"19\"],\"salaryAllocationIds\":[\"2,3,6,9,11,13,15,16,17,18,19\"]}','{\"msg\":\"æ“ä½œæˆåŠŸ\",\"code\":0}',0,NULL,'2021-11-13 11:28:19'),(874,'ç”¨æˆ·ç®¡ç†',1,'com.salary.project.system.user.controller.UserController.addSave()','POST',1,'ww','ç ”å‘éƒ¨é—¨','/system/user/add','127.0.0.1','å†…ç½‘IP','{\"deptId\":[\"100\"],\"userName\":[\"å‘¨æ€»\"],\"deptName\":[\"å®‡å®™ç¼–ç¨‹ç§‘æŠ€\"],\"phonenumber\":[\"19909908888\"],\"email\":[\"zhou@163.com\"],\"loginName\":[\"zhou\"],\"sex\":[\"0\"],\"role\":[\"101\"],\"remark\":[\"\"],\"status\":[\"0\"],\"roleIds\":[\"101\"],\"postIds\":[\"1\"]}','{\"msg\":\"æ“ä½œæˆåŠŸ\",\"code\":0}',0,NULL,'2022-07-17 10:35:18'),(875,'ç”¨æˆ·ç®¡ç†',1,'com.salary.project.system.user.controller.UserController.addSave()','POST',1,'ww','ç ”å‘éƒ¨é—¨','/system/user/add','127.0.0.1','å†…ç½‘IP','{\"deptId\":[\"100\"],\"userName\":[\"ç‹ä¼šè®¡\"],\"deptName\":[\"å®‡å®™ç¼–ç¨‹ç§‘æŠ€\"],\"phonenumber\":[\"17709798809\"],\"email\":[\"wang@163.com\"],\"loginName\":[\"wang\"],\"sex\":[\"1\"],\"role\":[\"100\"],\"remark\":[\"è´¢åŠ¡äººå‘˜\"],\"status\":[\"0\"],\"roleIds\":[\"100\"],\"postIds\":[\"5\"]}','{\"msg\":\"æ“ä½œæˆåŠŸ\",\"code\":0}',0,NULL,'2022-07-17 10:36:34'),(876,'å²—ä½ç®¡ç†',2,'com.salary.project.system.post.controller.PostController.editSave()','POST',1,'admin','ç ”å‘éƒ¨é—¨','/system/post/edit','127.0.0.1','å†…ç½‘IP','{\"postId\":[\"8\"],\"postName\":[\"å…¶ä»–äººå‘˜å²—\"],\"postCode\":[\"xmjl\"],\"postSort\":[\"4\"],\"status\":[\"0\"],\"remark\":[\"\"]}','{\"msg\":\"æ“ä½œæˆåŠŸ\",\"code\":0}',0,NULL,'2022-07-17 10:38:27'),(877,'ç”¨æˆ·ç®¡ç†',1,'com.salary.project.system.user.controller.UserController.addSave()','POST',1,'admin','ç ”å‘éƒ¨é—¨','/system/user/add','127.0.0.1','å†…ç½‘IP','{\"deptId\":[\"103\"],\"userName\":[\"å°åˆ˜\"],\"deptName\":[\"ç ”å‘éƒ¨é—¨\"],\"phonenumber\":[\"13320231980\"],\"email\":[\"liu@163.com\"],\"loginName\":[\"liu\"],\"sex\":[\"0\"],\"role\":[\"2\"],\"remark\":[\"\"],\"status\":[\"0\"],\"roleIds\":[\"2\"],\"postIds\":[\"5\"]}','{\"msg\":\"æ“ä½œæˆåŠŸ\",\"code\":0}',0,NULL,'2022-07-17 10:40:39'),(878,'è€ƒå‹¤',1,'com.salary.project.business.work.controller.CheckWorkController.addSave()','POST',1,'liu','ç ”å‘éƒ¨é—¨','/salary/work/add','127.0.0.1','å†…ç½‘IP','{\"date\":[\"2022-07-17\"],\"workTime\":[\"15:36:53\"]}','{\"msg\":\"æ“ä½œæˆåŠŸ\",\"code\":0}',0,NULL,'2022-07-17 15:36:59'),(879,'è€ƒå‹¤',1,'com.salary.project.business.work.controller.CheckWorkController.addSave()','POST',1,'liu','ç ”å‘éƒ¨é—¨','/salary/work/add','127.0.0.1','å†…ç½‘IP','{\"date\":[\"2022-07-17\"],\"closeTime\":[\"15:37:04\"]}','{\"msg\":\"æ“ä½œæˆåŠŸ\",\"code\":0}',0,NULL,'2022-07-17 15:37:05'),(880,'è€ƒå‹¤',1,'com.salary.project.business.work.controller.CheckWorkController.addSave()','POST',1,'liu','ç ”å‘éƒ¨é—¨','/salary/work/add','127.0.0.1','å†…ç½‘IP','{\"date\":[\"2022-07-17\"],\"workTime\":[\"15:37:13\"]}','{\"msg\":\"ä¸Šç­å·²æ‰“å¡ï¼Œä¸‹ç­æ‰“å¡è¯·æ‰§è¡Œä¸‹ç­æ‰“å¡\",\"code\":500}',0,NULL,'2022-07-17 15:37:14'),(881,'è¯·å‡',1,'com.salary.project.business.level.controller.LevelController.addSave()','POST',1,'liu','ç ”å‘éƒ¨é—¨','/business/level/add','127.0.0.1','å†…ç½‘IP','{\"dateStart\":[\"2022-07-10\"],\"dateEnd\":[\"2022-07-18\"],\"reason\":[\"å¹´ä¼‘å‡\"]}','{\"msg\":\"è¯·å‡å¼€å§‹æ—¶é—´ä¸å…è®¸å°äºå½“å‰æ—¶é—´\",\"code\":500}',0,NULL,'2022-07-17 15:37:43'),(882,'è¯·å‡',1,'com.salary.project.business.level.controller.LevelController.addSave()','POST',1,'liu','ç ”å‘éƒ¨é—¨','/business/level/add','127.0.0.1','å†…ç½‘IP','{\"dateStart\":[\"2022-07-10\"],\"dateEnd\":[\"2022-07-18\"],\"reason\":[\"å¹´ä¼‘å‡\"]}','{\"msg\":\"è¯·å‡å¼€å§‹æ—¶é—´ä¸å…è®¸å°äºå½“å‰æ—¶é—´\",\"code\":500}',0,NULL,'2022-07-17 15:37:47'),(883,'è¯·å‡',1,'com.salary.project.business.level.controller.LevelController.addSave()','POST',1,'liu','ç ”å‘éƒ¨é—¨','/business/level/add','127.0.0.1','å†…ç½‘IP','{\"dateStart\":[\"2022-07-18\"],\"dateEnd\":[\"2022-07-24\"],\"reason\":[\"å¹´ä¼‘å‡\"]}','{\"msg\":\"æ“ä½œæˆåŠŸ\",\"code\":0}',0,NULL,'2022-07-17 15:37:58'),(884,'è€ƒå‹¤',1,'com.salary.project.business.work.controller.CheckWorkController.addSave()','POST',1,'wang','å®‡å®™ç¼–ç¨‹ç§‘æŠ€','/salary/work/add','127.0.0.1','å†…ç½‘IP','{\"date\":[\"2022-07-17\"],\"workTime\":[\"15:39:04\"]}','{\"msg\":\"æ“ä½œæˆåŠŸ\",\"code\":0}',0,NULL,'2022-07-17 15:39:05'),(885,'è€ƒå‹¤',1,'com.salary.project.business.work.controller.CheckWorkController.addSave()','POST',1,'wang','å®‡å®™ç¼–ç¨‹ç§‘æŠ€','/salary/work/add','127.0.0.1','å†…ç½‘IP','{\"date\":[\"2022-07-17\"],\"closeTime\":[\"15:39:06\"]}','{\"msg\":\"æ“ä½œæˆåŠŸ\",\"code\":0}',0,NULL,'2022-07-17 15:39:08'),(886,'å·¥èµ„æ ¸ç®—',1,'com.salary.project.business.account.controller.AccountController.addSave()','POST',1,'wang','å®‡å®™ç¼–ç¨‹ç§‘æŠ€','/business/account/add','127.0.0.1','å†…ç½‘IP','{\"date\":[\"2022-07\"]}','{\"msg\":\"æ“ä½œæˆåŠŸ\",\"code\":0}',0,NULL,'2022-07-17 15:40:02'),(887,'å®¡æ‰¹',2,'com.salary.project.business.level.controller.LevelController.shenpiSave()','POST',1,'zhou','å®‡å®™ç¼–ç¨‹ç§‘æŠ€','/business/level/shenpi','127.0.0.1','å†…ç½‘IP','{\"id\":[\"13\"],\"userName\":[\"æå››\"],\"reason\":[\"å»åŒ»é™¢çœ‹ç—…\"],\"result\":[\"1\"],\"approvalReason\":[\"åŒæ„\"]}','{\"msg\":\"æ“ä½œæˆåŠŸ\",\"code\":0}',0,NULL,'2022-07-17 15:40:44'),(888,'å®¡æ‰¹',2,'com.salary.project.business.level.controller.LevelController.shenpiSave()','POST',1,'zhou','å®‡å®™ç¼–ç¨‹ç§‘æŠ€','/business/level/shenpi','127.0.0.1','å†…ç½‘IP','{\"id\":[\"14\"],\"userName\":[\"å°åˆ˜\"],\"reason\":[\"å¹´ä¼‘å‡\"],\"result\":[\"1\"],\"approvalReason\":[\"åŒæ„\"]}','{\"msg\":\"æ“ä½œæˆåŠŸ\",\"code\":0}',0,NULL,'2022-07-17 15:40:53'),(889,'ä¸ªäººä¿¡æ¯',2,'com.salary.project.system.user.controller.ProfileController.updateAvatar()','POST',1,'zhou','å®‡å®™ç¼–ç¨‹ç§‘æŠ€','/system/user/profile/updateAvatar','127.0.0.1','å†…ç½‘IP','','{\"msg\":\"æ“ä½œæˆåŠŸ\",\"code\":0}',0,NULL,'2022-07-17 15:47:09');

/*Table structure for table `sys_post` */

DROP TABLE IF EXISTS `sys_post`;

CREATE TABLE `sys_post` (
  `post_id` bigint(20) NOT NULL AUTO_INCREMENT COMMENT 'å²—ä½ID',
  `post_code` varchar(64) NOT NULL COMMENT 'å²—ä½ç¼–ç ',
  `post_name` varchar(50) NOT NULL COMMENT 'å²—ä½åç§°',
  `post_sort` int(4) NOT NULL COMMENT 'æ˜¾ç¤ºé¡ºåº',
  `status` char(1) NOT NULL COMMENT 'çŠ¶æ€ï¼ˆ0æ­£å¸¸ 1åœç”¨ï¼‰',
  `create_by` varchar(64) DEFAULT '' COMMENT 'åˆ›å»ºè€…',
  `create_time` datetime DEFAULT NULL COMMENT 'åˆ›å»ºæ—¶é—´',
  `update_by` varchar(64) DEFAULT '' COMMENT 'æ›´æ–°è€…',
  `update_time` datetime DEFAULT NULL COMMENT 'æ›´æ–°æ—¶é—´',
  `remark` varchar(500) DEFAULT NULL COMMENT 'å¤‡æ³¨',
  PRIMARY KEY (`post_id`) USING BTREE
) ENGINE=InnoDB AUTO_INCREMENT=9 DEFAULT CHARSET=utf8 ROW_FORMAT=DYNAMIC COMMENT='å²—ä½ä¿¡æ¯è¡¨';

/*Data for the table `sys_post` */

insert  into `sys_post`(`post_id`,`post_code`,`post_name`,`post_sort`,`status`,`create_by`,`create_time`,`update_by`,`update_time`,`remark`) values (1,'dsz','è‘£äº‹é•¿',1,'0','admin','2021-10-30 09:24:39','',NULL,NULL),(5,'rjyf','è½¯ä»¶ç ”å‘å²—',1,'0','admin','2021-10-30 09:23:20','',NULL,NULL),(6,'rjcs','è½¯ä»¶æµ‹è¯•å²—',2,'0','admin','2021-10-30 09:23:41','',NULL,NULL),(8,'xmjl','å…¶ä»–äººå‘˜å²—',4,'0','admin','2021-10-30 09:24:39','admin','2022-07-17 10:38:27','');

/*Table structure for table `sys_role` */

DROP TABLE IF EXISTS `sys_role`;

CREATE TABLE `sys_role` (
  `role_id` bigint(20) NOT NULL AUTO_INCREMENT COMMENT 'è§’è‰²ID',
  `role_name` varchar(30) NOT NULL COMMENT 'è§’è‰²åç§°',
  `role_key` varchar(100) NOT NULL COMMENT 'è§’è‰²æƒé™å­—ç¬¦ä¸²',
  `role_sort` int(4) NOT NULL COMMENT 'æ˜¾ç¤ºé¡ºåº',
  `data_scope` char(1) DEFAULT '1' COMMENT 'æ•°æ®èŒƒå›´ï¼ˆ1ï¼šå…¨éƒ¨æ•°æ®æƒé™ 2ï¼šè‡ªå®šæ•°æ®æƒé™ 3ï¼šæœ¬éƒ¨é—¨æ•°æ®æƒé™ 4ï¼šæœ¬éƒ¨é—¨åŠä»¥ä¸‹æ•°æ®æƒé™ï¼‰',
  `status` char(1) NOT NULL COMMENT 'è§’è‰²çŠ¶æ€ï¼ˆ0æ­£å¸¸ 1åœç”¨ï¼‰',
  `del_flag` char(1) DEFAULT '0' COMMENT 'åˆ é™¤æ ‡å¿—ï¼ˆ0ä»£è¡¨å­˜åœ¨ 2ä»£è¡¨åˆ é™¤ï¼‰',
  `create_by` varchar(64) DEFAULT '' COMMENT 'åˆ›å»ºè€…',
  `create_time` datetime DEFAULT NULL COMMENT 'åˆ›å»ºæ—¶é—´',
  `update_by` varchar(64) DEFAULT '' COMMENT 'æ›´æ–°è€…',
  `update_time` datetime DEFAULT NULL COMMENT 'æ›´æ–°æ—¶é—´',
  `remark` varchar(500) DEFAULT NULL COMMENT 'å¤‡æ³¨',
  PRIMARY KEY (`role_id`) USING BTREE
) ENGINE=InnoDB AUTO_INCREMENT=102 DEFAULT CHARSET=utf8 ROW_FORMAT=DYNAMIC COMMENT='è§’è‰²ä¿¡æ¯è¡¨';

/*Data for the table `sys_role` */

insert  into `sys_role`(`role_id`,`role_name`,`role_key`,`role_sort`,`data_scope`,`status`,`del_flag`,`create_by`,`create_time`,`update_by`,`update_time`,`remark`) values (1,'è¶…çº§ç®¡ç†å‘˜','admin',1,'1','0','0','admin','2021-07-04 21:10:38','',NULL,'è¶…çº§ç®¡ç†å‘˜'),(2,'æ™®é€šè§’è‰²','common',2,'2','0','0','admin','2021-07-04 21:10:38','admin','2021-07-17 17:43:42','æ™®é€šè§’è‰²'),(100,'è´¢åŠ¡äººå‘˜','finance',3,'1','0','0','admin','2021-07-05 20:55:45','admin','2021-07-26 21:37:23',''),(101,'å®¡æ‰¹äººå‘˜ï¼ˆé¢†å¯¼ï¼‰','approval',4,'1','0','0','admin','2021-07-05 20:56:22','admin','2021-07-26 21:42:20','');

/*Table structure for table `sys_role_dept` */

DROP TABLE IF EXISTS `sys_role_dept`;

CREATE TABLE `sys_role_dept` (
  `role_id` bigint(20) NOT NULL COMMENT 'è§’è‰²ID',
  `dept_id` bigint(20) NOT NULL COMMENT 'éƒ¨é—¨ID',
  PRIMARY KEY (`role_id`,`dept_id`) USING BTREE
) ENGINE=InnoDB DEFAULT CHARSET=utf8 ROW_FORMAT=DYNAMIC COMMENT='è§’è‰²å’Œéƒ¨é—¨å…³è”è¡¨';

/*Data for the table `sys_role_dept` */

insert  into `sys_role_dept`(`role_id`,`dept_id`) values (2,100),(2,101),(2,105);

/*Table structure for table `sys_role_menu` */

DROP TABLE IF EXISTS `sys_role_menu`;

CREATE TABLE `sys_role_menu` (
  `role_id` bigint(20) NOT NULL COMMENT 'è§’è‰²ID',
  `menu_id` bigint(20) NOT NULL COMMENT 'èœå•ID',
  PRIMARY KEY (`role_id`,`menu_id`) USING BTREE
) ENGINE=InnoDB DEFAULT CHARSET=utf8 ROW_FORMAT=DYNAMIC COMMENT='è§’è‰²å’Œèœå•å…³è”è¡¨';

/*Data for the table `sys_role_menu` */

insert  into `sys_role_menu`(`role_id`,`menu_id`) values (2,107),(2,1035),(2,2000),(2,2004),(2,2005),(2,2006),(2,2007),(2,2008),(2,2017),(2,2018),(2,2019),(2,2020),(2,2021),(2,2022),(2,2023),(2,2024),(100,107),(100,1035),(100,2000),(100,2001),(100,2002),(100,2003),(100,2004),(100,2005),(100,2006),(100,2007),(100,2008),(100,2010),(100,2011),(100,2017),(100,2018),(100,2019),(100,2020),(100,2021),(100,2022),(100,2023),(100,2024),(100,2026),(100,2027),(100,2028),(100,2029),(100,2030),(100,2031),(100,2032),(100,2033),(100,2034),(100,2035),(100,2036),(100,2037),(100,2038),(101,100),(101,101),(101,103),(101,104),(101,107),(101,1000),(101,1001),(101,1002),(101,1003),(101,1004),(101,1005),(101,1006),(101,1007),(101,1008),(101,1009),(101,1010),(101,1011),(101,1016),(101,1017),(101,1018),(101,1019),(101,1020),(101,1021),(101,1022),(101,1023),(101,1024),(101,1035),(101,1036),(101,1037),(101,1038),(101,2000),(101,2004),(101,2007),(101,2008),(101,2012),(101,2013),(101,2014),(101,2016),(101,2017),(101,2018),(101,2019),(101,2020),(101,2025);

/*Table structure for table `sys_user` */

DROP TABLE IF EXISTS `sys_user`;

CREATE TABLE `sys_user` (
  `user_id` bigint(20) NOT NULL AUTO_INCREMENT COMMENT 'ç”¨æˆ·ID',
  `dept_id` bigint(20) DEFAULT NULL COMMENT 'éƒ¨é—¨ID',
  `login_name` varchar(30) NOT NULL COMMENT 'ç™»å½•è´¦å·',
  `user_name` varchar(30) DEFAULT '' COMMENT 'ç”¨æˆ·æ˜µç§°',
  `user_type` varchar(2) DEFAULT '00' COMMENT 'ç”¨æˆ·ç±»å‹ï¼ˆ00ç³»ç»Ÿç”¨æˆ· 01æ³¨å†Œç”¨æˆ·ï¼‰',
  `email` varchar(50) DEFAULT '' COMMENT 'ç”¨æˆ·é‚®ç®±',
  `phonenumber` varchar(11) DEFAULT '' COMMENT 'æ‰‹æœºå·ç ',
  `sex` char(1) DEFAULT '0' COMMENT 'ç”¨æˆ·æ€§åˆ«ï¼ˆ0ç”· 1å¥³ 2æœªçŸ¥ï¼‰',
  `avatar` varchar(100) DEFAULT '' COMMENT 'å¤´åƒè·¯å¾„',
  `password` varchar(50) DEFAULT '' COMMENT 'å¯†ç ',
  `salt` varchar(20) DEFAULT '' COMMENT 'ç›åŠ å¯†',
  `status` char(1) DEFAULT '0' COMMENT 'å¸å·çŠ¶æ€ï¼ˆ0æ­£å¸¸ 1åœç”¨ï¼‰',
  `del_flag` char(1) DEFAULT '0' COMMENT 'åˆ é™¤æ ‡å¿—ï¼ˆ0ä»£è¡¨å­˜åœ¨ 2ä»£è¡¨åˆ é™¤ï¼‰',
  `login_ip` varchar(128) DEFAULT '' COMMENT 'æœ€åç™»å½•IP',
  `login_date` datetime DEFAULT NULL COMMENT 'æœ€åç™»å½•æ—¶é—´',
  `pwd_update_date` datetime DEFAULT NULL COMMENT 'å¯†ç æœ€åæ›´æ–°æ—¶é—´',
  `create_by` varchar(64) DEFAULT '' COMMENT 'åˆ›å»ºè€…',
  `create_time` datetime DEFAULT NULL COMMENT 'åˆ›å»ºæ—¶é—´',
  `update_by` varchar(64) DEFAULT '' COMMENT 'æ›´æ–°è€…',
  `update_time` datetime DEFAULT NULL COMMENT 'æ›´æ–°æ—¶é—´',
  `remark` varchar(500) DEFAULT NULL COMMENT 'å¤‡æ³¨',
  PRIMARY KEY (`user_id`) USING BTREE
) ENGINE=InnoDB AUTO_INCREMENT=111 DEFAULT CHARSET=utf8 ROW_FORMAT=DYNAMIC COMMENT='ç”¨æˆ·ä¿¡æ¯è¡¨';

/*Table structure for table `sys_user_online` */

DROP TABLE IF EXISTS `sys_user_online`;

CREATE TABLE `sys_user_online` (
  `sessionId` varchar(50) NOT NULL DEFAULT '' COMMENT 'ç”¨æˆ·ä¼šè¯id',
  `login_name` varchar(50) DEFAULT '' COMMENT 'ç™»å½•è´¦å·',
  `dept_name` varchar(50) DEFAULT '' COMMENT 'éƒ¨é—¨åç§°',
  `ipaddr` varchar(128) DEFAULT '' COMMENT 'ç™»å½•IPåœ°å€',
  `login_location` varchar(255) DEFAULT '' COMMENT 'ç™»å½•åœ°ç‚¹',
  `browser` varchar(50) DEFAULT '' COMMENT 'æµè§ˆå™¨ç±»å‹',
  `os` varchar(50) DEFAULT '' COMMENT 'æ“ä½œç³»ç»Ÿ',
  `status` varchar(10) DEFAULT '' COMMENT 'åœ¨çº¿çŠ¶æ€on_lineåœ¨çº¿off_lineç¦»çº¿',
  `start_timestamp` datetime DEFAULT NULL COMMENT 'sessionåˆ›å»ºæ—¶é—´',
  `last_access_time` datetime DEFAULT NULL COMMENT 'sessionæœ€åè®¿é—®æ—¶é—´',
  `expire_time` int(5) DEFAULT '0' COMMENT 'è¶…æ—¶æ—¶é—´ï¼Œå•ä½ä¸ºåˆ†é’Ÿ',
  PRIMARY KEY (`sessionId`) USING BTREE
) ENGINE=InnoDB DEFAULT CHARSET=utf8 ROW_FORMAT=DYNAMIC COMMENT='åœ¨çº¿ç”¨æˆ·è®°å½•';

/*Data for the table `sys_user_online` */

/*Table structure for table `sys_user_post` */

DROP TABLE IF EXISTS `sys_user_post`;

CREATE TABLE `sys_user_post` (
  `user_id` bigint(20) NOT NULL COMMENT 'ç”¨æˆ·ID',
  `post_id` bigint(20) NOT NULL COMMENT 'å²—ä½ID',
  PRIMARY KEY (`user_id`,`post_id`) USING BTREE
) ENGINE=InnoDB DEFAULT CHARSET=utf8 ROW_FORMAT=DYNAMIC COMMENT='ç”¨æˆ·ä¸å²—ä½å…³è”è¡¨';

/*Data for the table `sys_user_post` */

insert  into `sys_user_post`(`user_id`,`post_id`) values (1,1),(102,4),(103,1),(104,1),(105,5),(106,6),(107,8),(108,1),(109,5),(110,5);

/*Table structure for table `sys_user_role` */

DROP TABLE IF EXISTS `sys_user_role`;

CREATE TABLE `sys_user_role` (
  `user_id` bigint(20) NOT NULL COMMENT 'ç”¨æˆ·ID',
  `role_id` bigint(20) NOT NULL COMMENT 'è§’è‰²ID',
  PRIMARY KEY (`user_id`,`role_id`) USING BTREE
) ENGINE=InnoDB DEFAULT CHARSET=utf8 ROW_FORMAT=DYNAMIC COMMENT='ç”¨æˆ·å’Œè§’è‰²å…³è”è¡¨';

/*Data for the table `sys_user_role` */

insert  into `sys_user_role`(`user_id`,`role_id`) values (1,1),(102,100),(103,101),(104,2),(105,2),(106,100),(107,101),(108,101),(109,100),(110,2);

/*!40101 SET SQL_MODE=@OLD_SQL_MODE */;
/*!40014 SET UNIQUE_CHECKS=@OLD_UNIQUE_CHECKS */;
/*!40111 SET SQL_NOTES=@OLD_SQL_NOTES */;
